ISO-10303-21;
HEADER;
/* Generated by software containing ST-Developer
 * from STEP Tools, Inc. (www.steptools.com) 
 */

FILE_DESCRIPTION(
/* description */ (''),
/* implementation_level */ '2;1');

FILE_NAME(
/* name */ 'Chassis.step',
/* time_stamp */ '2026-08-20T11:45:50-04:00',
/* author */ (''),
/* organization */ (''),
/* preprocessor_version */ 'ST-DEVELOPER v20.1',
/* originating_system */ 'Autodesk Translation Framework v15.8.0.0',
/* authorisation */ '');

FILE_SCHEMA (('AUTOMOTIVE_DESIGN { 1 0 10303 214 3 1 1 }'));
ENDSEC;

DATA;
#10=MECHANICAL_DESIGN_GEOMETRIC_PRESENTATION_REPRESENTATION('',(#610,#611,
#612,#613,#614,#615,#616,#617,#618,#619,#620,#621,#622,#623,#624,#625,#626,
#627,#628,#629,#630,#631,#632,#633,#634,#635,#636,#637,#638,#639,#640,#641,
#642,#643,#644,#645,#646,#647),#19007);
#11=ITEM_DEFINED_TRANSFORMATION($,$,#12357,#12382);
#12=ITEM_DEFINED_TRANSFORMATION($,$,#11659,#12538);
#13=ITEM_DEFINED_TRANSFORMATION($,$,#11670,#12539);
#14=ITEM_DEFINED_TRANSFORMATION($,$,#11681,#12540);
#15=ITEM_DEFINED_TRANSFORMATION($,$,#11698,#12541);
#16=ITEM_DEFINED_TRANSFORMATION($,$,#11732,#12542);
#17=ITEM_DEFINED_TRANSFORMATION($,$,#11743,#12543);
#18=ITEM_DEFINED_TRANSFORMATION($,$,#11760,#12544);
#19=ITEM_DEFINED_TRANSFORMATION($,$,#11773,#12545);
#20=ITEM_DEFINED_TRANSFORMATION($,$,#11807,#12546);
#21=ITEM_DEFINED_TRANSFORMATION($,$,#11842,#12547);
#22=ITEM_DEFINED_TRANSFORMATION($,$,#11820,#12548);
#23=ITEM_DEFINED_TRANSFORMATION($,$,#11842,#12549);
#24=ITEM_DEFINED_TRANSFORMATION($,$,#11865,#12550);
#25=ITEM_DEFINED_TRANSFORMATION($,$,#11865,#12551);
#26=ITEM_DEFINED_TRANSFORMATION($,$,#11888,#12552);
#27=ITEM_DEFINED_TRANSFORMATION($,$,#11910,#12553);
#28=ITEM_DEFINED_TRANSFORMATION($,$,#11931,#12554);
#29=ITEM_DEFINED_TRANSFORMATION($,$,#11942,#12555);
#30=ITEM_DEFINED_TRANSFORMATION($,$,#11953,#12556);
#31=ITEM_DEFINED_TRANSFORMATION($,$,#11964,#12557);
#32=ITEM_DEFINED_TRANSFORMATION($,$,#11974,#12558);
#33=ITEM_DEFINED_TRANSFORMATION($,$,#11984,#12559);
#34=ITEM_DEFINED_TRANSFORMATION($,$,#11985,#12560);
#35=ITEM_DEFINED_TRANSFORMATION($,$,#11986,#12561);
#36=ITEM_DEFINED_TRANSFORMATION($,$,#12191,#12562);
#37=ITEM_DEFINED_TRANSFORMATION($,$,#12202,#12563);
#38=ITEM_DEFINED_TRANSFORMATION($,$,#12213,#12564);
#39=ITEM_DEFINED_TRANSFORMATION($,$,#12224,#12565);
#40=ITEM_DEFINED_TRANSFORMATION($,$,#12235,#12566);
#41=ITEM_DEFINED_TRANSFORMATION($,$,#12286,#12567);
#42=ITEM_DEFINED_TRANSFORMATION($,$,#12313,#12568);
#43=ITEM_DEFINED_TRANSFORMATION($,$,#12313,#12569);
#44=ITEM_DEFINED_TRANSFORMATION($,$,#12323,#12570);
#45=ITEM_DEFINED_TRANSFORMATION($,$,#12334,#12571);
#46=ITEM_DEFINED_TRANSFORMATION($,$,#12345,#12572);
#47=ITEM_DEFINED_TRANSFORMATION($,$,#12356,#12573);
#48=ITEM_DEFINED_TRANSFORMATION($,$,#12383,#12574);
#49=ITEM_DEFINED_TRANSFORMATION($,$,#12439,#12575);
#50=ITEM_DEFINED_TRANSFORMATION($,$,#12458,#12576);
#51=ITEM_DEFINED_TRANSFORMATION($,$,#12480,#12577);
#52=ITEM_DEFINED_TRANSFORMATION($,$,#12531,#12578);
#53=(
REPRESENTATION_RELATIONSHIP($,$,#19168,#19167)
REPRESENTATION_RELATIONSHIP_WITH_TRANSFORMATION(#11)
SHAPE_REPRESENTATION_RELATIONSHIP()
);
#54=(
REPRESENTATION_RELATIONSHIP($,$,#19135,#19134)
REPRESENTATION_RELATIONSHIP_WITH_TRANSFORMATION(#12)
SHAPE_REPRESENTATION_RELATIONSHIP()
);
#55=(
REPRESENTATION_RELATIONSHIP($,$,#19136,#19134)
REPRESENTATION_RELATIONSHIP_WITH_TRANSFORMATION(#13)
SHAPE_REPRESENTATION_RELATIONSHIP()
);
#56=(
REPRESENTATION_RELATIONSHIP($,$,#19137,#19134)
REPRESENTATION_RELATIONSHIP_WITH_TRANSFORMATION(#14)
SHAPE_REPRESENTATION_RELATIONSHIP()
);
#57=(
REPRESENTATION_RELATIONSHIP($,$,#19138,#19134)
REPRESENTATION_RELATIONSHIP_WITH_TRANSFORMATION(#15)
SHAPE_REPRESENTATION_RELATIONSHIP()
);
#58=(
REPRESENTATION_RELATIONSHIP($,$,#19139,#19134)
REPRESENTATION_RELATIONSHIP_WITH_TRANSFORMATION(#16)
SHAPE_REPRESENTATION_RELATIONSHIP()
);
#59=(
REPRESENTATION_RELATIONSHIP($,$,#19140,#19134)
REPRESENTATION_RELATIONSHIP_WITH_TRANSFORMATION(#17)
SHAPE_REPRESENTATION_RELATIONSHIP()
);
#60=(
REPRESENTATION_RELATIONSHIP($,$,#19141,#19134)
REPRESENTATION_RELATIONSHIP_WITH_TRANSFORMATION(#18)
SHAPE_REPRESENTATION_RELATIONSHIP()
);
#61=(
REPRESENTATION_RELATIONSHIP($,$,#19142,#19134)
REPRESENTATION_RELATIONSHIP_WITH_TRANSFORMATION(#19)
SHAPE_REPRESENTATION_RELATIONSHIP()
);
#62=(
REPRESENTATION_RELATIONSHIP($,$,#19143,#19134)
REPRESENTATION_RELATIONSHIP_WITH_TRANSFORMATION(#20)
SHAPE_REPRESENTATION_RELATIONSHIP()
);
#63=(
REPRESENTATION_RELATIONSHIP($,$,#19145,#19134)
REPRESENTATION_RELATIONSHIP_WITH_TRANSFORMATION(#21)
SHAPE_REPRESENTATION_RELATIONSHIP()
);
#64=(
REPRESENTATION_RELATIONSHIP($,$,#19144,#19134)
REPRESENTATION_RELATIONSHIP_WITH_TRANSFORMATION(#22)
SHAPE_REPRESENTATION_RELATIONSHIP()
);
#65=(
REPRESENTATION_RELATIONSHIP($,$,#19145,#19134)
REPRESENTATION_RELATIONSHIP_WITH_TRANSFORMATION(#23)
SHAPE_REPRESENTATION_RELATIONSHIP()
);
#66=(
REPRESENTATION_RELATIONSHIP($,$,#19146,#19134)
REPRESENTATION_RELATIONSHIP_WITH_TRANSFORMATION(#24)
SHAPE_REPRESENTATION_RELATIONSHIP()
);
#67=(
REPRESENTATION_RELATIONSHIP($,$,#19146,#19134)
REPRESENTATION_RELATIONSHIP_WITH_TRANSFORMATION(#25)
SHAPE_REPRESENTATION_RELATIONSHIP()
);
#68=(
REPRESENTATION_RELATIONSHIP($,$,#19147,#19134)
REPRESENTATION_RELATIONSHIP_WITH_TRANSFORMATION(#26)
SHAPE_REPRESENTATION_RELATIONSHIP()
);
#69=(
REPRESENTATION_RELATIONSHIP($,$,#19148,#19134)
REPRESENTATION_RELATIONSHIP_WITH_TRANSFORMATION(#27)
SHAPE_REPRESENTATION_RELATIONSHIP()
);
#70=(
REPRESENTATION_RELATIONSHIP($,$,#19149,#19134)
REPRESENTATION_RELATIONSHIP_WITH_TRANSFORMATION(#28)
SHAPE_REPRESENTATION_RELATIONSHIP()
);
#71=(
REPRESENTATION_RELATIONSHIP($,$,#19150,#19134)
REPRESENTATION_RELATIONSHIP_WITH_TRANSFORMATION(#29)
SHAPE_REPRESENTATION_RELATIONSHIP()
);
#72=(
REPRESENTATION_RELATIONSHIP($,$,#19151,#19134)
REPRESENTATION_RELATIONSHIP_WITH_TRANSFORMATION(#30)
SHAPE_REPRESENTATION_RELATIONSHIP()
);
#73=(
REPRESENTATION_RELATIONSHIP($,$,#19152,#19134)
REPRESENTATION_RELATIONSHIP_WITH_TRANSFORMATION(#31)
SHAPE_REPRESENTATION_RELATIONSHIP()
);
#74=(
REPRESENTATION_RELATIONSHIP($,$,#19153,#19134)
REPRESENTATION_RELATIONSHIP_WITH_TRANSFORMATION(#32)
SHAPE_REPRESENTATION_RELATIONSHIP()
);
#75=(
REPRESENTATION_RELATIONSHIP($,$,#19154,#19134)
REPRESENTATION_RELATIONSHIP_WITH_TRANSFORMATION(#33)
SHAPE_REPRESENTATION_RELATIONSHIP()
);
#76=(
REPRESENTATION_RELATIONSHIP($,$,#19155,#19134)
REPRESENTATION_RELATIONSHIP_WITH_TRANSFORMATION(#34)
SHAPE_REPRESENTATION_RELATIONSHIP()
);
#77=(
REPRESENTATION_RELATIONSHIP($,$,#19156,#19134)
REPRESENTATION_RELATIONSHIP_WITH_TRANSFORMATION(#35)
SHAPE_REPRESENTATION_RELATIONSHIP()
);
#78=(
REPRESENTATION_RELATIONSHIP($,$,#19157,#19134)
REPRESENTATION_RELATIONSHIP_WITH_TRANSFORMATION(#36)
SHAPE_REPRESENTATION_RELATIONSHIP()
);
#79=(
REPRESENTATION_RELATIONSHIP($,$,#19158,#19134)
REPRESENTATION_RELATIONSHIP_WITH_TRANSFORMATION(#37)
SHAPE_REPRESENTATION_RELATIONSHIP()
);
#80=(
REPRESENTATION_RELATIONSHIP($,$,#19159,#19134)
REPRESENTATION_RELATIONSHIP_WITH_TRANSFORMATION(#38)
SHAPE_REPRESENTATION_RELATIONSHIP()
);
#81=(
REPRESENTATION_RELATIONSHIP($,$,#19160,#19134)
REPRESENTATION_RELATIONSHIP_WITH_TRANSFORMATION(#39)
SHAPE_REPRESENTATION_RELATIONSHIP()
);
#82=(
REPRESENTATION_RELATIONSHIP($,$,#19161,#19134)
REPRESENTATION_RELATIONSHIP_WITH_TRANSFORMATION(#40)
SHAPE_REPRESENTATION_RELATIONSHIP()
);
#83=(
REPRESENTATION_RELATIONSHIP($,$,#19162,#19134)
REPRESENTATION_RELATIONSHIP_WITH_TRANSFORMATION(#41)
SHAPE_REPRESENTATION_RELATIONSHIP()
);
#84=(
REPRESENTATION_RELATIONSHIP($,$,#19163,#19134)
REPRESENTATION_RELATIONSHIP_WITH_TRANSFORMATION(#42)
SHAPE_REPRESENTATION_RELATIONSHIP()
);
#85=(
REPRESENTATION_RELATIONSHIP($,$,#19163,#19134)
REPRESENTATION_RELATIONSHIP_WITH_TRANSFORMATION(#43)
SHAPE_REPRESENTATION_RELATIONSHIP()
);
#86=(
REPRESENTATION_RELATIONSHIP($,$,#19164,#19134)
REPRESENTATION_RELATIONSHIP_WITH_TRANSFORMATION(#44)
SHAPE_REPRESENTATION_RELATIONSHIP()
);
#87=(
REPRESENTATION_RELATIONSHIP($,$,#19165,#19134)
REPRESENTATION_RELATIONSHIP_WITH_TRANSFORMATION(#45)
SHAPE_REPRESENTATION_RELATIONSHIP()
);
#88=(
REPRESENTATION_RELATIONSHIP($,$,#19166,#19134)
REPRESENTATION_RELATIONSHIP_WITH_TRANSFORMATION(#46)
SHAPE_REPRESENTATION_RELATIONSHIP()
);
#89=(
REPRESENTATION_RELATIONSHIP($,$,#19167,#19134)
REPRESENTATION_RELATIONSHIP_WITH_TRANSFORMATION(#47)
SHAPE_REPRESENTATION_RELATIONSHIP()
);
#90=(
REPRESENTATION_RELATIONSHIP($,$,#19169,#19134)
REPRESENTATION_RELATIONSHIP_WITH_TRANSFORMATION(#48)
SHAPE_REPRESENTATION_RELATIONSHIP()
);
#91=(
REPRESENTATION_RELATIONSHIP($,$,#19170,#19134)
REPRESENTATION_RELATIONSHIP_WITH_TRANSFORMATION(#49)
SHAPE_REPRESENTATION_RELATIONSHIP()
);
#92=(
REPRESENTATION_RELATIONSHIP($,$,#19171,#19134)
REPRESENTATION_RELATIONSHIP_WITH_TRANSFORMATION(#50)
SHAPE_REPRESENTATION_RELATIONSHIP()
);
#93=(
REPRESENTATION_RELATIONSHIP($,$,#19172,#19134)
REPRESENTATION_RELATIONSHIP_WITH_TRANSFORMATION(#51)
SHAPE_REPRESENTATION_RELATIONSHIP()
);
#94=(
REPRESENTATION_RELATIONSHIP($,$,#19173,#19134)
REPRESENTATION_RELATIONSHIP_WITH_TRANSFORMATION(#52)
SHAPE_REPRESENTATION_RELATIONSHIP()
);
#95=CONTEXT_DEPENDENT_SHAPE_REPRESENTATION(#53,#19087);
#96=CONTEXT_DEPENDENT_SHAPE_REPRESENTATION(#54,#19093);
#97=CONTEXT_DEPENDENT_SHAPE_REPRESENTATION(#55,#19094);
#98=CONTEXT_DEPENDENT_SHAPE_REPRESENTATION(#56,#19095);
#99=CONTEXT_DEPENDENT_SHAPE_REPRESENTATION(#57,#19096);
#100=CONTEXT_DEPENDENT_SHAPE_REPRESENTATION(#58,#19097);
#101=CONTEXT_DEPENDENT_SHAPE_REPRESENTATION(#59,#19098);
#102=CONTEXT_DEPENDENT_SHAPE_REPRESENTATION(#60,#19099);
#103=CONTEXT_DEPENDENT_SHAPE_REPRESENTATION(#61,#19100);
#104=CONTEXT_DEPENDENT_SHAPE_REPRESENTATION(#62,#19101);
#105=CONTEXT_DEPENDENT_SHAPE_REPRESENTATION(#63,#19102);
#106=CONTEXT_DEPENDENT_SHAPE_REPRESENTATION(#64,#19103);
#107=CONTEXT_DEPENDENT_SHAPE_REPRESENTATION(#65,#19104);
#108=CONTEXT_DEPENDENT_SHAPE_REPRESENTATION(#66,#19105);
#109=CONTEXT_DEPENDENT_SHAPE_REPRESENTATION(#67,#19106);
#110=CONTEXT_DEPENDENT_SHAPE_REPRESENTATION(#68,#19107);
#111=CONTEXT_DEPENDENT_SHAPE_REPRESENTATION(#69,#19108);
#112=CONTEXT_DEPENDENT_SHAPE_REPRESENTATION(#70,#19109);
#113=CONTEXT_DEPENDENT_SHAPE_REPRESENTATION(#71,#19110);
#114=CONTEXT_DEPENDENT_SHAPE_REPRESENTATION(#72,#19111);
#115=CONTEXT_DEPENDENT_SHAPE_REPRESENTATION(#73,#19112);
#116=CONTEXT_DEPENDENT_SHAPE_REPRESENTATION(#74,#19113);
#117=CONTEXT_DEPENDENT_SHAPE_REPRESENTATION(#75,#19114);
#118=CONTEXT_DEPENDENT_SHAPE_REPRESENTATION(#76,#19115);
#119=CONTEXT_DEPENDENT_SHAPE_REPRESENTATION(#77,#19116);
#120=CONTEXT_DEPENDENT_SHAPE_REPRESENTATION(#78,#19117);
#121=CONTEXT_DEPENDENT_SHAPE_REPRESENTATION(#79,#19118);
#122=CONTEXT_DEPENDENT_SHAPE_REPRESENTATION(#80,#19119);
#123=CONTEXT_DEPENDENT_SHAPE_REPRESENTATION(#81,#19120);
#124=CONTEXT_DEPENDENT_SHAPE_REPRESENTATION(#82,#19121);
#125=CONTEXT_DEPENDENT_SHAPE_REPRESENTATION(#83,#19122);
#126=CONTEXT_DEPENDENT_SHAPE_REPRESENTATION(#84,#19123);
#127=CONTEXT_DEPENDENT_SHAPE_REPRESENTATION(#85,#19124);
#128=CONTEXT_DEPENDENT_SHAPE_REPRESENTATION(#86,#19125);
#129=CONTEXT_DEPENDENT_SHAPE_REPRESENTATION(#87,#19126);
#130=CONTEXT_DEPENDENT_SHAPE_REPRESENTATION(#88,#19127);
#131=CONTEXT_DEPENDENT_SHAPE_REPRESENTATION(#89,#19128);
#132=CONTEXT_DEPENDENT_SHAPE_REPRESENTATION(#90,#19129);
#133=CONTEXT_DEPENDENT_SHAPE_REPRESENTATION(#91,#19130);
#134=CONTEXT_DEPENDENT_SHAPE_REPRESENTATION(#92,#19131);
#135=CONTEXT_DEPENDENT_SHAPE_REPRESENTATION(#93,#19132);
#136=CONTEXT_DEPENDENT_SHAPE_REPRESENTATION(#94,#19133);
#137=NEXT_ASSEMBLY_USAGE_OCCURRENCE('Component1:1','Component1:1',
'Component1:1',#19208,#19209,'Component1:1');
#138=NEXT_ASSEMBLY_USAGE_OCCURRENCE('Right Span Bar:1',
'Right Span Bar:1','Right Span Bar:1',#19175,#19176,'Right Span Bar:1');
#139=NEXT_ASSEMBLY_USAGE_OCCURRENCE('Left Span Bar:1','Left Span Bar:1',
'Left Span Bar:1',#19175,#19177,'Left Span Bar:1');
#140=NEXT_ASSEMBLY_USAGE_OCCURRENCE('Left Brace:1','Left Brace:1',
'Left Brace:1',#19175,#19178,'Left Brace:1');
#141=NEXT_ASSEMBLY_USAGE_OCCURRENCE('Right Spindle (1):1',
'Right Spindle (1):1','Right Spindle (1):1',#19175,#19179,
'Right Spindle (1):1');
#142=NEXT_ASSEMBLY_USAGE_OCCURRENCE('Front Bar:1','Front Bar:1',
'Front Bar:1',#19175,#19180,'Front Bar:1');
#143=NEXT_ASSEMBLY_USAGE_OCCURRENCE('Right Brace:1','Right Brace:1',
'Right Brace:1',#19175,#19181,'Right Brace:1');
#144=NEXT_ASSEMBLY_USAGE_OCCURRENCE('Right Screw (1):1',
'Right Screw (1):1','Right Screw (1):1',#19175,#19182,
'Right Screw (1):1');
#145=NEXT_ASSEMBLY_USAGE_OCCURRENCE('Left Spindle:1','Left Spindle:1',
'Left Spindle:1',#19175,#19183,'Left Spindle:1');
#146=NEXT_ASSEMBLY_USAGE_OCCURRENCE('Left Screw:1','Left Screw:1',
'Left Screw:1',#19175,#19184,'Left Screw:1');
#147=NEXT_ASSEMBLY_USAGE_OCCURRENCE('Left Tie Rod Begin:1',
'Left Tie Rod Begin:1','Left Tie Rod Begin:1',#19175,#19186,
'Left Tie Rod Begin:1');
#148=NEXT_ASSEMBLY_USAGE_OCCURRENCE('Left Tie Rod:1','Left Tie Rod:1',
'Left Tie Rod:1',#19175,#19185,'Left Tie Rod:1');
#149=NEXT_ASSEMBLY_USAGE_OCCURRENCE('Left Tie Rod Begin:2',
'Left Tie Rod Begin:2','Left Tie Rod Begin:2',#19175,#19186,
'Left Tie Rod Begin:2');
#150=NEXT_ASSEMBLY_USAGE_OCCURRENCE('Right Tie Rod Begin:1',
'Right Tie Rod Begin:1','Right Tie Rod Begin:1',#19175,#19187,
'Right Tie Rod Begin:1');
#151=NEXT_ASSEMBLY_USAGE_OCCURRENCE('Right Tie Rod Begin:2',
'Right Tie Rod Begin:2','Right Tie Rod Begin:2',#19175,#19187,
'Right Tie Rod Begin:2');
#152=NEXT_ASSEMBLY_USAGE_OCCURRENCE('Right Tie Rod:1','Right Tie Rod:1',
'Right Tie Rod:1',#19175,#19188,'Right Tie Rod:1');
#153=NEXT_ASSEMBLY_USAGE_OCCURRENCE('Steering Rod:1','Steering Rod:1',
'Steering Rod:1',#19175,#19189,'Steering Rod:1');
#154=NEXT_ASSEMBLY_USAGE_OCCURRENCE('Component19:1','Component19:1',
'Component19:1',#19175,#19190,'Component19:1');
#155=NEXT_ASSEMBLY_USAGE_OCCURRENCE('Component22:1','Component22:1',
'Component22:1',#19175,#19191,'Component22:1');
#156=NEXT_ASSEMBLY_USAGE_OCCURRENCE('Component26:1','Component26:1',
'Component26:1',#19175,#19192,'Component26:1');
#157=NEXT_ASSEMBLY_USAGE_OCCURRENCE('Component27:1','Component27:1',
'Component27:1',#19175,#19193,'Component27:1');
#158=NEXT_ASSEMBLY_USAGE_OCCURRENCE('Component27(Mirror):1',
'Component27(Mirror):1','Component27(Mirror):1',#19175,#19194,
'Component27(Mirror):1');
#159=NEXT_ASSEMBLY_USAGE_OCCURRENCE('Component32:1','Component32:1',
'Component32:1',#19175,#19195,'Component32:1');
#160=NEXT_ASSEMBLY_USAGE_OCCURRENCE('Component32(Mirror):1',
'Component32(Mirror):1','Component32(Mirror):1',#19175,#19196,
'Component32(Mirror):1');
#161=NEXT_ASSEMBLY_USAGE_OCCURRENCE('Component31:1','Component31:1',
'Component31:1',#19175,#19197,'Component31:1');
#162=NEXT_ASSEMBLY_USAGE_OCCURRENCE('Component35:1','Component35:1',
'Component35:1',#19175,#19198,'Component35:1');
#163=NEXT_ASSEMBLY_USAGE_OCCURRENCE('Component37:1','Component37:1',
'Component37:1',#19175,#19199,'Component37:1');
#164=NEXT_ASSEMBLY_USAGE_OCCURRENCE('Component38:1','Component38:1',
'Component38:1',#19175,#19200,'Component38:1');
#165=NEXT_ASSEMBLY_USAGE_OCCURRENCE('Component37(Mirror):1',
'Component37(Mirror):1','Component37(Mirror):1',#19175,#19201,
'Component37(Mirror):1');
#166=NEXT_ASSEMBLY_USAGE_OCCURRENCE('Left torque flat mount brake v2:1',
'Left torque flat mount brake v2:1','Left torque flat mount brake v2:1',
#19175,#19202,'Left torque flat mount brake v2:1');
#167=NEXT_ASSEMBLY_USAGE_OCCURRENCE('Right torque flat mount v2:1',
'Right torque flat mount v2:1','Right torque flat mount v2:1',#19175,#19203,
'Right torque flat mount v2:1');
#168=NEXT_ASSEMBLY_USAGE_OCCURRENCE('Component40:2','Component40:2',
'Component40:2',#19175,#19204,'Component40:2');
#169=NEXT_ASSEMBLY_USAGE_OCCURRENCE('Component40:3','Component40:3',
'Component40:3',#19175,#19204,'Component40:3');
#170=NEXT_ASSEMBLY_USAGE_OCCURRENCE('Component42:1','Component42:1',
'Component42:1',#19175,#19205,'Component42:1');
#171=NEXT_ASSEMBLY_USAGE_OCCURRENCE('Component43:1','Component43:1',
'Component43:1',#19175,#19206,'Component43:1');
#172=NEXT_ASSEMBLY_USAGE_OCCURRENCE('Component35(Mirror) (1):1',
'Component35(Mirror) (1):1','Component35(Mirror) (1):1',#19175,#19207,
'Component35(Mirror) (1):1');
#173=NEXT_ASSEMBLY_USAGE_OCCURRENCE('dashboard:1','dashboard:1',
'dashboard:1',#19175,#19208,'dashboard:1');
#174=NEXT_ASSEMBLY_USAGE_OCCURRENCE('brake holder:1','brake holder:1',
'brake holder:1',#19175,#19210,'brake holder:1');
#175=NEXT_ASSEMBLY_USAGE_OCCURRENCE('Lower Battery Holder:1',
'Lower Battery Holder:1','Lower Battery Holder:1',#19175,#19211,
'Lower Battery Holder:1');
#176=NEXT_ASSEMBLY_USAGE_OCCURRENCE('Middle Battery Holder:1',
'Middle Battery Holder:1','Middle Battery Holder:1',#19175,#19212,
'Middle Battery Holder:1');
#177=NEXT_ASSEMBLY_USAGE_OCCURRENCE('Controller Case:1',
'Controller Case:1','Controller Case:1',#19175,#19213,
'Controller Case:1');
#178=NEXT_ASSEMBLY_USAGE_OCCURRENCE('battery model:1','battery model:1',
'battery model:1',#19175,#19214,'battery model:1');
#179=CONICAL_SURFACE('',#12186,65.,0.785398163397448);
#180=TOROIDAL_SURFACE('',#11968,97.,30.);
#181=TOROIDAL_SURFACE('',#11978,97.,30.);
#182=TOROIDAL_SURFACE('',#11987,300.355,20.955);
#183=TOROIDAL_SURFACE('',#12036,300.355,20.955);
#184=(
BOUNDED_SURFACE()
B_SPLINE_SURFACE(1,2,((#16490,#16491,#16492,#16493,#16494,#16495,#16496,
#16497,#16498),(#16499,#16500,#16501,#16502,#16503,#16504,#16505,#16506,
#16507)),.UNSPECIFIED.,.F.,.T.,.F.)
B_SPLINE_SURFACE_WITH_KNOTS((2,2),(3,2,2,2,3),(-5.96104961264248E-7,1.14942470761071),
(-3.14159265358979,-1.5707963267949,0.,1.5707963267949,3.14159265358979),
 .UNSPECIFIED.)
GEOMETRIC_REPRESENTATION_ITEM()
RATIONAL_B_SPLINE_SURFACE(((1.,0.707106781186548,1.,0.707106781186548,1.,
0.707106781186548,1.,0.707106781186548,1.),(1.,0.707106781186548,1.,0.707106781186548,
1.,0.707106781186548,1.,0.707106781186548,1.)))
REPRESENTATION_ITEM('')
SURFACE()
);
#185=B_SPLINE_CURVE_WITH_KNOTS('',3,(#15866,#15867,#15868,#15869,#15870,
#15871,#15872,#15873,#15874,#15875,#15876,#15877,#15878,#15879,#15880,#15881,
#15882,#15883,#15884,#15885,#15886,#15887),.UNSPECIFIED.,.F.,.F.,(4,2,2,
2,2,2,2,2,2,2,4),(2.05645985633697,2.18678578212134,2.50078245803013,2.81477913393891,
3.12877580984769,3.43997474844644,3.75117368704519,4.06237262564394,4.37357156424269,
4.68756824015147,5.00156491606026),.UNSPECIFIED.);
#186=B_SPLINE_CURVE_WITH_KNOTS('',3,(#15889,#15890,#15891,#15892,#15893,
#15894,#15895,#15896,#15897,#15898),.UNSPECIFIED.,.F.,.F.,(4,2,2,2,4),(5.00156491606026,
5.31556159196904,5.62955826787782,5.94075720647657,6.25195614507532),
 .UNSPECIFIED.);
#187=B_SPLINE_CURVE_WITH_KNOTS('',3,(#16148,#16149,#16150,#16151,#16152,
#16153,#16154,#16155,#16156,#16157),.UNSPECIFIED.,.F.,.F.,(4,2,2,2,4),(5.00156491606026,
5.31556159196904,5.62955826787782,5.94075720647657,6.25195614507532),
 .UNSPECIFIED.);
#188=B_SPLINE_CURVE_WITH_KNOTS('',3,(#16158,#16159,#16160,#16161,#16162,
#16163,#16164,#16165,#16166,#16167,#16168,#16169,#16170,#16171,#16172,#16173,
#16174,#16175,#16176,#16177,#16178,#16179),.UNSPECIFIED.,.F.,.F.,(4,2,2,
2,2,2,2,2,2,2,4),(2.05645985633697,2.18678578212134,2.50078245803013,2.81477913393891,
3.12877580984769,3.43997474844644,3.75117368704519,4.06237262564394,4.37357156424269,
4.68756824015147,5.00156491606026),.UNSPECIFIED.);
#189=ELLIPSE('',#11700,25.7390753524668,12.5);
#190=ELLIPSE('',#11702,25.7390753524668,12.5);
#191=ELLIPSE('',#11704,14.2994863069265,12.5);
#192=ELLIPSE('',#11708,14.2994863069265,12.5);
#193=ELLIPSE('',#11710,14.2994863069265,12.5);
#194=ELLIPSE('',#11775,25.7390753524668,12.5);
#195=ELLIPSE('',#11777,25.7390753524668,12.5);
#196=ELLIPSE('',#11779,14.2994863069265,12.5);
#197=ELLIPSE('',#11783,14.2994863069265,12.5);
#198=ELLIPSE('',#11784,14.2994863069265,12.5);
#199=ELLIPSE('',#11917,4.34999999999995,4.33911246023555);
#200=ELLIPSE('',#11918,4.34999999999995,4.33911246023555);
#201=ELLIPSE('',#11919,4.34999999999995,4.33911246023555);
#202=ELLIPSE('',#11920,4.34999999999995,4.33911246023555);
#203=CIRCLE('',#11683,8.50000000000001);
#204=CIRCLE('',#11684,8.50000000000001);
#205=CIRCLE('',#11686,8.50000000000001);
#206=CIRCLE('',#11687,8.50000000000001);
#207=CIRCLE('',#11706,12.5);
#208=CIRCLE('',#11707,12.5);
#209=CIRCLE('',#11709,12.5);
#210=CIRCLE('',#11712,4.34999999999995);
#211=CIRCLE('',#11713,4.34999999999995);
#212=CIRCLE('',#11715,12.5);
#213=CIRCLE('',#11717,12.5);
#214=CIRCLE('',#11721,7.99999999999997);
#215=CIRCLE('',#11722,7.99999999999997);
#216=CIRCLE('',#11725,8.50000000000001);
#217=CIRCLE('',#11726,8.50000000000001);
#218=CIRCLE('',#11745,8.50000000000001);
#219=CIRCLE('',#11746,8.50000000000001);
#220=CIRCLE('',#11748,8.50000000000001);
#221=CIRCLE('',#11749,8.50000000000001);
#222=CIRCLE('',#11762,7.99999999999997);
#223=CIRCLE('',#11763,7.99999999999997);
#224=CIRCLE('',#11781,12.5);
#225=CIRCLE('',#11782,12.5);
#226=CIRCLE('',#11785,12.5);
#227=CIRCLE('',#11787,4.34999999999995);
#228=CIRCLE('',#11788,4.34999999999995);
#229=CIRCLE('',#11790,12.5);
#230=CIRCLE('',#11792,12.5);
#231=CIRCLE('',#11796,7.99999999999997);
#232=CIRCLE('',#11797,7.99999999999997);
#233=CIRCLE('',#11800,8.50000000000001);
#234=CIRCLE('',#11801,8.50000000000001);
#235=CIRCLE('',#11809,7.99999999999997);
#236=CIRCLE('',#11810,7.99999999999997);
#237=CIRCLE('',#11822,4.49999999999996);
#238=CIRCLE('',#11823,4.49999999999996);
#239=CIRCLE('',#11825,5.);
#240=CIRCLE('',#11826,5.);
#241=CIRCLE('',#11829,3.99999999999999);
#242=CIRCLE('',#11832,3.99999999999999);
#243=CIRCLE('',#11834,4.50000000000003);
#244=CIRCLE('',#11835,4.50000000000003);
#245=CIRCLE('',#11837,5.);
#246=CIRCLE('',#11839,5.);
#247=CIRCLE('',#11844,3.99999999999999);
#248=CIRCLE('',#11846,3.99999999999999);
#249=CIRCLE('',#11849,10.);
#250=CIRCLE('',#11850,4.34999999999995);
#251=CIRCLE('',#11852,3.99999999999999);
#252=CIRCLE('',#11854,3.99999999999999);
#253=CIRCLE('',#11855,3.99999999999999);
#254=CIRCLE('',#11857,3.99999999999999);
#255=CIRCLE('',#11860,4.34999999999995);
#256=CIRCLE('',#11862,10.);
#257=CIRCLE('',#11867,3.99999999999999);
#258=CIRCLE('',#11869,3.99999999999999);
#259=CIRCLE('',#11872,10.);
#260=CIRCLE('',#11873,4.34999999999995);
#261=CIRCLE('',#11875,3.99999999999999);
#262=CIRCLE('',#11877,3.99999999999999);
#263=CIRCLE('',#11878,3.99999999999999);
#264=CIRCLE('',#11880,3.99999999999999);
#265=CIRCLE('',#11883,4.34999999999995);
#266=CIRCLE('',#11885,10.);
#267=CIRCLE('',#11890,4.49999999999996);
#268=CIRCLE('',#11891,4.49999999999996);
#269=CIRCLE('',#11893,5.);
#270=CIRCLE('',#11894,5.);
#271=CIRCLE('',#11897,3.99999999999999);
#272=CIRCLE('',#11900,3.99999999999999);
#273=CIRCLE('',#11902,4.50000000000003);
#274=CIRCLE('',#11903,4.50000000000003);
#275=CIRCLE('',#11905,5.);
#276=CIRCLE('',#11907,5.);
#277=CIRCLE('',#11912,7.93750000000003);
#278=CIRCLE('',#11913,5.00001199543476);
#279=CIRCLE('',#11915,7.9375);
#280=CIRCLE('',#11916,7.93750000000003);
#281=CIRCLE('',#11922,7.9375);
#282=CIRCLE('',#11923,7.93750000000003);
#283=CIRCLE('',#11926,5.00001199543476);
#284=CIRCLE('',#11966,97.);
#285=CIRCLE('',#11967,7.9375);
#286=CIRCLE('',#11969,97.);
#287=CIRCLE('',#11970,30.);
#288=CIRCLE('',#11972,7.9375);
#289=CIRCLE('',#11976,97.);
#290=CIRCLE('',#11977,7.9375);
#291=CIRCLE('',#11979,97.);
#292=CIRCLE('',#11980,30.);
#293=CIRCLE('',#11982,7.9375);
#294=CIRCLE('',#11988,300.355);
#295=CIRCLE('',#11989,20.955);
#296=CIRCLE('',#11990,321.31);
#297=CIRCLE('',#11991,321.31);
#298=CIRCLE('',#11993,321.31);
#299=CIRCLE('',#11995,100.);
#300=CIRCLE('',#11996,279.4);
#301=CIRCLE('',#11997,279.4);
#302=CIRCLE('',#11998,100.);
#303=CIRCLE('',#11999,279.4);
#304=CIRCLE('',#12000,100.);
#305=CIRCLE('',#12001,279.4);
#306=CIRCLE('',#12002,100.);
#307=CIRCLE('',#12003,279.4);
#308=CIRCLE('',#12004,100.);
#309=CIRCLE('',#12005,279.4);
#310=CIRCLE('',#12006,100.);
#311=CIRCLE('',#12007,279.4);
#312=CIRCLE('',#12008,100.);
#313=CIRCLE('',#12009,279.4);
#314=CIRCLE('',#12010,100.);
#315=CIRCLE('',#12011,279.4);
#316=CIRCLE('',#12012,100.);
#317=CIRCLE('',#12013,279.4);
#318=CIRCLE('',#12014,100.);
#319=CIRCLE('',#12015,279.4);
#320=CIRCLE('',#12016,100.);
#321=CIRCLE('',#12017,279.4);
#322=CIRCLE('',#12018,100.);
#323=CIRCLE('',#12019,279.4);
#324=CIRCLE('',#12020,100.);
#325=CIRCLE('',#12021,279.4);
#326=CIRCLE('',#12022,100.);
#327=CIRCLE('',#12023,279.4);
#328=CIRCLE('',#12024,100.);
#329=CIRCLE('',#12025,279.4);
#330=CIRCLE('',#12026,100.);
#331=CIRCLE('',#12027,279.4);
#332=CIRCLE('',#12028,100.);
#333=CIRCLE('',#12029,279.4);
#334=CIRCLE('',#12030,100.);
#335=CIRCLE('',#12031,279.4);
#336=CIRCLE('',#12032,100.);
#337=CIRCLE('',#12033,279.4);
#338=CIRCLE('',#12034,100.);
#339=CIRCLE('',#12035,75.);
#340=CIRCLE('',#12037,300.355);
#341=CIRCLE('',#12038,20.955);
#342=CIRCLE('',#12040,100.);
#343=CIRCLE('',#12041,279.4);
#344=CIRCLE('',#12042,100.);
#345=CIRCLE('',#12043,279.4);
#346=CIRCLE('',#12044,100.);
#347=CIRCLE('',#12045,279.4);
#348=CIRCLE('',#12046,100.);
#349=CIRCLE('',#12047,279.4);
#350=CIRCLE('',#12048,100.);
#351=CIRCLE('',#12049,279.4);
#352=CIRCLE('',#12050,100.);
#353=CIRCLE('',#12051,279.4);
#354=CIRCLE('',#12052,100.);
#355=CIRCLE('',#12053,279.4);
#356=CIRCLE('',#12054,100.);
#357=CIRCLE('',#12055,279.4);
#358=CIRCLE('',#12056,100.);
#359=CIRCLE('',#12057,279.4);
#360=CIRCLE('',#12058,100.);
#361=CIRCLE('',#12059,279.4);
#362=CIRCLE('',#12060,100.);
#363=CIRCLE('',#12061,279.4);
#364=CIRCLE('',#12062,279.4);
#365=CIRCLE('',#12063,100.);
#366=CIRCLE('',#12064,99.9999999999999);
#367=CIRCLE('',#12065,279.4);
#368=CIRCLE('',#12066,100.);
#369=CIRCLE('',#12067,279.4);
#370=CIRCLE('',#12068,99.9999999999999);
#371=CIRCLE('',#12069,279.4);
#372=CIRCLE('',#12070,99.9999999999999);
#373=CIRCLE('',#12071,279.4);
#374=CIRCLE('',#12072,100.);
#375=CIRCLE('',#12073,279.4);
#376=CIRCLE('',#12074,100.);
#377=CIRCLE('',#12075,279.4);
#378=CIRCLE('',#12076,100.);
#379=CIRCLE('',#12077,279.400000000001);
#380=CIRCLE('',#12078,100.);
#381=CIRCLE('',#12079,279.4);
#382=CIRCLE('',#12080,50.);
#383=CIRCLE('',#12083,5.99999999999994);
#384=CIRCLE('',#12084,5.99999999999994);
#385=CIRCLE('',#12087,5.99999999999994);
#386=CIRCLE('',#12088,5.99999999999994);
#387=CIRCLE('',#12092,5.99999999999994);
#388=CIRCLE('',#12093,5.99999999999994);
#389=CIRCLE('',#12096,5.99999999999994);
#390=CIRCLE('',#12097,5.99999999999994);
#391=CIRCLE('',#12100,81.24);
#392=CIRCLE('',#12101,50.);
#393=CIRCLE('',#12103,81.24);
#394=CIRCLE('',#12187,55.);
#395=CIRCLE('',#12188,75.);
#396=CIRCLE('',#12237,50.);
#397=CIRCLE('',#12238,50.);
#398=CIRCLE('',#12241,4.);
#399=CIRCLE('',#12242,5.);
#400=CIRCLE('',#12243,5.);
#401=CIRCLE('',#12244,4.);
#402=CIRCLE('',#12245,10.);
#403=CIRCLE('',#12246,10.);
#404=CIRCLE('',#12247,2.09999999999999);
#405=CIRCLE('',#12248,6.3);
#406=CIRCLE('',#12249,6.3);
#407=CIRCLE('',#12250,3.15);
#408=CIRCLE('',#12251,3.15);
#409=CIRCLE('',#12253,5.);
#410=CIRCLE('',#12256,2.09999999999999);
#411=CIRCLE('',#12257,10.);
#412=CIRCLE('',#12258,10.);
#413=CIRCLE('',#12259,4.);
#414=CIRCLE('',#12260,5.);
#415=CIRCLE('',#12261,4.);
#416=CIRCLE('',#12262,3.15);
#417=CIRCLE('',#12263,3.15);
#418=CIRCLE('',#12264,6.3);
#419=CIRCLE('',#12265,6.3);
#420=CIRCLE('',#12288,6.3);
#421=CIRCLE('',#12289,6.3);
#422=CIRCLE('',#12292,6.3);
#423=CIRCLE('',#12293,6.3);
#424=CIRCLE('',#12296,4.);
#425=CIRCLE('',#12297,4.);
#426=CIRCLE('',#12300,4.);
#427=CIRCLE('',#12301,22.7);
#428=CIRCLE('',#12303,4.);
#429=CIRCLE('',#12306,22.7);
#430=CIRCLE('',#12315,7.9375);
#431=CIRCLE('',#12316,7.9375);
#432=CIRCLE('',#12362,19.9999997019768);
#433=CIRCLE('',#12369,19.9999997019768);
#434=CYLINDRICAL_SURFACE('',#11682,8.50000000000001);
#435=CYLINDRICAL_SURFACE('',#11685,8.50000000000001);
#436=CYLINDRICAL_SURFACE('',#11705,12.5);
#437=CYLINDRICAL_SURFACE('',#11711,4.34999999999995);
#438=CYLINDRICAL_SURFACE('',#11716,12.5);
#439=CYLINDRICAL_SURFACE('',#11720,7.99999999999997);
#440=CYLINDRICAL_SURFACE('',#11724,8.50000000000001);
#441=CYLINDRICAL_SURFACE('',#11744,8.50000000000001);
#442=CYLINDRICAL_SURFACE('',#11747,8.50000000000001);
#443=CYLINDRICAL_SURFACE('',#11761,7.99999999999997);
#444=CYLINDRICAL_SURFACE('',#11780,12.5);
#445=CYLINDRICAL_SURFACE('',#11786,4.34999999999995);
#446=CYLINDRICAL_SURFACE('',#11791,12.5);
#447=CYLINDRICAL_SURFACE('',#11795,7.99999999999997);
#448=CYLINDRICAL_SURFACE('',#11799,8.50000000000001);
#449=CYLINDRICAL_SURFACE('',#11808,7.99999999999997);
#450=CYLINDRICAL_SURFACE('',#11821,4.49999999999996);
#451=CYLINDRICAL_SURFACE('',#11824,5.);
#452=CYLINDRICAL_SURFACE('',#11831,3.99999999999999);
#453=CYLINDRICAL_SURFACE('',#11833,4.50000000000003);
#454=CYLINDRICAL_SURFACE('',#11838,5.);
#455=CYLINDRICAL_SURFACE('',#11856,3.99999999999999);
#456=CYLINDRICAL_SURFACE('',#11859,4.34999999999995);
#457=CYLINDRICAL_SURFACE('',#11861,10.);
#458=CYLINDRICAL_SURFACE('',#11879,3.99999999999999);
#459=CYLINDRICAL_SURFACE('',#11882,4.34999999999995);
#460=CYLINDRICAL_SURFACE('',#11884,10.);
#461=CYLINDRICAL_SURFACE('',#11889,4.49999999999996);
#462=CYLINDRICAL_SURFACE('',#11892,5.);
#463=CYLINDRICAL_SURFACE('',#11899,3.99999999999999);
#464=CYLINDRICAL_SURFACE('',#11901,4.50000000000003);
#465=CYLINDRICAL_SURFACE('',#11906,5.);
#466=CYLINDRICAL_SURFACE('',#11924,7.9375);
#467=CYLINDRICAL_SURFACE('',#11929,5.00001199543476);
#468=CYLINDRICAL_SURFACE('',#11930,7.93750000000003);
#469=CYLINDRICAL_SURFACE('',#11973,7.9375);
#470=CYLINDRICAL_SURFACE('',#11983,7.9375);
#471=CYLINDRICAL_SURFACE('',#11992,321.31);
#472=CYLINDRICAL_SURFACE('',#12082,5.99999999999994);
#473=CYLINDRICAL_SURFACE('',#12086,5.99999999999994);
#474=CYLINDRICAL_SURFACE('',#12091,5.99999999999994);
#475=CYLINDRICAL_SURFACE('',#12095,5.99999999999994);
#476=CYLINDRICAL_SURFACE('',#12102,81.24);
#477=CYLINDRICAL_SURFACE('',#12105,50.);
#478=CYLINDRICAL_SURFACE('',#12106,100.);
#479=CYLINDRICAL_SURFACE('',#12109,279.4);
#480=CYLINDRICAL_SURFACE('',#12111,279.4);
#481=CYLINDRICAL_SURFACE('',#12113,279.4);
#482=CYLINDRICAL_SURFACE('',#12115,279.4);
#483=CYLINDRICAL_SURFACE('',#12117,279.4);
#484=CYLINDRICAL_SURFACE('',#12119,279.4);
#485=CYLINDRICAL_SURFACE('',#12121,279.4);
#486=CYLINDRICAL_SURFACE('',#12123,279.4);
#487=CYLINDRICAL_SURFACE('',#12125,279.4);
#488=CYLINDRICAL_SURFACE('',#12127,279.4);
#489=CYLINDRICAL_SURFACE('',#12129,279.4);
#490=CYLINDRICAL_SURFACE('',#12131,279.4);
#491=CYLINDRICAL_SURFACE('',#12133,279.4);
#492=CYLINDRICAL_SURFACE('',#12135,279.4);
#493=CYLINDRICAL_SURFACE('',#12137,279.4);
#494=CYLINDRICAL_SURFACE('',#12139,279.4);
#495=CYLINDRICAL_SURFACE('',#12141,279.4);
#496=CYLINDRICAL_SURFACE('',#12143,279.4);
#497=CYLINDRICAL_SURFACE('',#12145,279.4);
#498=CYLINDRICAL_SURFACE('',#12146,100.);
#499=CYLINDRICAL_SURFACE('',#12148,100.);
#500=CYLINDRICAL_SURFACE('',#12150,100.);
#501=CYLINDRICAL_SURFACE('',#12152,100.);
#502=CYLINDRICAL_SURFACE('',#12154,100.);
#503=CYLINDRICAL_SURFACE('',#12156,100.);
#504=CYLINDRICAL_SURFACE('',#12158,100.);
#505=CYLINDRICAL_SURFACE('',#12160,100.);
#506=CYLINDRICAL_SURFACE('',#12162,100.);
#507=CYLINDRICAL_SURFACE('',#12164,100.);
#508=CYLINDRICAL_SURFACE('',#12166,100.);
#509=CYLINDRICAL_SURFACE('',#12168,100.);
#510=CYLINDRICAL_SURFACE('',#12170,100.);
#511=CYLINDRICAL_SURFACE('',#12172,100.);
#512=CYLINDRICAL_SURFACE('',#12174,100.);
#513=CYLINDRICAL_SURFACE('',#12176,100.);
#514=CYLINDRICAL_SURFACE('',#12178,100.);
#515=CYLINDRICAL_SURFACE('',#12180,100.);
#516=CYLINDRICAL_SURFACE('',#12182,100.);
#517=CYLINDRICAL_SURFACE('',#12185,279.4);
#518=CYLINDRICAL_SURFACE('',#12189,75.);
#519=CYLINDRICAL_SURFACE('',#12236,50.);
#520=CYLINDRICAL_SURFACE('',#12252,5.);
#521=CYLINDRICAL_SURFACE('',#12266,5.);
#522=CYLINDRICAL_SURFACE('',#12268,10.);
#523=CYLINDRICAL_SURFACE('',#12270,10.);
#524=CYLINDRICAL_SURFACE('',#12272,2.09999999999999);
#525=CYLINDRICAL_SURFACE('',#12275,4.);
#526=CYLINDRICAL_SURFACE('',#12276,4.);
#527=CYLINDRICAL_SURFACE('',#12277,6.3);
#528=CYLINDRICAL_SURFACE('',#12279,6.3);
#529=CYLINDRICAL_SURFACE('',#12284,3.15);
#530=CYLINDRICAL_SURFACE('',#12285,3.15);
#531=CYLINDRICAL_SURFACE('',#12287,6.3);
#532=CYLINDRICAL_SURFACE('',#12291,6.3);
#533=CYLINDRICAL_SURFACE('',#12295,4.);
#534=CYLINDRICAL_SURFACE('',#12302,4.);
#535=CYLINDRICAL_SURFACE('',#12307,22.7);
#536=CYLINDRICAL_SURFACE('',#12314,7.9375);
#537=CYLINDRICAL_SURFACE('',#12368,19.9999997019768);
#538=SHAPE_REPRESENTATION_RELATIONSHIP('SRR','None',#19135,#574);
#539=SHAPE_REPRESENTATION_RELATIONSHIP('SRR','None',#19136,#575);
#540=SHAPE_REPRESENTATION_RELATIONSHIP('SRR','None',#19137,#576);
#541=SHAPE_REPRESENTATION_RELATIONSHIP('SRR','None',#19138,#577);
#542=SHAPE_REPRESENTATION_RELATIONSHIP('SRR','None',#19139,#578);
#543=SHAPE_REPRESENTATION_RELATIONSHIP('SRR','None',#19140,#579);
#544=SHAPE_REPRESENTATION_RELATIONSHIP('SRR','None',#19141,#580);
#545=SHAPE_REPRESENTATION_RELATIONSHIP('SRR','None',#19142,#581);
#546=SHAPE_REPRESENTATION_RELATIONSHIP('SRR','None',#19143,#582);
#547=SHAPE_REPRESENTATION_RELATIONSHIP('SRR','None',#19144,#583);
#548=SHAPE_REPRESENTATION_RELATIONSHIP('SRR','None',#19145,#584);
#549=SHAPE_REPRESENTATION_RELATIONSHIP('SRR','None',#19146,#585);
#550=SHAPE_REPRESENTATION_RELATIONSHIP('SRR','None',#19147,#586);
#551=SHAPE_REPRESENTATION_RELATIONSHIP('SRR','None',#19148,#587);
#552=SHAPE_REPRESENTATION_RELATIONSHIP('SRR','None',#19149,#588);
#553=SHAPE_REPRESENTATION_RELATIONSHIP('SRR','None',#19150,#589);
#554=SHAPE_REPRESENTATION_RELATIONSHIP('SRR','None',#19151,#590);
#555=SHAPE_REPRESENTATION_RELATIONSHIP('SRR','None',#19152,#591);
#556=SHAPE_REPRESENTATION_RELATIONSHIP('SRR','None',#19153,#592);
#557=SHAPE_REPRESENTATION_RELATIONSHIP('SRR','None',#19156,#593);
#558=SHAPE_REPRESENTATION_RELATIONSHIP('SRR','None',#19157,#594);
#559=SHAPE_REPRESENTATION_RELATIONSHIP('SRR','None',#19158,#595);
#560=SHAPE_REPRESENTATION_RELATIONSHIP('SRR','None',#19159,#596);
#561=SHAPE_REPRESENTATION_RELATIONSHIP('SRR','None',#19160,#597);
#562=SHAPE_REPRESENTATION_RELATIONSHIP('SRR','None',#19161,#598);
#563=SHAPE_REPRESENTATION_RELATIONSHIP('SRR','None',#19162,#599);
#564=SHAPE_REPRESENTATION_RELATIONSHIP('SRR','None',#19163,#600);
#565=SHAPE_REPRESENTATION_RELATIONSHIP('SRR','None',#19164,#601);
#566=SHAPE_REPRESENTATION_RELATIONSHIP('SRR','None',#19165,#602);
#567=SHAPE_REPRESENTATION_RELATIONSHIP('SRR','None',#19166,#603);
#568=SHAPE_REPRESENTATION_RELATIONSHIP('SRR','None',#19168,#604);
#569=SHAPE_REPRESENTATION_RELATIONSHIP('SRR','None',#19169,#605);
#570=SHAPE_REPRESENTATION_RELATIONSHIP('SRR','None',#19170,#606);
#571=SHAPE_REPRESENTATION_RELATIONSHIP('SRR','None',#19171,#607);
#572=SHAPE_REPRESENTATION_RELATIONSHIP('SRR','None',#19172,#608);
#573=SHAPE_REPRESENTATION_RELATIONSHIP('SRR','None',#19173,#609);
#574=ADVANCED_BREP_SHAPE_REPRESENTATION('',(#648),#18968);
#575=ADVANCED_BREP_SHAPE_REPRESENTATION('',(#649),#18969);
#576=ADVANCED_BREP_SHAPE_REPRESENTATION('',(#650),#18970);
#577=ADVANCED_BREP_SHAPE_REPRESENTATION('',(#651),#18971);
#578=ADVANCED_BREP_SHAPE_REPRESENTATION('',(#652),#18972);
#579=ADVANCED_BREP_SHAPE_REPRESENTATION('',(#653),#18973);
#580=ADVANCED_BREP_SHAPE_REPRESENTATION('',(#654),#18974);
#581=ADVANCED_BREP_SHAPE_REPRESENTATION('',(#655),#18975);
#582=ADVANCED_BREP_SHAPE_REPRESENTATION('',(#656),#18976);
#583=ADVANCED_BREP_SHAPE_REPRESENTATION('',(#657),#18977);
#584=ADVANCED_BREP_SHAPE_REPRESENTATION('',(#658),#18978);
#585=ADVANCED_BREP_SHAPE_REPRESENTATION('',(#659),#18979);
#586=ADVANCED_BREP_SHAPE_REPRESENTATION('',(#660),#18980);
#587=ADVANCED_BREP_SHAPE_REPRESENTATION('',(#661),#18981);
#588=ADVANCED_BREP_SHAPE_REPRESENTATION('',(#662),#18982);
#589=ADVANCED_BREP_SHAPE_REPRESENTATION('',(#663),#18983);
#590=ADVANCED_BREP_SHAPE_REPRESENTATION('',(#664),#18984);
#591=ADVANCED_BREP_SHAPE_REPRESENTATION('',(#665),#18985);
#592=ADVANCED_BREP_SHAPE_REPRESENTATION('',(#666),#18986);
#593=ADVANCED_BREP_SHAPE_REPRESENTATION('',(#667),#18989);
#594=ADVANCED_BREP_SHAPE_REPRESENTATION('',(#668),#18990);
#595=ADVANCED_BREP_SHAPE_REPRESENTATION('',(#669),#18991);
#596=ADVANCED_BREP_SHAPE_REPRESENTATION('',(#670),#18992);
#597=ADVANCED_BREP_SHAPE_REPRESENTATION('',(#671),#18993);
#598=ADVANCED_BREP_SHAPE_REPRESENTATION('',(#672),#18994);
#599=ADVANCED_BREP_SHAPE_REPRESENTATION('',(#673),#18995);
#600=ADVANCED_BREP_SHAPE_REPRESENTATION('',(#674),#18996);
#601=ADVANCED_BREP_SHAPE_REPRESENTATION('',(#675),#18997);
#602=ADVANCED_BREP_SHAPE_REPRESENTATION('',(#676),#18998);
#603=ADVANCED_BREP_SHAPE_REPRESENTATION('',(#677),#18999);
#604=ADVANCED_BREP_SHAPE_REPRESENTATION('',(#678),#19001);
#605=ADVANCED_BREP_SHAPE_REPRESENTATION('',(#679,#680),#19002);
#606=ADVANCED_BREP_SHAPE_REPRESENTATION('',(#681),#19003);
#607=ADVANCED_BREP_SHAPE_REPRESENTATION('',(#682),#19004);
#608=ADVANCED_BREP_SHAPE_REPRESENTATION('',(#683,#684),#19005);
#609=ADVANCED_BREP_SHAPE_REPRESENTATION('',(#685),#19006);
#610=STYLED_ITEM('',(#19338),#648);
#611=STYLED_ITEM('',(#19338),#649);
#612=STYLED_ITEM('',(#19338),#650);
#613=STYLED_ITEM('',(#19338),#651);
#614=STYLED_ITEM('',(#19338),#652);
#615=STYLED_ITEM('',(#19338),#653);
#616=STYLED_ITEM('',(#19338),#654);
#617=STYLED_ITEM('',(#19338),#655);
#618=STYLED_ITEM('',(#19338),#656);
#619=STYLED_ITEM('',(#19338),#657);
#620=STYLED_ITEM('',(#19338),#658);
#621=STYLED_ITEM('',(#19338),#659);
#622=STYLED_ITEM('',(#19338),#660);
#623=STYLED_ITEM('',(#19338),#661);
#624=STYLED_ITEM('',(#19338),#662);
#625=STYLED_ITEM('',(#19338),#663);
#626=STYLED_ITEM('',(#19338),#664);
#627=STYLED_ITEM('',(#19338),#665);
#628=STYLED_ITEM('',(#19338),#666);
#629=STYLED_ITEM('',(#19338),#667);
#630=STYLED_ITEM('',(#19338),#668);
#631=STYLED_ITEM('',(#19338),#669);
#632=STYLED_ITEM('',(#19338),#670);
#633=STYLED_ITEM('',(#19338),#671);
#634=STYLED_ITEM('',(#19338),#672);
#635=STYLED_ITEM('',(#19338),#673);
#636=STYLED_ITEM('',(#19338),#674);
#637=STYLED_ITEM('',(#19338),#675);
#638=STYLED_ITEM('',(#19338),#676);
#639=STYLED_ITEM('',(#19338),#677);
#640=STYLED_ITEM('',(#19338),#678);
#641=STYLED_ITEM('',(#19338),#679);
#642=STYLED_ITEM('',(#19338),#680);
#643=STYLED_ITEM('',(#19338),#681);
#644=STYLED_ITEM('',(#19338),#682);
#645=STYLED_ITEM('',(#19338),#683);
#646=STYLED_ITEM('',(#19338),#684);
#647=STYLED_ITEM('',(#19338),#685);
#648=MANIFOLD_SOLID_BREP('Body1',#11201);
#649=MANIFOLD_SOLID_BREP('Body1',#11202);
#650=MANIFOLD_SOLID_BREP('Body1',#11203);
#651=MANIFOLD_SOLID_BREP('Body1',#11204);
#652=MANIFOLD_SOLID_BREP('Body1',#11205);
#653=MANIFOLD_SOLID_BREP('Body1',#11206);
#654=MANIFOLD_SOLID_BREP('Body1',#11207);
#655=MANIFOLD_SOLID_BREP('Body1',#11208);
#656=MANIFOLD_SOLID_BREP('Body1',#11209);
#657=MANIFOLD_SOLID_BREP('Body1',#11210);
#658=MANIFOLD_SOLID_BREP('Body1',#11211);
#659=MANIFOLD_SOLID_BREP('Body1',#11212);
#660=MANIFOLD_SOLID_BREP('Body1',#11213);
#661=MANIFOLD_SOLID_BREP('Body1',#11214);
#662=MANIFOLD_SOLID_BREP('Body1',#11215);
#663=MANIFOLD_SOLID_BREP('Body1',#11216);
#664=MANIFOLD_SOLID_BREP('Body1',#11217);
#665=MANIFOLD_SOLID_BREP('Body1',#11218);
#666=MANIFOLD_SOLID_BREP('Body1',#11219);
#667=MANIFOLD_SOLID_BREP('Body1',#11220);
#668=MANIFOLD_SOLID_BREP('Body1',#11221);
#669=MANIFOLD_SOLID_BREP('Body1',#11222);
#670=MANIFOLD_SOLID_BREP('Body1',#11223);
#671=MANIFOLD_SOLID_BREP('Body1',#11224);
#672=MANIFOLD_SOLID_BREP('Body2',#11225);
#673=MANIFOLD_SOLID_BREP('Body2',#11226);
#674=MANIFOLD_SOLID_BREP('Body1',#11227);
#675=MANIFOLD_SOLID_BREP('Body1',#11228);
#676=MANIFOLD_SOLID_BREP('Body1',#11229);
#677=MANIFOLD_SOLID_BREP('Body1',#11230);
#678=MANIFOLD_SOLID_BREP('Body1',#11231);
#679=MANIFOLD_SOLID_BREP('Body3',#11232);
#680=MANIFOLD_SOLID_BREP('Body4',#11233);
#681=MANIFOLD_SOLID_BREP('Body1',#11234);
#682=MANIFOLD_SOLID_BREP('Body1',#11235);
#683=MANIFOLD_SOLID_BREP('Body3',#11236);
#684=MANIFOLD_SOLID_BREP('Body5',#11237);
#685=MANIFOLD_SOLID_BREP('Body1',#11238);
#686=FACE_BOUND('',#1402,.T.);
#687=FACE_BOUND('',#1404,.T.);
#688=FACE_BOUND('',#1414,.T.);
#689=FACE_BOUND('',#1416,.T.);
#690=FACE_BOUND('',#1428,.T.);
#691=FACE_BOUND('',#1430,.T.);
#692=FACE_BOUND('',#1433,.T.);
#693=FACE_BOUND('',#1435,.T.);
#694=FACE_BOUND('',#1445,.T.);
#695=FACE_BOUND('',#1448,.T.);
#696=FACE_BOUND('',#1452,.T.);
#697=FACE_BOUND('',#1460,.T.);
#698=FACE_BOUND('',#1462,.T.);
#699=FACE_BOUND('',#1464,.T.);
#700=FACE_BOUND('',#1474,.T.);
#701=FACE_BOUND('',#1478,.T.);
#702=FACE_BOUND('',#1480,.T.);
#703=FACE_BOUND('',#1483,.T.);
#704=FACE_BOUND('',#1485,.T.);
#705=FACE_BOUND('',#1501,.T.);
#706=FACE_BOUND('',#1506,.T.);
#707=FACE_BOUND('',#1509,.T.);
#708=FACE_BOUND('',#1513,.T.);
#709=FACE_BOUND('',#1521,.T.);
#710=FACE_BOUND('',#1523,.T.);
#711=FACE_BOUND('',#1534,.T.);
#712=FACE_BOUND('',#1538,.T.);
#713=FACE_BOUND('',#1540,.T.);
#714=FACE_BOUND('',#1545,.T.);
#715=FACE_BOUND('',#1548,.T.);
#716=FACE_BOUND('',#1554,.T.);
#717=FACE_BOUND('',#1563,.T.);
#718=FACE_BOUND('',#1568,.T.);
#719=FACE_BOUND('',#1577,.T.);
#720=FACE_BOUND('',#1581,.T.);
#721=FACE_BOUND('',#1583,.T.);
#722=FACE_BOUND('',#1588,.T.);
#723=FACE_BOUND('',#1591,.T.);
#724=FACE_BOUND('',#1594,.T.);
#725=FACE_BOUND('',#1596,.T.);
#726=FACE_BOUND('',#1599,.T.);
#727=FACE_BOUND('',#1607,.T.);
#728=FACE_BOUND('',#1609,.T.);
#729=FACE_BOUND('',#1619,.T.);
#730=FACE_BOUND('',#1621,.T.);
#731=FACE_BOUND('',#1631,.T.);
#732=FACE_BOUND('',#1633,.T.);
#733=FACE_BOUND('',#1643,.T.);
#734=FACE_BOUND('',#1646,.T.);
#735=FACE_BOUND('',#1649,.T.);
#736=FACE_BOUND('',#1652,.T.);
#737=FACE_BOUND('',#1657,.T.);
#738=FACE_BOUND('',#1658,.T.);
#739=FACE_BOUND('',#1659,.T.);
#740=FACE_BOUND('',#1660,.T.);
#741=FACE_BOUND('',#1661,.T.);
#742=FACE_BOUND('',#1662,.T.);
#743=FACE_BOUND('',#1663,.T.);
#744=FACE_BOUND('',#1664,.T.);
#745=FACE_BOUND('',#1665,.T.);
#746=FACE_BOUND('',#1666,.T.);
#747=FACE_BOUND('',#1667,.T.);
#748=FACE_BOUND('',#1668,.T.);
#749=FACE_BOUND('',#1669,.T.);
#750=FACE_BOUND('',#1670,.T.);
#751=FACE_BOUND('',#1671,.T.);
#752=FACE_BOUND('',#1672,.T.);
#753=FACE_BOUND('',#1673,.T.);
#754=FACE_BOUND('',#1674,.T.);
#755=FACE_BOUND('',#1675,.T.);
#756=FACE_BOUND('',#1676,.T.);
#757=FACE_BOUND('',#1677,.T.);
#758=FACE_BOUND('',#1680,.T.);
#759=FACE_BOUND('',#1681,.T.);
#760=FACE_BOUND('',#1682,.T.);
#761=FACE_BOUND('',#1683,.T.);
#762=FACE_BOUND('',#1684,.T.);
#763=FACE_BOUND('',#1685,.T.);
#764=FACE_BOUND('',#1686,.T.);
#765=FACE_BOUND('',#1687,.T.);
#766=FACE_BOUND('',#1688,.T.);
#767=FACE_BOUND('',#1689,.T.);
#768=FACE_BOUND('',#1690,.T.);
#769=FACE_BOUND('',#1691,.T.);
#770=FACE_BOUND('',#1692,.T.);
#771=FACE_BOUND('',#1693,.T.);
#772=FACE_BOUND('',#1694,.T.);
#773=FACE_BOUND('',#1695,.T.);
#774=FACE_BOUND('',#1696,.T.);
#775=FACE_BOUND('',#1697,.T.);
#776=FACE_BOUND('',#1698,.T.);
#777=FACE_BOUND('',#1699,.T.);
#778=FACE_BOUND('',#1700,.T.);
#779=FACE_BOUND('',#1712,.T.);
#780=FACE_BOUND('',#1715,.T.);
#781=FACE_BOUND('',#1800,.T.);
#782=FACE_BOUND('',#1802,.T.);
#783=FACE_BOUND('',#1812,.T.);
#784=FACE_BOUND('',#1814,.T.);
#785=FACE_BOUND('',#1824,.T.);
#786=FACE_BOUND('',#1826,.T.);
#787=FACE_BOUND('',#1828,.T.);
#788=FACE_BOUND('',#1838,.T.);
#789=FACE_BOUND('',#1848,.T.);
#790=FACE_BOUND('',#1852,.T.);
#791=FACE_BOUND('',#1853,.T.);
#792=FACE_BOUND('',#1854,.T.);
#793=FACE_BOUND('',#1858,.T.);
#794=FACE_BOUND('',#1859,.T.);
#795=FACE_BOUND('',#1860,.T.);
#796=FACE_BOUND('',#1888,.T.);
#797=FACE_BOUND('',#1892,.T.);
#798=FACE_BOUND('',#1905,.T.);
#799=FACE_BOUND('',#1907,.T.);
#800=FACE_BOUND('',#1914,.T.);
#801=FACE_BOUND('',#1917,.T.);
#802=FACE_BOUND('',#1927,.T.);
#803=FACE_BOUND('',#1930,.T.);
#804=FACE_BOUND('',#1933,.T.);
#805=FACE_BOUND('',#1943,.T.);
#806=FACE_OUTER_BOUND('',#1401,.T.);
#807=FACE_OUTER_BOUND('',#1403,.T.);
#808=FACE_OUTER_BOUND('',#1405,.T.);
#809=FACE_OUTER_BOUND('',#1406,.T.);
#810=FACE_OUTER_BOUND('',#1407,.T.);
#811=FACE_OUTER_BOUND('',#1408,.T.);
#812=FACE_OUTER_BOUND('',#1409,.T.);
#813=FACE_OUTER_BOUND('',#1410,.T.);
#814=FACE_OUTER_BOUND('',#1411,.T.);
#815=FACE_OUTER_BOUND('',#1412,.T.);
#816=FACE_OUTER_BOUND('',#1413,.T.);
#817=FACE_OUTER_BOUND('',#1415,.T.);
#818=FACE_OUTER_BOUND('',#1417,.T.);
#819=FACE_OUTER_BOUND('',#1418,.T.);
#820=FACE_OUTER_BOUND('',#1419,.T.);
#821=FACE_OUTER_BOUND('',#1420,.T.);
#822=FACE_OUTER_BOUND('',#1421,.T.);
#823=FACE_OUTER_BOUND('',#1422,.T.);
#824=FACE_OUTER_BOUND('',#1423,.T.);
#825=FACE_OUTER_BOUND('',#1424,.T.);
#826=FACE_OUTER_BOUND('',#1425,.T.);
#827=FACE_OUTER_BOUND('',#1426,.T.);
#828=FACE_OUTER_BOUND('',#1427,.T.);
#829=FACE_OUTER_BOUND('',#1429,.T.);
#830=FACE_OUTER_BOUND('',#1431,.T.);
#831=FACE_OUTER_BOUND('',#1432,.T.);
#832=FACE_OUTER_BOUND('',#1434,.T.);
#833=FACE_OUTER_BOUND('',#1436,.T.);
#834=FACE_OUTER_BOUND('',#1437,.T.);
#835=FACE_OUTER_BOUND('',#1438,.T.);
#836=FACE_OUTER_BOUND('',#1439,.T.);
#837=FACE_OUTER_BOUND('',#1440,.T.);
#838=FACE_OUTER_BOUND('',#1441,.T.);
#839=FACE_OUTER_BOUND('',#1442,.T.);
#840=FACE_OUTER_BOUND('',#1443,.T.);
#841=FACE_OUTER_BOUND('',#1444,.T.);
#842=FACE_OUTER_BOUND('',#1446,.T.);
#843=FACE_OUTER_BOUND('',#1447,.T.);
#844=FACE_OUTER_BOUND('',#1449,.T.);
#845=FACE_OUTER_BOUND('',#1450,.T.);
#846=FACE_OUTER_BOUND('',#1451,.T.);
#847=FACE_OUTER_BOUND('',#1453,.T.);
#848=FACE_OUTER_BOUND('',#1454,.T.);
#849=FACE_OUTER_BOUND('',#1455,.T.);
#850=FACE_OUTER_BOUND('',#1456,.T.);
#851=FACE_OUTER_BOUND('',#1457,.T.);
#852=FACE_OUTER_BOUND('',#1458,.T.);
#853=FACE_OUTER_BOUND('',#1459,.T.);
#854=FACE_OUTER_BOUND('',#1461,.T.);
#855=FACE_OUTER_BOUND('',#1463,.T.);
#856=FACE_OUTER_BOUND('',#1465,.T.);
#857=FACE_OUTER_BOUND('',#1466,.T.);
#858=FACE_OUTER_BOUND('',#1467,.T.);
#859=FACE_OUTER_BOUND('',#1468,.T.);
#860=FACE_OUTER_BOUND('',#1469,.T.);
#861=FACE_OUTER_BOUND('',#1470,.T.);
#862=FACE_OUTER_BOUND('',#1471,.T.);
#863=FACE_OUTER_BOUND('',#1472,.T.);
#864=FACE_OUTER_BOUND('',#1473,.T.);
#865=FACE_OUTER_BOUND('',#1475,.T.);
#866=FACE_OUTER_BOUND('',#1476,.T.);
#867=FACE_OUTER_BOUND('',#1477,.T.);
#868=FACE_OUTER_BOUND('',#1479,.T.);
#869=FACE_OUTER_BOUND('',#1481,.T.);
#870=FACE_OUTER_BOUND('',#1482,.T.);
#871=FACE_OUTER_BOUND('',#1484,.T.);
#872=FACE_OUTER_BOUND('',#1486,.T.);
#873=FACE_OUTER_BOUND('',#1487,.T.);
#874=FACE_OUTER_BOUND('',#1488,.T.);
#875=FACE_OUTER_BOUND('',#1489,.T.);
#876=FACE_OUTER_BOUND('',#1490,.T.);
#877=FACE_OUTER_BOUND('',#1491,.T.);
#878=FACE_OUTER_BOUND('',#1492,.T.);
#879=FACE_OUTER_BOUND('',#1493,.T.);
#880=FACE_OUTER_BOUND('',#1494,.T.);
#881=FACE_OUTER_BOUND('',#1495,.T.);
#882=FACE_OUTER_BOUND('',#1496,.T.);
#883=FACE_OUTER_BOUND('',#1497,.T.);
#884=FACE_OUTER_BOUND('',#1498,.T.);
#885=FACE_OUTER_BOUND('',#1499,.T.);
#886=FACE_OUTER_BOUND('',#1500,.T.);
#887=FACE_OUTER_BOUND('',#1502,.T.);
#888=FACE_OUTER_BOUND('',#1503,.T.);
#889=FACE_OUTER_BOUND('',#1504,.T.);
#890=FACE_OUTER_BOUND('',#1505,.T.);
#891=FACE_OUTER_BOUND('',#1507,.T.);
#892=FACE_OUTER_BOUND('',#1508,.T.);
#893=FACE_OUTER_BOUND('',#1510,.T.);
#894=FACE_OUTER_BOUND('',#1511,.T.);
#895=FACE_OUTER_BOUND('',#1512,.T.);
#896=FACE_OUTER_BOUND('',#1514,.T.);
#897=FACE_OUTER_BOUND('',#1515,.T.);
#898=FACE_OUTER_BOUND('',#1516,.T.);
#899=FACE_OUTER_BOUND('',#1517,.T.);
#900=FACE_OUTER_BOUND('',#1518,.T.);
#901=FACE_OUTER_BOUND('',#1519,.T.);
#902=FACE_OUTER_BOUND('',#1520,.T.);
#903=FACE_OUTER_BOUND('',#1522,.T.);
#904=FACE_OUTER_BOUND('',#1524,.T.);
#905=FACE_OUTER_BOUND('',#1525,.T.);
#906=FACE_OUTER_BOUND('',#1526,.T.);
#907=FACE_OUTER_BOUND('',#1527,.T.);
#908=FACE_OUTER_BOUND('',#1528,.T.);
#909=FACE_OUTER_BOUND('',#1529,.T.);
#910=FACE_OUTER_BOUND('',#1530,.T.);
#911=FACE_OUTER_BOUND('',#1531,.T.);
#912=FACE_OUTER_BOUND('',#1532,.T.);
#913=FACE_OUTER_BOUND('',#1533,.T.);
#914=FACE_OUTER_BOUND('',#1535,.T.);
#915=FACE_OUTER_BOUND('',#1536,.T.);
#916=FACE_OUTER_BOUND('',#1537,.T.);
#917=FACE_OUTER_BOUND('',#1539,.T.);
#918=FACE_OUTER_BOUND('',#1541,.T.);
#919=FACE_OUTER_BOUND('',#1542,.T.);
#920=FACE_OUTER_BOUND('',#1543,.T.);
#921=FACE_OUTER_BOUND('',#1544,.T.);
#922=FACE_OUTER_BOUND('',#1546,.T.);
#923=FACE_OUTER_BOUND('',#1547,.T.);
#924=FACE_OUTER_BOUND('',#1549,.T.);
#925=FACE_OUTER_BOUND('',#1550,.T.);
#926=FACE_OUTER_BOUND('',#1551,.T.);
#927=FACE_OUTER_BOUND('',#1552,.T.);
#928=FACE_OUTER_BOUND('',#1553,.T.);
#929=FACE_OUTER_BOUND('',#1555,.T.);
#930=FACE_OUTER_BOUND('',#1556,.T.);
#931=FACE_OUTER_BOUND('',#1557,.T.);
#932=FACE_OUTER_BOUND('',#1558,.T.);
#933=FACE_OUTER_BOUND('',#1559,.T.);
#934=FACE_OUTER_BOUND('',#1560,.T.);
#935=FACE_OUTER_BOUND('',#1561,.T.);
#936=FACE_OUTER_BOUND('',#1562,.T.);
#937=FACE_OUTER_BOUND('',#1564,.T.);
#938=FACE_OUTER_BOUND('',#1565,.T.);
#939=FACE_OUTER_BOUND('',#1566,.T.);
#940=FACE_OUTER_BOUND('',#1567,.T.);
#941=FACE_OUTER_BOUND('',#1569,.T.);
#942=FACE_OUTER_BOUND('',#1570,.T.);
#943=FACE_OUTER_BOUND('',#1571,.T.);
#944=FACE_OUTER_BOUND('',#1572,.T.);
#945=FACE_OUTER_BOUND('',#1573,.T.);
#946=FACE_OUTER_BOUND('',#1574,.T.);
#947=FACE_OUTER_BOUND('',#1575,.T.);
#948=FACE_OUTER_BOUND('',#1576,.T.);
#949=FACE_OUTER_BOUND('',#1578,.T.);
#950=FACE_OUTER_BOUND('',#1579,.T.);
#951=FACE_OUTER_BOUND('',#1580,.T.);
#952=FACE_OUTER_BOUND('',#1582,.T.);
#953=FACE_OUTER_BOUND('',#1584,.T.);
#954=FACE_OUTER_BOUND('',#1585,.T.);
#955=FACE_OUTER_BOUND('',#1586,.T.);
#956=FACE_OUTER_BOUND('',#1587,.T.);
#957=FACE_OUTER_BOUND('',#1589,.T.);
#958=FACE_OUTER_BOUND('',#1590,.T.);
#959=FACE_OUTER_BOUND('',#1592,.T.);
#960=FACE_OUTER_BOUND('',#1593,.T.);
#961=FACE_OUTER_BOUND('',#1595,.T.);
#962=FACE_OUTER_BOUND('',#1597,.T.);
#963=FACE_OUTER_BOUND('',#1598,.T.);
#964=FACE_OUTER_BOUND('',#1600,.T.);
#965=FACE_OUTER_BOUND('',#1601,.T.);
#966=FACE_OUTER_BOUND('',#1602,.T.);
#967=FACE_OUTER_BOUND('',#1603,.T.);
#968=FACE_OUTER_BOUND('',#1604,.T.);
#969=FACE_OUTER_BOUND('',#1605,.T.);
#970=FACE_OUTER_BOUND('',#1606,.T.);
#971=FACE_OUTER_BOUND('',#1608,.T.);
#972=FACE_OUTER_BOUND('',#1610,.T.);
#973=FACE_OUTER_BOUND('',#1611,.T.);
#974=FACE_OUTER_BOUND('',#1612,.T.);
#975=FACE_OUTER_BOUND('',#1613,.T.);
#976=FACE_OUTER_BOUND('',#1614,.T.);
#977=FACE_OUTER_BOUND('',#1615,.T.);
#978=FACE_OUTER_BOUND('',#1616,.T.);
#979=FACE_OUTER_BOUND('',#1617,.T.);
#980=FACE_OUTER_BOUND('',#1618,.T.);
#981=FACE_OUTER_BOUND('',#1620,.T.);
#982=FACE_OUTER_BOUND('',#1622,.T.);
#983=FACE_OUTER_BOUND('',#1623,.T.);
#984=FACE_OUTER_BOUND('',#1624,.T.);
#985=FACE_OUTER_BOUND('',#1625,.T.);
#986=FACE_OUTER_BOUND('',#1626,.T.);
#987=FACE_OUTER_BOUND('',#1627,.T.);
#988=FACE_OUTER_BOUND('',#1628,.T.);
#989=FACE_OUTER_BOUND('',#1629,.T.);
#990=FACE_OUTER_BOUND('',#1630,.T.);
#991=FACE_OUTER_BOUND('',#1632,.T.);
#992=FACE_OUTER_BOUND('',#1634,.T.);
#993=FACE_OUTER_BOUND('',#1635,.T.);
#994=FACE_OUTER_BOUND('',#1636,.T.);
#995=FACE_OUTER_BOUND('',#1637,.T.);
#996=FACE_OUTER_BOUND('',#1638,.T.);
#997=FACE_OUTER_BOUND('',#1639,.T.);
#998=FACE_OUTER_BOUND('',#1640,.T.);
#999=FACE_OUTER_BOUND('',#1641,.T.);
#1000=FACE_OUTER_BOUND('',#1642,.T.);
#1001=FACE_OUTER_BOUND('',#1644,.T.);
#1002=FACE_OUTER_BOUND('',#1645,.T.);
#1003=FACE_OUTER_BOUND('',#1647,.T.);
#1004=FACE_OUTER_BOUND('',#1648,.T.);
#1005=FACE_OUTER_BOUND('',#1650,.T.);
#1006=FACE_OUTER_BOUND('',#1651,.T.);
#1007=FACE_OUTER_BOUND('',#1653,.T.);
#1008=FACE_OUTER_BOUND('',#1654,.T.);
#1009=FACE_OUTER_BOUND('',#1655,.T.);
#1010=FACE_OUTER_BOUND('',#1656,.T.);
#1011=FACE_OUTER_BOUND('',#1678,.T.);
#1012=FACE_OUTER_BOUND('',#1679,.T.);
#1013=FACE_OUTER_BOUND('',#1701,.T.);
#1014=FACE_OUTER_BOUND('',#1702,.T.);
#1015=FACE_OUTER_BOUND('',#1703,.T.);
#1016=FACE_OUTER_BOUND('',#1704,.T.);
#1017=FACE_OUTER_BOUND('',#1705,.T.);
#1018=FACE_OUTER_BOUND('',#1706,.T.);
#1019=FACE_OUTER_BOUND('',#1707,.T.);
#1020=FACE_OUTER_BOUND('',#1708,.T.);
#1021=FACE_OUTER_BOUND('',#1709,.T.);
#1022=FACE_OUTER_BOUND('',#1710,.T.);
#1023=FACE_OUTER_BOUND('',#1711,.T.);
#1024=FACE_OUTER_BOUND('',#1713,.T.);
#1025=FACE_OUTER_BOUND('',#1714,.T.);
#1026=FACE_OUTER_BOUND('',#1716,.T.);
#1027=FACE_OUTER_BOUND('',#1717,.T.);
#1028=FACE_OUTER_BOUND('',#1718,.T.);
#1029=FACE_OUTER_BOUND('',#1719,.T.);
#1030=FACE_OUTER_BOUND('',#1720,.T.);
#1031=FACE_OUTER_BOUND('',#1721,.T.);
#1032=FACE_OUTER_BOUND('',#1722,.T.);
#1033=FACE_OUTER_BOUND('',#1723,.T.);
#1034=FACE_OUTER_BOUND('',#1724,.T.);
#1035=FACE_OUTER_BOUND('',#1725,.T.);
#1036=FACE_OUTER_BOUND('',#1726,.T.);
#1037=FACE_OUTER_BOUND('',#1727,.T.);
#1038=FACE_OUTER_BOUND('',#1728,.T.);
#1039=FACE_OUTER_BOUND('',#1729,.T.);
#1040=FACE_OUTER_BOUND('',#1730,.T.);
#1041=FACE_OUTER_BOUND('',#1731,.T.);
#1042=FACE_OUTER_BOUND('',#1732,.T.);
#1043=FACE_OUTER_BOUND('',#1733,.T.);
#1044=FACE_OUTER_BOUND('',#1734,.T.);
#1045=FACE_OUTER_BOUND('',#1735,.T.);
#1046=FACE_OUTER_BOUND('',#1736,.T.);
#1047=FACE_OUTER_BOUND('',#1737,.T.);
#1048=FACE_OUTER_BOUND('',#1738,.T.);
#1049=FACE_OUTER_BOUND('',#1739,.T.);
#1050=FACE_OUTER_BOUND('',#1740,.T.);
#1051=FACE_OUTER_BOUND('',#1741,.T.);
#1052=FACE_OUTER_BOUND('',#1742,.T.);
#1053=FACE_OUTER_BOUND('',#1743,.T.);
#1054=FACE_OUTER_BOUND('',#1744,.T.);
#1055=FACE_OUTER_BOUND('',#1745,.T.);
#1056=FACE_OUTER_BOUND('',#1746,.T.);
#1057=FACE_OUTER_BOUND('',#1747,.T.);
#1058=FACE_OUTER_BOUND('',#1748,.T.);
#1059=FACE_OUTER_BOUND('',#1749,.T.);
#1060=FACE_OUTER_BOUND('',#1750,.T.);
#1061=FACE_OUTER_BOUND('',#1751,.T.);
#1062=FACE_OUTER_BOUND('',#1752,.T.);
#1063=FACE_OUTER_BOUND('',#1753,.T.);
#1064=FACE_OUTER_BOUND('',#1754,.T.);
#1065=FACE_OUTER_BOUND('',#1755,.T.);
#1066=FACE_OUTER_BOUND('',#1756,.T.);
#1067=FACE_OUTER_BOUND('',#1757,.T.);
#1068=FACE_OUTER_BOUND('',#1758,.T.);
#1069=FACE_OUTER_BOUND('',#1759,.T.);
#1070=FACE_OUTER_BOUND('',#1760,.T.);
#1071=FACE_OUTER_BOUND('',#1761,.T.);
#1072=FACE_OUTER_BOUND('',#1762,.T.);
#1073=FACE_OUTER_BOUND('',#1763,.T.);
#1074=FACE_OUTER_BOUND('',#1764,.T.);
#1075=FACE_OUTER_BOUND('',#1765,.T.);
#1076=FACE_OUTER_BOUND('',#1766,.T.);
#1077=FACE_OUTER_BOUND('',#1767,.T.);
#1078=FACE_OUTER_BOUND('',#1768,.T.);
#1079=FACE_OUTER_BOUND('',#1769,.T.);
#1080=FACE_OUTER_BOUND('',#1770,.T.);
#1081=FACE_OUTER_BOUND('',#1771,.T.);
#1082=FACE_OUTER_BOUND('',#1772,.T.);
#1083=FACE_OUTER_BOUND('',#1773,.T.);
#1084=FACE_OUTER_BOUND('',#1774,.T.);
#1085=FACE_OUTER_BOUND('',#1775,.T.);
#1086=FACE_OUTER_BOUND('',#1776,.T.);
#1087=FACE_OUTER_BOUND('',#1777,.T.);
#1088=FACE_OUTER_BOUND('',#1778,.T.);
#1089=FACE_OUTER_BOUND('',#1779,.T.);
#1090=FACE_OUTER_BOUND('',#1780,.T.);
#1091=FACE_OUTER_BOUND('',#1781,.T.);
#1092=FACE_OUTER_BOUND('',#1782,.T.);
#1093=FACE_OUTER_BOUND('',#1783,.T.);
#1094=FACE_OUTER_BOUND('',#1784,.T.);
#1095=FACE_OUTER_BOUND('',#1785,.T.);
#1096=FACE_OUTER_BOUND('',#1786,.T.);
#1097=FACE_OUTER_BOUND('',#1787,.T.);
#1098=FACE_OUTER_BOUND('',#1788,.T.);
#1099=FACE_OUTER_BOUND('',#1789,.T.);
#1100=FACE_OUTER_BOUND('',#1790,.T.);
#1101=FACE_OUTER_BOUND('',#1791,.T.);
#1102=FACE_OUTER_BOUND('',#1792,.T.);
#1103=FACE_OUTER_BOUND('',#1793,.T.);
#1104=FACE_OUTER_BOUND('',#1794,.T.);
#1105=FACE_OUTER_BOUND('',#1795,.T.);
#1106=FACE_OUTER_BOUND('',#1796,.T.);
#1107=FACE_OUTER_BOUND('',#1797,.T.);
#1108=FACE_OUTER_BOUND('',#1798,.T.);
#1109=FACE_OUTER_BOUND('',#1799,.T.);
#1110=FACE_OUTER_BOUND('',#1801,.T.);
#1111=FACE_OUTER_BOUND('',#1803,.T.);
#1112=FACE_OUTER_BOUND('',#1804,.T.);
#1113=FACE_OUTER_BOUND('',#1805,.T.);
#1114=FACE_OUTER_BOUND('',#1806,.T.);
#1115=FACE_OUTER_BOUND('',#1807,.T.);
#1116=FACE_OUTER_BOUND('',#1808,.T.);
#1117=FACE_OUTER_BOUND('',#1809,.T.);
#1118=FACE_OUTER_BOUND('',#1810,.T.);
#1119=FACE_OUTER_BOUND('',#1811,.T.);
#1120=FACE_OUTER_BOUND('',#1813,.T.);
#1121=FACE_OUTER_BOUND('',#1815,.T.);
#1122=FACE_OUTER_BOUND('',#1816,.T.);
#1123=FACE_OUTER_BOUND('',#1817,.T.);
#1124=FACE_OUTER_BOUND('',#1818,.T.);
#1125=FACE_OUTER_BOUND('',#1819,.T.);
#1126=FACE_OUTER_BOUND('',#1820,.T.);
#1127=FACE_OUTER_BOUND('',#1821,.T.);
#1128=FACE_OUTER_BOUND('',#1822,.T.);
#1129=FACE_OUTER_BOUND('',#1823,.T.);
#1130=FACE_OUTER_BOUND('',#1825,.T.);
#1131=FACE_OUTER_BOUND('',#1827,.T.);
#1132=FACE_OUTER_BOUND('',#1829,.T.);
#1133=FACE_OUTER_BOUND('',#1830,.T.);
#1134=FACE_OUTER_BOUND('',#1831,.T.);
#1135=FACE_OUTER_BOUND('',#1832,.T.);
#1136=FACE_OUTER_BOUND('',#1833,.T.);
#1137=FACE_OUTER_BOUND('',#1834,.T.);
#1138=FACE_OUTER_BOUND('',#1835,.T.);
#1139=FACE_OUTER_BOUND('',#1836,.T.);
#1140=FACE_OUTER_BOUND('',#1837,.T.);
#1141=FACE_OUTER_BOUND('',#1839,.T.);
#1142=FACE_OUTER_BOUND('',#1840,.T.);
#1143=FACE_OUTER_BOUND('',#1841,.T.);
#1144=FACE_OUTER_BOUND('',#1842,.T.);
#1145=FACE_OUTER_BOUND('',#1843,.T.);
#1146=FACE_OUTER_BOUND('',#1844,.T.);
#1147=FACE_OUTER_BOUND('',#1845,.T.);
#1148=FACE_OUTER_BOUND('',#1846,.T.);
#1149=FACE_OUTER_BOUND('',#1847,.T.);
#1150=FACE_OUTER_BOUND('',#1849,.T.);
#1151=FACE_OUTER_BOUND('',#1850,.T.);
#1152=FACE_OUTER_BOUND('',#1851,.T.);
#1153=FACE_OUTER_BOUND('',#1855,.T.);
#1154=FACE_OUTER_BOUND('',#1856,.T.);
#1155=FACE_OUTER_BOUND('',#1857,.T.);
#1156=FACE_OUTER_BOUND('',#1861,.T.);
#1157=FACE_OUTER_BOUND('',#1862,.T.);
#1158=FACE_OUTER_BOUND('',#1863,.T.);
#1159=FACE_OUTER_BOUND('',#1864,.T.);
#1160=FACE_OUTER_BOUND('',#1865,.T.);
#1161=FACE_OUTER_BOUND('',#1866,.T.);
#1162=FACE_OUTER_BOUND('',#1867,.T.);
#1163=FACE_OUTER_BOUND('',#1868,.T.);
#1164=FACE_OUTER_BOUND('',#1869,.T.);
#1165=FACE_OUTER_BOUND('',#1870,.T.);
#1166=FACE_OUTER_BOUND('',#1871,.T.);
#1167=FACE_OUTER_BOUND('',#1872,.T.);
#1168=FACE_OUTER_BOUND('',#1873,.T.);
#1169=FACE_OUTER_BOUND('',#1874,.T.);
#1170=FACE_OUTER_BOUND('',#1875,.T.);
#1171=FACE_OUTER_BOUND('',#1876,.T.);
#1172=FACE_OUTER_BOUND('',#1877,.T.);
#1173=FACE_OUTER_BOUND('',#1878,.T.);
#1174=FACE_OUTER_BOUND('',#1879,.T.);
#1175=FACE_OUTER_BOUND('',#1880,.T.);
#1176=FACE_OUTER_BOUND('',#1881,.T.);
#1177=FACE_OUTER_BOUND('',#1882,.T.);
#1178=FACE_OUTER_BOUND('',#1883,.T.);
#1179=FACE_OUTER_BOUND('',#1884,.T.);
#1180=FACE_OUTER_BOUND('',#1885,.T.);
#1181=FACE_OUTER_BOUND('',#1886,.T.);
#1182=FACE_OUTER_BOUND('',#1887,.T.);
#1183=FACE_OUTER_BOUND('',#1889,.T.);
#1184=FACE_OUTER_BOUND('',#1890,.T.);
#1185=FACE_OUTER_BOUND('',#1891,.T.);
#1186=FACE_OUTER_BOUND('',#1893,.T.);
#1187=FACE_OUTER_BOUND('',#1894,.T.);
#1188=FACE_OUTER_BOUND('',#1895,.T.);
#1189=FACE_OUTER_BOUND('',#1896,.T.);
#1190=FACE_OUTER_BOUND('',#1897,.T.);
#1191=FACE_OUTER_BOUND('',#1898,.T.);
#1192=FACE_OUTER_BOUND('',#1899,.T.);
#1193=FACE_OUTER_BOUND('',#1900,.T.);
#1194=FACE_OUTER_BOUND('',#1901,.T.);
#1195=FACE_OUTER_BOUND('',#1902,.T.);
#1196=FACE_OUTER_BOUND('',#1903,.T.);
#1197=FACE_OUTER_BOUND('',#1904,.T.);
#1198=FACE_OUTER_BOUND('',#1906,.T.);
#1199=FACE_OUTER_BOUND('',#1908,.T.);
#1200=FACE_OUTER_BOUND('',#1909,.T.);
#1201=FACE_OUTER_BOUND('',#1910,.T.);
#1202=FACE_OUTER_BOUND('',#1911,.T.);
#1203=FACE_OUTER_BOUND('',#1912,.T.);
#1204=FACE_OUTER_BOUND('',#1913,.T.);
#1205=FACE_OUTER_BOUND('',#1915,.T.);
#1206=FACE_OUTER_BOUND('',#1916,.T.);
#1207=FACE_OUTER_BOUND('',#1918,.T.);
#1208=FACE_OUTER_BOUND('',#1919,.T.);
#1209=FACE_OUTER_BOUND('',#1920,.T.);
#1210=FACE_OUTER_BOUND('',#1921,.T.);
#1211=FACE_OUTER_BOUND('',#1922,.T.);
#1212=FACE_OUTER_BOUND('',#1923,.T.);
#1213=FACE_OUTER_BOUND('',#1924,.T.);
#1214=FACE_OUTER_BOUND('',#1925,.T.);
#1215=FACE_OUTER_BOUND('',#1926,.T.);
#1216=FACE_OUTER_BOUND('',#1928,.T.);
#1217=FACE_OUTER_BOUND('',#1929,.T.);
#1218=FACE_OUTER_BOUND('',#1931,.T.);
#1219=FACE_OUTER_BOUND('',#1932,.T.);
#1220=FACE_OUTER_BOUND('',#1934,.T.);
#1221=FACE_OUTER_BOUND('',#1935,.T.);
#1222=FACE_OUTER_BOUND('',#1936,.T.);
#1223=FACE_OUTER_BOUND('',#1937,.T.);
#1224=FACE_OUTER_BOUND('',#1938,.T.);
#1225=FACE_OUTER_BOUND('',#1939,.T.);
#1226=FACE_OUTER_BOUND('',#1940,.T.);
#1227=FACE_OUTER_BOUND('',#1941,.T.);
#1228=FACE_OUTER_BOUND('',#1942,.T.);
#1229=FACE_OUTER_BOUND('',#1944,.T.);
#1230=FACE_OUTER_BOUND('',#1945,.T.);
#1231=FACE_OUTER_BOUND('',#1946,.T.);
#1232=FACE_OUTER_BOUND('',#1947,.T.);
#1233=FACE_OUTER_BOUND('',#1948,.T.);
#1234=FACE_OUTER_BOUND('',#1949,.T.);
#1235=FACE_OUTER_BOUND('',#1950,.T.);
#1236=FACE_OUTER_BOUND('',#1951,.T.);
#1237=FACE_OUTER_BOUND('',#1952,.T.);
#1238=FACE_OUTER_BOUND('',#1953,.T.);
#1239=FACE_OUTER_BOUND('',#1954,.T.);
#1240=FACE_OUTER_BOUND('',#1955,.T.);
#1241=FACE_OUTER_BOUND('',#1956,.T.);
#1242=FACE_OUTER_BOUND('',#1957,.T.);
#1243=FACE_OUTER_BOUND('',#1958,.T.);
#1244=FACE_OUTER_BOUND('',#1959,.T.);
#1245=FACE_OUTER_BOUND('',#1960,.T.);
#1246=FACE_OUTER_BOUND('',#1961,.T.);
#1247=FACE_OUTER_BOUND('',#1962,.T.);
#1248=FACE_OUTER_BOUND('',#1963,.T.);
#1249=FACE_OUTER_BOUND('',#1964,.T.);
#1250=FACE_OUTER_BOUND('',#1965,.T.);
#1251=FACE_OUTER_BOUND('',#1966,.T.);
#1252=FACE_OUTER_BOUND('',#1967,.T.);
#1253=FACE_OUTER_BOUND('',#1968,.T.);
#1254=FACE_OUTER_BOUND('',#1969,.T.);
#1255=FACE_OUTER_BOUND('',#1970,.T.);
#1256=FACE_OUTER_BOUND('',#1971,.T.);
#1257=FACE_OUTER_BOUND('',#1972,.T.);
#1258=FACE_OUTER_BOUND('',#1973,.T.);
#1259=FACE_OUTER_BOUND('',#1974,.T.);
#1260=FACE_OUTER_BOUND('',#1975,.T.);
#1261=FACE_OUTER_BOUND('',#1976,.T.);
#1262=FACE_OUTER_BOUND('',#1977,.T.);
#1263=FACE_OUTER_BOUND('',#1978,.T.);
#1264=FACE_OUTER_BOUND('',#1979,.T.);
#1265=FACE_OUTER_BOUND('',#1980,.T.);
#1266=FACE_OUTER_BOUND('',#1981,.T.);
#1267=FACE_OUTER_BOUND('',#1982,.T.);
#1268=FACE_OUTER_BOUND('',#1983,.T.);
#1269=FACE_OUTER_BOUND('',#1984,.T.);
#1270=FACE_OUTER_BOUND('',#1985,.T.);
#1271=FACE_OUTER_BOUND('',#1986,.T.);
#1272=FACE_OUTER_BOUND('',#1987,.T.);
#1273=FACE_OUTER_BOUND('',#1988,.T.);
#1274=FACE_OUTER_BOUND('',#1989,.T.);
#1275=FACE_OUTER_BOUND('',#1990,.T.);
#1276=FACE_OUTER_BOUND('',#1991,.T.);
#1277=FACE_OUTER_BOUND('',#1992,.T.);
#1278=FACE_OUTER_BOUND('',#1993,.T.);
#1279=FACE_OUTER_BOUND('',#1994,.T.);
#1280=FACE_OUTER_BOUND('',#1995,.T.);
#1281=FACE_OUTER_BOUND('',#1996,.T.);
#1282=FACE_OUTER_BOUND('',#1997,.T.);
#1283=FACE_OUTER_BOUND('',#1998,.T.);
#1284=FACE_OUTER_BOUND('',#1999,.T.);
#1285=FACE_OUTER_BOUND('',#2000,.T.);
#1286=FACE_OUTER_BOUND('',#2001,.T.);
#1287=FACE_OUTER_BOUND('',#2002,.T.);
#1288=FACE_OUTER_BOUND('',#2003,.T.);
#1289=FACE_OUTER_BOUND('',#2004,.T.);
#1290=FACE_OUTER_BOUND('',#2005,.T.);
#1291=FACE_OUTER_BOUND('',#2006,.T.);
#1292=FACE_OUTER_BOUND('',#2007,.T.);
#1293=FACE_OUTER_BOUND('',#2008,.T.);
#1294=FACE_OUTER_BOUND('',#2009,.T.);
#1295=FACE_OUTER_BOUND('',#2010,.T.);
#1296=FACE_OUTER_BOUND('',#2011,.T.);
#1297=FACE_OUTER_BOUND('',#2012,.T.);
#1298=FACE_OUTER_BOUND('',#2013,.T.);
#1299=FACE_OUTER_BOUND('',#2014,.T.);
#1300=FACE_OUTER_BOUND('',#2015,.T.);
#1301=FACE_OUTER_BOUND('',#2016,.T.);
#1302=FACE_OUTER_BOUND('',#2017,.T.);
#1303=FACE_OUTER_BOUND('',#2018,.T.);
#1304=FACE_OUTER_BOUND('',#2019,.T.);
#1305=FACE_OUTER_BOUND('',#2020,.T.);
#1306=FACE_OUTER_BOUND('',#2021,.T.);
#1307=FACE_OUTER_BOUND('',#2022,.T.);
#1308=FACE_OUTER_BOUND('',#2023,.T.);
#1309=FACE_OUTER_BOUND('',#2024,.T.);
#1310=FACE_OUTER_BOUND('',#2025,.T.);
#1311=FACE_OUTER_BOUND('',#2026,.T.);
#1312=FACE_OUTER_BOUND('',#2027,.T.);
#1313=FACE_OUTER_BOUND('',#2028,.T.);
#1314=FACE_OUTER_BOUND('',#2029,.T.);
#1315=FACE_OUTER_BOUND('',#2030,.T.);
#1316=FACE_OUTER_BOUND('',#2031,.T.);
#1317=FACE_OUTER_BOUND('',#2032,.T.);
#1318=FACE_OUTER_BOUND('',#2033,.T.);
#1319=FACE_OUTER_BOUND('',#2034,.T.);
#1320=FACE_OUTER_BOUND('',#2035,.T.);
#1321=FACE_OUTER_BOUND('',#2036,.T.);
#1322=FACE_OUTER_BOUND('',#2037,.T.);
#1323=FACE_OUTER_BOUND('',#2038,.T.);
#1324=FACE_OUTER_BOUND('',#2039,.T.);
#1325=FACE_OUTER_BOUND('',#2040,.T.);
#1326=FACE_OUTER_BOUND('',#2041,.T.);
#1327=FACE_OUTER_BOUND('',#2042,.T.);
#1328=FACE_OUTER_BOUND('',#2043,.T.);
#1329=FACE_OUTER_BOUND('',#2044,.T.);
#1330=FACE_OUTER_BOUND('',#2045,.T.);
#1331=FACE_OUTER_BOUND('',#2046,.T.);
#1332=FACE_OUTER_BOUND('',#2047,.T.);
#1333=FACE_OUTER_BOUND('',#2048,.T.);
#1334=FACE_OUTER_BOUND('',#2049,.T.);
#1335=FACE_OUTER_BOUND('',#2050,.T.);
#1336=FACE_OUTER_BOUND('',#2051,.T.);
#1337=FACE_OUTER_BOUND('',#2052,.T.);
#1338=FACE_OUTER_BOUND('',#2053,.T.);
#1339=FACE_OUTER_BOUND('',#2054,.T.);
#1340=FACE_OUTER_BOUND('',#2055,.T.);
#1341=FACE_OUTER_BOUND('',#2056,.T.);
#1342=FACE_OUTER_BOUND('',#2057,.T.);
#1343=FACE_OUTER_BOUND('',#2058,.T.);
#1344=FACE_OUTER_BOUND('',#2059,.T.);
#1345=FACE_OUTER_BOUND('',#2060,.T.);
#1346=FACE_OUTER_BOUND('',#2061,.T.);
#1347=FACE_OUTER_BOUND('',#2062,.T.);
#1348=FACE_OUTER_BOUND('',#2063,.T.);
#1349=FACE_OUTER_BOUND('',#2064,.T.);
#1350=FACE_OUTER_BOUND('',#2065,.T.);
#1351=FACE_OUTER_BOUND('',#2066,.T.);
#1352=FACE_OUTER_BOUND('',#2067,.T.);
#1353=FACE_OUTER_BOUND('',#2068,.T.);
#1354=FACE_OUTER_BOUND('',#2069,.T.);
#1355=FACE_OUTER_BOUND('',#2070,.T.);
#1356=FACE_OUTER_BOUND('',#2071,.T.);
#1357=FACE_OUTER_BOUND('',#2072,.T.);
#1358=FACE_OUTER_BOUND('',#2073,.T.);
#1359=FACE_OUTER_BOUND('',#2074,.T.);
#1360=FACE_OUTER_BOUND('',#2075,.T.);
#1361=FACE_OUTER_BOUND('',#2076,.T.);
#1362=FACE_OUTER_BOUND('',#2077,.T.);
#1363=FACE_OUTER_BOUND('',#2078,.T.);
#1364=FACE_OUTER_BOUND('',#2079,.T.);
#1365=FACE_OUTER_BOUND('',#2080,.T.);
#1366=FACE_OUTER_BOUND('',#2081,.T.);
#1367=FACE_OUTER_BOUND('',#2082,.T.);
#1368=FACE_OUTER_BOUND('',#2083,.T.);
#1369=FACE_OUTER_BOUND('',#2084,.T.);
#1370=FACE_OUTER_BOUND('',#2085,.T.);
#1371=FACE_OUTER_BOUND('',#2086,.T.);
#1372=FACE_OUTER_BOUND('',#2087,.T.);
#1373=FACE_OUTER_BOUND('',#2088,.T.);
#1374=FACE_OUTER_BOUND('',#2089,.T.);
#1375=FACE_OUTER_BOUND('',#2090,.T.);
#1376=FACE_OUTER_BOUND('',#2091,.T.);
#1377=FACE_OUTER_BOUND('',#2092,.T.);
#1378=FACE_OUTER_BOUND('',#2093,.T.);
#1379=FACE_OUTER_BOUND('',#2094,.T.);
#1380=FACE_OUTER_BOUND('',#2095,.T.);
#1381=FACE_OUTER_BOUND('',#2096,.T.);
#1382=FACE_OUTER_BOUND('',#2097,.T.);
#1383=FACE_OUTER_BOUND('',#2098,.T.);
#1384=FACE_OUTER_BOUND('',#2099,.T.);
#1385=FACE_OUTER_BOUND('',#2100,.T.);
#1386=FACE_OUTER_BOUND('',#2101,.T.);
#1387=FACE_OUTER_BOUND('',#2102,.T.);
#1388=FACE_OUTER_BOUND('',#2103,.T.);
#1389=FACE_OUTER_BOUND('',#2104,.T.);
#1390=FACE_OUTER_BOUND('',#2105,.T.);
#1391=FACE_OUTER_BOUND('',#2106,.T.);
#1392=FACE_OUTER_BOUND('',#2107,.T.);
#1393=FACE_OUTER_BOUND('',#2108,.T.);
#1394=FACE_OUTER_BOUND('',#2109,.T.);
#1395=FACE_OUTER_BOUND('',#2110,.T.);
#1396=FACE_OUTER_BOUND('',#2111,.T.);
#1397=FACE_OUTER_BOUND('',#2112,.T.);
#1398=FACE_OUTER_BOUND('',#2113,.T.);
#1399=FACE_OUTER_BOUND('',#2114,.T.);
#1400=FACE_OUTER_BOUND('',#2115,.T.);
#1401=EDGE_LOOP('',(#7119,#7120,#7121,#7122));
#1402=EDGE_LOOP('',(#7123,#7124,#7125,#7126));
#1403=EDGE_LOOP('',(#7127,#7128,#7129,#7130));
#1404=EDGE_LOOP('',(#7131,#7132,#7133,#7134));
#1405=EDGE_LOOP('',(#7135,#7136,#7137,#7138));
#1406=EDGE_LOOP('',(#7139,#7140,#7141,#7142));
#1407=EDGE_LOOP('',(#7143,#7144,#7145,#7146));
#1408=EDGE_LOOP('',(#7147,#7148,#7149,#7150));
#1409=EDGE_LOOP('',(#7151,#7152,#7153,#7154));
#1410=EDGE_LOOP('',(#7155,#7156,#7157,#7158));
#1411=EDGE_LOOP('',(#7159,#7160,#7161,#7162));
#1412=EDGE_LOOP('',(#7163,#7164,#7165,#7166));
#1413=EDGE_LOOP('',(#7167,#7168,#7169,#7170));
#1414=EDGE_LOOP('',(#7171,#7172,#7173,#7174));
#1415=EDGE_LOOP('',(#7175,#7176,#7177,#7178));
#1416=EDGE_LOOP('',(#7179,#7180,#7181,#7182));
#1417=EDGE_LOOP('',(#7183,#7184,#7185,#7186));
#1418=EDGE_LOOP('',(#7187,#7188,#7189,#7190));
#1419=EDGE_LOOP('',(#7191,#7192,#7193,#7194));
#1420=EDGE_LOOP('',(#7195,#7196,#7197,#7198));
#1421=EDGE_LOOP('',(#7199,#7200,#7201,#7202));
#1422=EDGE_LOOP('',(#7203,#7204,#7205,#7206));
#1423=EDGE_LOOP('',(#7207,#7208,#7209,#7210));
#1424=EDGE_LOOP('',(#7211,#7212,#7213,#7214));
#1425=EDGE_LOOP('',(#7215,#7216,#7217,#7218));
#1426=EDGE_LOOP('',(#7219,#7220,#7221,#7222));
#1427=EDGE_LOOP('',(#7223,#7224,#7225,#7226));
#1428=EDGE_LOOP('',(#7227));
#1429=EDGE_LOOP('',(#7228,#7229,#7230,#7231));
#1430=EDGE_LOOP('',(#7232));
#1431=EDGE_LOOP('',(#7233,#7234,#7235,#7236));
#1432=EDGE_LOOP('',(#7237,#7238,#7239,#7240));
#1433=EDGE_LOOP('',(#7241));
#1434=EDGE_LOOP('',(#7242,#7243,#7244,#7245));
#1435=EDGE_LOOP('',(#7246));
#1436=EDGE_LOOP('',(#7247,#7248,#7249,#7250));
#1437=EDGE_LOOP('',(#7251,#7252,#7253,#7254,#7255,#7256,#7257,#7258));
#1438=EDGE_LOOP('',(#7259,#7260,#7261,#7262,#7263,#7264,#7265,#7266));
#1439=EDGE_LOOP('',(#7267,#7268,#7269,#7270));
#1440=EDGE_LOOP('',(#7271,#7272,#7273,#7274));
#1441=EDGE_LOOP('',(#7275,#7276,#7277));
#1442=EDGE_LOOP('',(#7278,#7279,#7280));
#1443=EDGE_LOOP('',(#7281,#7282,#7283));
#1444=EDGE_LOOP('',(#7284,#7285,#7286,#7287));
#1445=EDGE_LOOP('',(#7288,#7289,#7290,#7291,#7292,#7293,#7294,#7295,#7296,
#7297));
#1446=EDGE_LOOP('',(#7298,#7299,#7300,#7301));
#1447=EDGE_LOOP('',(#7302,#7303,#7304,#7305,#7306,#7307));
#1448=EDGE_LOOP('',(#7308));
#1449=EDGE_LOOP('',(#7309,#7310,#7311,#7312));
#1450=EDGE_LOOP('',(#7313,#7314,#7315,#7316,#7317,#7318));
#1451=EDGE_LOOP('',(#7319,#7320,#7321,#7322,#7323,#7324));
#1452=EDGE_LOOP('',(#7325));
#1453=EDGE_LOOP('',(#7326,#7327,#7328,#7329,#7330,#7331,#7332));
#1454=EDGE_LOOP('',(#7333));
#1455=EDGE_LOOP('',(#7334,#7335,#7336,#7337));
#1456=EDGE_LOOP('',(#7338,#7339,#7340,#7341,#7342,#7343));
#1457=EDGE_LOOP('',(#7344,#7345,#7346,#7347));
#1458=EDGE_LOOP('',(#7348,#7349,#7350));
#1459=EDGE_LOOP('',(#7351));
#1460=EDGE_LOOP('',(#7352));
#1461=EDGE_LOOP('',(#7353));
#1462=EDGE_LOOP('',(#7354));
#1463=EDGE_LOOP('',(#7355,#7356,#7357,#7358));
#1464=EDGE_LOOP('',(#7359,#7360,#7361,#7362));
#1465=EDGE_LOOP('',(#7363,#7364,#7365,#7366));
#1466=EDGE_LOOP('',(#7367,#7368,#7369,#7370));
#1467=EDGE_LOOP('',(#7371,#7372,#7373,#7374));
#1468=EDGE_LOOP('',(#7375,#7376,#7377,#7378));
#1469=EDGE_LOOP('',(#7379,#7380,#7381,#7382));
#1470=EDGE_LOOP('',(#7383,#7384,#7385,#7386));
#1471=EDGE_LOOP('',(#7387,#7388,#7389,#7390));
#1472=EDGE_LOOP('',(#7391,#7392,#7393,#7394));
#1473=EDGE_LOOP('',(#7395,#7396,#7397,#7398));
#1474=EDGE_LOOP('',(#7399,#7400,#7401,#7402));
#1475=EDGE_LOOP('',(#7403,#7404,#7405,#7406));
#1476=EDGE_LOOP('',(#7407,#7408,#7409,#7410));
#1477=EDGE_LOOP('',(#7411,#7412,#7413,#7414));
#1478=EDGE_LOOP('',(#7415));
#1479=EDGE_LOOP('',(#7416,#7417,#7418,#7419));
#1480=EDGE_LOOP('',(#7420));
#1481=EDGE_LOOP('',(#7421,#7422,#7423,#7424));
#1482=EDGE_LOOP('',(#7425,#7426,#7427,#7428));
#1483=EDGE_LOOP('',(#7429));
#1484=EDGE_LOOP('',(#7430,#7431,#7432,#7433));
#1485=EDGE_LOOP('',(#7434));
#1486=EDGE_LOOP('',(#7435,#7436,#7437,#7438));
#1487=EDGE_LOOP('',(#7439,#7440,#7441,#7442,#7443,#7444,#7445,#7446));
#1488=EDGE_LOOP('',(#7447,#7448,#7449,#7450,#7451,#7452,#7453,#7454));
#1489=EDGE_LOOP('',(#7455,#7456,#7457,#7458));
#1490=EDGE_LOOP('',(#7459,#7460,#7461,#7462));
#1491=EDGE_LOOP('',(#7463,#7464,#7465,#7466));
#1492=EDGE_LOOP('',(#7467));
#1493=EDGE_LOOP('',(#7468,#7469,#7470,#7471));
#1494=EDGE_LOOP('',(#7472,#7473,#7474,#7475));
#1495=EDGE_LOOP('',(#7476,#7477,#7478,#7479));
#1496=EDGE_LOOP('',(#7480,#7481,#7482,#7483));
#1497=EDGE_LOOP('',(#7484,#7485,#7486,#7487));
#1498=EDGE_LOOP('',(#7488,#7489,#7490,#7491));
#1499=EDGE_LOOP('',(#7492,#7493,#7494,#7495,#7496,#7497));
#1500=EDGE_LOOP('',(#7498,#7499,#7500,#7501,#7502,#7503));
#1501=EDGE_LOOP('',(#7504));
#1502=EDGE_LOOP('',(#7505,#7506,#7507));
#1503=EDGE_LOOP('',(#7508,#7509,#7510));
#1504=EDGE_LOOP('',(#7511,#7512,#7513));
#1505=EDGE_LOOP('',(#7514,#7515,#7516,#7517));
#1506=EDGE_LOOP('',(#7518,#7519,#7520,#7521,#7522,#7523,#7524,#7525,#7526,
#7527));
#1507=EDGE_LOOP('',(#7528,#7529,#7530,#7531));
#1508=EDGE_LOOP('',(#7532,#7533,#7534,#7535,#7536,#7537));
#1509=EDGE_LOOP('',(#7538));
#1510=EDGE_LOOP('',(#7539,#7540,#7541,#7542));
#1511=EDGE_LOOP('',(#7543,#7544,#7545,#7546,#7547,#7548));
#1512=EDGE_LOOP('',(#7549,#7550,#7551,#7552,#7553,#7554));
#1513=EDGE_LOOP('',(#7555));
#1514=EDGE_LOOP('',(#7556,#7557,#7558,#7559,#7560,#7561,#7562));
#1515=EDGE_LOOP('',(#7563));
#1516=EDGE_LOOP('',(#7564,#7565,#7566,#7567));
#1517=EDGE_LOOP('',(#7568,#7569,#7570,#7571,#7572,#7573));
#1518=EDGE_LOOP('',(#7574,#7575,#7576,#7577));
#1519=EDGE_LOOP('',(#7578,#7579,#7580));
#1520=EDGE_LOOP('',(#7581));
#1521=EDGE_LOOP('',(#7582));
#1522=EDGE_LOOP('',(#7583));
#1523=EDGE_LOOP('',(#7584));
#1524=EDGE_LOOP('',(#7585,#7586,#7587,#7588));
#1525=EDGE_LOOP('',(#7589));
#1526=EDGE_LOOP('',(#7590,#7591,#7592,#7593));
#1527=EDGE_LOOP('',(#7594,#7595,#7596,#7597));
#1528=EDGE_LOOP('',(#7598,#7599,#7600,#7601));
#1529=EDGE_LOOP('',(#7602,#7603,#7604,#7605));
#1530=EDGE_LOOP('',(#7606,#7607,#7608,#7609));
#1531=EDGE_LOOP('',(#7610,#7611,#7612,#7613));
#1532=EDGE_LOOP('',(#7614,#7615,#7616,#7617,#7618,#7619));
#1533=EDGE_LOOP('',(#7620,#7621,#7622,#7623,#7624,#7625));
#1534=EDGE_LOOP('',(#7626));
#1535=EDGE_LOOP('',(#7627,#7628,#7629,#7630));
#1536=EDGE_LOOP('',(#7631,#7632,#7633,#7634));
#1537=EDGE_LOOP('',(#7635));
#1538=EDGE_LOOP('',(#7636));
#1539=EDGE_LOOP('',(#7637));
#1540=EDGE_LOOP('',(#7638));
#1541=EDGE_LOOP('',(#7639));
#1542=EDGE_LOOP('',(#7640,#7641,#7642,#7643));
#1543=EDGE_LOOP('',(#7644,#7645,#7646,#7647));
#1544=EDGE_LOOP('',(#7648));
#1545=EDGE_LOOP('',(#7649));
#1546=EDGE_LOOP('',(#7650,#7651,#7652,#7653));
#1547=EDGE_LOOP('',(#7654));
#1548=EDGE_LOOP('',(#7655));
#1549=EDGE_LOOP('',(#7656));
#1550=EDGE_LOOP('',(#7657,#7658,#7659,#7660));
#1551=EDGE_LOOP('',(#7661,#7662,#7663,#7664));
#1552=EDGE_LOOP('',(#7665,#7666,#7667,#7668));
#1553=EDGE_LOOP('',(#7669,#7670,#7671,#7672,#7673,#7674,#7675,#7676));
#1554=EDGE_LOOP('',(#7677));
#1555=EDGE_LOOP('',(#7678,#7679));
#1556=EDGE_LOOP('',(#7680,#7681,#7682));
#1557=EDGE_LOOP('',(#7683,#7684,#7685,#7686,#7687,#7688,#7689,#7690,#7691,
#7692,#7693,#7694));
#1558=EDGE_LOOP('',(#7695));
#1559=EDGE_LOOP('',(#7696,#7697,#7698,#7699));
#1560=EDGE_LOOP('',(#7700,#7701,#7702,#7703));
#1561=EDGE_LOOP('',(#7704,#7705,#7706,#7707));
#1562=EDGE_LOOP('',(#7708,#7709,#7710,#7711,#7712,#7713,#7714,#7715));
#1563=EDGE_LOOP('',(#7716));
#1564=EDGE_LOOP('',(#7717,#7718,#7719,#7720));
#1565=EDGE_LOOP('',(#7721,#7722,#7723,#7724));
#1566=EDGE_LOOP('',(#7725,#7726,#7727,#7728));
#1567=EDGE_LOOP('',(#7729,#7730,#7731,#7732,#7733,#7734,#7735,#7736));
#1568=EDGE_LOOP('',(#7737));
#1569=EDGE_LOOP('',(#7738,#7739));
#1570=EDGE_LOOP('',(#7740,#7741,#7742));
#1571=EDGE_LOOP('',(#7743,#7744,#7745,#7746,#7747,#7748,#7749,#7750,#7751,
#7752,#7753,#7754));
#1572=EDGE_LOOP('',(#7755));
#1573=EDGE_LOOP('',(#7756,#7757,#7758,#7759));
#1574=EDGE_LOOP('',(#7760,#7761,#7762,#7763));
#1575=EDGE_LOOP('',(#7764,#7765,#7766,#7767));
#1576=EDGE_LOOP('',(#7768,#7769,#7770,#7771,#7772,#7773,#7774,#7775));
#1577=EDGE_LOOP('',(#7776));
#1578=EDGE_LOOP('',(#7777,#7778,#7779,#7780));
#1579=EDGE_LOOP('',(#7781,#7782,#7783,#7784));
#1580=EDGE_LOOP('',(#7785));
#1581=EDGE_LOOP('',(#7786));
#1582=EDGE_LOOP('',(#7787));
#1583=EDGE_LOOP('',(#7788));
#1584=EDGE_LOOP('',(#7789));
#1585=EDGE_LOOP('',(#7790,#7791,#7792,#7793));
#1586=EDGE_LOOP('',(#7794,#7795,#7796,#7797));
#1587=EDGE_LOOP('',(#7798));
#1588=EDGE_LOOP('',(#7799));
#1589=EDGE_LOOP('',(#7800,#7801,#7802,#7803));
#1590=EDGE_LOOP('',(#7804));
#1591=EDGE_LOOP('',(#7805));
#1592=EDGE_LOOP('',(#7806));
#1593=EDGE_LOOP('',(#7807));
#1594=EDGE_LOOP('',(#7808));
#1595=EDGE_LOOP('',(#7809,#7810,#7811,#7812));
#1596=EDGE_LOOP('',(#7813));
#1597=EDGE_LOOP('',(#7814,#7815,#7816,#7817,#7818,#7819));
#1598=EDGE_LOOP('',(#7820,#7821,#7822,#7823));
#1599=EDGE_LOOP('',(#7824,#7825,#7826));
#1600=EDGE_LOOP('',(#7827,#7828,#7829,#7830));
#1601=EDGE_LOOP('',(#7831));
#1602=EDGE_LOOP('',(#7832,#7833,#7834,#7835));
#1603=EDGE_LOOP('',(#7836,#7837,#7838,#7839));
#1604=EDGE_LOOP('',(#7840,#7841,#7842,#7843));
#1605=EDGE_LOOP('',(#7844,#7845,#7846,#7847,#7848,#7849,#7850));
#1606=EDGE_LOOP('',(#7851,#7852,#7853,#7854));
#1607=EDGE_LOOP('',(#7855,#7856,#7857,#7858));
#1608=EDGE_LOOP('',(#7859,#7860,#7861,#7862));
#1609=EDGE_LOOP('',(#7863,#7864,#7865,#7866));
#1610=EDGE_LOOP('',(#7867,#7868,#7869,#7870));
#1611=EDGE_LOOP('',(#7871,#7872,#7873,#7874));
#1612=EDGE_LOOP('',(#7875,#7876,#7877,#7878));
#1613=EDGE_LOOP('',(#7879,#7880,#7881,#7882));
#1614=EDGE_LOOP('',(#7883,#7884,#7885,#7886));
#1615=EDGE_LOOP('',(#7887,#7888,#7889,#7890));
#1616=EDGE_LOOP('',(#7891,#7892,#7893,#7894));
#1617=EDGE_LOOP('',(#7895,#7896,#7897,#7898));
#1618=EDGE_LOOP('',(#7899,#7900,#7901,#7902));
#1619=EDGE_LOOP('',(#7903,#7904,#7905,#7906));
#1620=EDGE_LOOP('',(#7907,#7908,#7909,#7910));
#1621=EDGE_LOOP('',(#7911,#7912,#7913,#7914));
#1622=EDGE_LOOP('',(#7915,#7916,#7917,#7918));
#1623=EDGE_LOOP('',(#7919,#7920,#7921,#7922));
#1624=EDGE_LOOP('',(#7923,#7924,#7925,#7926));
#1625=EDGE_LOOP('',(#7927,#7928,#7929,#7930));
#1626=EDGE_LOOP('',(#7931,#7932,#7933,#7934));
#1627=EDGE_LOOP('',(#7935,#7936,#7937,#7938));
#1628=EDGE_LOOP('',(#7939,#7940,#7941,#7942));
#1629=EDGE_LOOP('',(#7943,#7944,#7945,#7946));
#1630=EDGE_LOOP('',(#7947,#7948,#7949,#7950));
#1631=EDGE_LOOP('',(#7951,#7952,#7953,#7954));
#1632=EDGE_LOOP('',(#7955,#7956,#7957,#7958));
#1633=EDGE_LOOP('',(#7959,#7960,#7961,#7962));
#1634=EDGE_LOOP('',(#7963,#7964,#7965,#7966));
#1635=EDGE_LOOP('',(#7967,#7968,#7969,#7970));
#1636=EDGE_LOOP('',(#7971,#7972,#7973,#7974));
#1637=EDGE_LOOP('',(#7975,#7976,#7977,#7978));
#1638=EDGE_LOOP('',(#7979,#7980,#7981,#7982));
#1639=EDGE_LOOP('',(#7983,#7984,#7985,#7986));
#1640=EDGE_LOOP('',(#7987,#7988,#7989,#7990));
#1641=EDGE_LOOP('',(#7991,#7992,#7993,#7994));
#1642=EDGE_LOOP('',(#7995));
#1643=EDGE_LOOP('',(#7996));
#1644=EDGE_LOOP('',(#7997,#7998,#7999,#8000));
#1645=EDGE_LOOP('',(#8001));
#1646=EDGE_LOOP('',(#8002));
#1647=EDGE_LOOP('',(#8003,#8004,#8005,#8006));
#1648=EDGE_LOOP('',(#8007));
#1649=EDGE_LOOP('',(#8008));
#1650=EDGE_LOOP('',(#8009,#8010,#8011,#8012));
#1651=EDGE_LOOP('',(#8013));
#1652=EDGE_LOOP('',(#8014));
#1653=EDGE_LOOP('',(#8015,#8016,#8017,#8018));
#1654=EDGE_LOOP('',(#8019,#8020,#8021,#8022,#8023));
#1655=EDGE_LOOP('',(#8024,#8025,#8026,#8027,#8028));
#1656=EDGE_LOOP('',(#8029));
#1657=EDGE_LOOP('',(#8030,#8031,#8032,#8033));
#1658=EDGE_LOOP('',(#8034,#8035,#8036,#8037));
#1659=EDGE_LOOP('',(#8038,#8039,#8040,#8041));
#1660=EDGE_LOOP('',(#8042,#8043,#8044,#8045));
#1661=EDGE_LOOP('',(#8046,#8047,#8048,#8049));
#1662=EDGE_LOOP('',(#8050,#8051,#8052,#8053));
#1663=EDGE_LOOP('',(#8054,#8055,#8056,#8057));
#1664=EDGE_LOOP('',(#8058,#8059,#8060,#8061));
#1665=EDGE_LOOP('',(#8062,#8063,#8064,#8065));
#1666=EDGE_LOOP('',(#8066,#8067,#8068,#8069));
#1667=EDGE_LOOP('',(#8070,#8071,#8072,#8073));
#1668=EDGE_LOOP('',(#8074,#8075,#8076,#8077));
#1669=EDGE_LOOP('',(#8078,#8079,#8080,#8081));
#1670=EDGE_LOOP('',(#8082,#8083,#8084,#8085));
#1671=EDGE_LOOP('',(#8086,#8087,#8088,#8089));
#1672=EDGE_LOOP('',(#8090,#8091,#8092,#8093));
#1673=EDGE_LOOP('',(#8094,#8095,#8096,#8097));
#1674=EDGE_LOOP('',(#8098,#8099,#8100,#8101));
#1675=EDGE_LOOP('',(#8102,#8103,#8104,#8105));
#1676=EDGE_LOOP('',(#8106,#8107,#8108,#8109));
#1677=EDGE_LOOP('',(#8110));
#1678=EDGE_LOOP('',(#8111,#8112,#8113,#8114));
#1679=EDGE_LOOP('',(#8115));
#1680=EDGE_LOOP('',(#8116,#8117,#8118,#8119));
#1681=EDGE_LOOP('',(#8120,#8121,#8122,#8123));
#1682=EDGE_LOOP('',(#8124,#8125,#8126,#8127));
#1683=EDGE_LOOP('',(#8128,#8129,#8130,#8131));
#1684=EDGE_LOOP('',(#8132,#8133,#8134,#8135));
#1685=EDGE_LOOP('',(#8136,#8137,#8138,#8139));
#1686=EDGE_LOOP('',(#8140,#8141,#8142,#8143));
#1687=EDGE_LOOP('',(#8144,#8145,#8146,#8147));
#1688=EDGE_LOOP('',(#8148,#8149,#8150,#8151));
#1689=EDGE_LOOP('',(#8152,#8153,#8154,#8155));
#1690=EDGE_LOOP('',(#8156,#8157,#8158,#8159));
#1691=EDGE_LOOP('',(#8160,#8161,#8162,#8163));
#1692=EDGE_LOOP('',(#8164,#8165,#8166,#8167));
#1693=EDGE_LOOP('',(#8168,#8169,#8170,#8171));
#1694=EDGE_LOOP('',(#8172,#8173,#8174,#8175));
#1695=EDGE_LOOP('',(#8176,#8177,#8178,#8179));
#1696=EDGE_LOOP('',(#8180,#8181,#8182,#8183));
#1697=EDGE_LOOP('',(#8184,#8185,#8186,#8187));
#1698=EDGE_LOOP('',(#8188,#8189,#8190,#8191));
#1699=EDGE_LOOP('',(#8192,#8193,#8194,#8195));
#1700=EDGE_LOOP('',(#8196));
#1701=EDGE_LOOP('',(#8197,#8198,#8199,#8200));
#1702=EDGE_LOOP('',(#8201,#8202,#8203,#8204));
#1703=EDGE_LOOP('',(#8205,#8206,#8207,#8208));
#1704=EDGE_LOOP('',(#8209,#8210,#8211,#8212));
#1705=EDGE_LOOP('',(#8213,#8214,#8215,#8216));
#1706=EDGE_LOOP('',(#8217,#8218,#8219,#8220));
#1707=EDGE_LOOP('',(#8221,#8222,#8223,#8224));
#1708=EDGE_LOOP('',(#8225,#8226,#8227,#8228));
#1709=EDGE_LOOP('',(#8229,#8230,#8231,#8232));
#1710=EDGE_LOOP('',(#8233,#8234,#8235,#8236));
#1711=EDGE_LOOP('',(#8237));
#1712=EDGE_LOOP('',(#8238));
#1713=EDGE_LOOP('',(#8239,#8240,#8241,#8242));
#1714=EDGE_LOOP('',(#8243));
#1715=EDGE_LOOP('',(#8244,#8245,#8246,#8247));
#1716=EDGE_LOOP('',(#8248,#8249,#8250,#8251));
#1717=EDGE_LOOP('',(#8252,#8253,#8254,#8255));
#1718=EDGE_LOOP('',(#8256,#8257,#8258,#8259));
#1719=EDGE_LOOP('',(#8260,#8261,#8262,#8263));
#1720=EDGE_LOOP('',(#8264,#8265,#8266,#8267));
#1721=EDGE_LOOP('',(#8268,#8269,#8270,#8271));
#1722=EDGE_LOOP('',(#8272,#8273,#8274,#8275));
#1723=EDGE_LOOP('',(#8276,#8277,#8278,#8279));
#1724=EDGE_LOOP('',(#8280,#8281,#8282,#8283));
#1725=EDGE_LOOP('',(#8284,#8285,#8286,#8287));
#1726=EDGE_LOOP('',(#8288,#8289,#8290,#8291));
#1727=EDGE_LOOP('',(#8292,#8293,#8294,#8295));
#1728=EDGE_LOOP('',(#8296,#8297,#8298,#8299));
#1729=EDGE_LOOP('',(#8300,#8301,#8302,#8303));
#1730=EDGE_LOOP('',(#8304,#8305,#8306,#8307));
#1731=EDGE_LOOP('',(#8308,#8309,#8310,#8311));
#1732=EDGE_LOOP('',(#8312,#8313,#8314,#8315));
#1733=EDGE_LOOP('',(#8316,#8317,#8318,#8319));
#1734=EDGE_LOOP('',(#8320,#8321,#8322,#8323));
#1735=EDGE_LOOP('',(#8324,#8325,#8326,#8327));
#1736=EDGE_LOOP('',(#8328,#8329,#8330,#8331));
#1737=EDGE_LOOP('',(#8332,#8333,#8334,#8335));
#1738=EDGE_LOOP('',(#8336,#8337,#8338,#8339));
#1739=EDGE_LOOP('',(#8340,#8341,#8342,#8343));
#1740=EDGE_LOOP('',(#8344,#8345,#8346,#8347));
#1741=EDGE_LOOP('',(#8348,#8349,#8350,#8351));
#1742=EDGE_LOOP('',(#8352,#8353,#8354,#8355));
#1743=EDGE_LOOP('',(#8356,#8357,#8358,#8359));
#1744=EDGE_LOOP('',(#8360,#8361,#8362,#8363));
#1745=EDGE_LOOP('',(#8364,#8365,#8366,#8367));
#1746=EDGE_LOOP('',(#8368,#8369,#8370,#8371));
#1747=EDGE_LOOP('',(#8372,#8373,#8374,#8375));
#1748=EDGE_LOOP('',(#8376,#8377,#8378,#8379));
#1749=EDGE_LOOP('',(#8380,#8381,#8382,#8383));
#1750=EDGE_LOOP('',(#8384,#8385,#8386,#8387));
#1751=EDGE_LOOP('',(#8388,#8389,#8390,#8391));
#1752=EDGE_LOOP('',(#8392,#8393,#8394,#8395));
#1753=EDGE_LOOP('',(#8396,#8397,#8398,#8399));
#1754=EDGE_LOOP('',(#8400,#8401,#8402,#8403));
#1755=EDGE_LOOP('',(#8404,#8405,#8406,#8407));
#1756=EDGE_LOOP('',(#8408,#8409,#8410,#8411));
#1757=EDGE_LOOP('',(#8412,#8413,#8414,#8415));
#1758=EDGE_LOOP('',(#8416,#8417,#8418,#8419));
#1759=EDGE_LOOP('',(#8420,#8421,#8422,#8423));
#1760=EDGE_LOOP('',(#8424,#8425,#8426,#8427));
#1761=EDGE_LOOP('',(#8428,#8429,#8430,#8431));
#1762=EDGE_LOOP('',(#8432,#8433,#8434,#8435));
#1763=EDGE_LOOP('',(#8436,#8437,#8438,#8439));
#1764=EDGE_LOOP('',(#8440,#8441,#8442,#8443));
#1765=EDGE_LOOP('',(#8444,#8445,#8446,#8447));
#1766=EDGE_LOOP('',(#8448,#8449,#8450,#8451));
#1767=EDGE_LOOP('',(#8452,#8453,#8454,#8455));
#1768=EDGE_LOOP('',(#8456,#8457,#8458,#8459));
#1769=EDGE_LOOP('',(#8460,#8461,#8462,#8463));
#1770=EDGE_LOOP('',(#8464,#8465,#8466,#8467));
#1771=EDGE_LOOP('',(#8468,#8469,#8470,#8471));
#1772=EDGE_LOOP('',(#8472,#8473,#8474,#8475));
#1773=EDGE_LOOP('',(#8476,#8477,#8478,#8479));
#1774=EDGE_LOOP('',(#8480,#8481,#8482,#8483));
#1775=EDGE_LOOP('',(#8484,#8485,#8486,#8487));
#1776=EDGE_LOOP('',(#8488,#8489,#8490,#8491));
#1777=EDGE_LOOP('',(#8492,#8493,#8494,#8495));
#1778=EDGE_LOOP('',(#8496,#8497,#8498,#8499));
#1779=EDGE_LOOP('',(#8500,#8501,#8502,#8503));
#1780=EDGE_LOOP('',(#8504,#8505,#8506,#8507));
#1781=EDGE_LOOP('',(#8508,#8509,#8510,#8511));
#1782=EDGE_LOOP('',(#8512,#8513,#8514,#8515));
#1783=EDGE_LOOP('',(#8516,#8517,#8518,#8519));
#1784=EDGE_LOOP('',(#8520,#8521,#8522,#8523));
#1785=EDGE_LOOP('',(#8524,#8525,#8526,#8527));
#1786=EDGE_LOOP('',(#8528,#8529,#8530,#8531));
#1787=EDGE_LOOP('',(#8532,#8533,#8534,#8535));
#1788=EDGE_LOOP('',(#8536,#8537,#8538,#8539));
#1789=EDGE_LOOP('',(#8540,#8541,#8542,#8543));
#1790=EDGE_LOOP('',(#8544,#8545,#8546,#8547));
#1791=EDGE_LOOP('',(#8548,#8549,#8550,#8551));
#1792=EDGE_LOOP('',(#8552,#8553,#8554,#8555));
#1793=EDGE_LOOP('',(#8556,#8557,#8558,#8559));
#1794=EDGE_LOOP('',(#8560,#8561,#8562,#8563));
#1795=EDGE_LOOP('',(#8564,#8565,#8566,#8567));
#1796=EDGE_LOOP('',(#8568,#8569,#8570,#8571));
#1797=EDGE_LOOP('',(#8572,#8573,#8574,#8575));
#1798=EDGE_LOOP('',(#8576,#8577,#8578,#8579));
#1799=EDGE_LOOP('',(#8580));
#1800=EDGE_LOOP('',(#8581,#8582,#8583,#8584));
#1801=EDGE_LOOP('',(#8585,#8586,#8587,#8588));
#1802=EDGE_LOOP('',(#8589,#8590,#8591,#8592));
#1803=EDGE_LOOP('',(#8593,#8594,#8595,#8596));
#1804=EDGE_LOOP('',(#8597,#8598,#8599,#8600));
#1805=EDGE_LOOP('',(#8601,#8602,#8603,#8604));
#1806=EDGE_LOOP('',(#8605,#8606,#8607,#8608));
#1807=EDGE_LOOP('',(#8609,#8610,#8611,#8612));
#1808=EDGE_LOOP('',(#8613,#8614,#8615,#8616));
#1809=EDGE_LOOP('',(#8617,#8618,#8619,#8620));
#1810=EDGE_LOOP('',(#8621,#8622,#8623,#8624));
#1811=EDGE_LOOP('',(#8625,#8626,#8627,#8628));
#1812=EDGE_LOOP('',(#8629,#8630,#8631,#8632));
#1813=EDGE_LOOP('',(#8633,#8634,#8635,#8636));
#1814=EDGE_LOOP('',(#8637,#8638,#8639,#8640));
#1815=EDGE_LOOP('',(#8641,#8642,#8643,#8644));
#1816=EDGE_LOOP('',(#8645,#8646,#8647,#8648));
#1817=EDGE_LOOP('',(#8649,#8650,#8651,#8652));
#1818=EDGE_LOOP('',(#8653,#8654,#8655,#8656));
#1819=EDGE_LOOP('',(#8657,#8658,#8659,#8660));
#1820=EDGE_LOOP('',(#8661,#8662,#8663,#8664));
#1821=EDGE_LOOP('',(#8665,#8666,#8667,#8668));
#1822=EDGE_LOOP('',(#8669,#8670,#8671,#8672));
#1823=EDGE_LOOP('',(#8673,#8674,#8675,#8676));
#1824=EDGE_LOOP('',(#8677,#8678,#8679,#8680));
#1825=EDGE_LOOP('',(#8681,#8682,#8683,#8684));
#1826=EDGE_LOOP('',(#8685,#8686,#8687,#8688));
#1827=EDGE_LOOP('',(#8689,#8690,#8691,#8692));
#1828=EDGE_LOOP('',(#8693,#8694,#8695,#8696));
#1829=EDGE_LOOP('',(#8697,#8698,#8699,#8700));
#1830=EDGE_LOOP('',(#8701,#8702,#8703,#8704));
#1831=EDGE_LOOP('',(#8705,#8706,#8707,#8708));
#1832=EDGE_LOOP('',(#8709,#8710,#8711,#8712));
#1833=EDGE_LOOP('',(#8713,#8714,#8715,#8716));
#1834=EDGE_LOOP('',(#8717,#8718,#8719,#8720));
#1835=EDGE_LOOP('',(#8721,#8722,#8723,#8724));
#1836=EDGE_LOOP('',(#8725,#8726,#8727,#8728));
#1837=EDGE_LOOP('',(#8729,#8730,#8731,#8732));
#1838=EDGE_LOOP('',(#8733,#8734,#8735,#8736));
#1839=EDGE_LOOP('',(#8737,#8738,#8739,#8740));
#1840=EDGE_LOOP('',(#8741,#8742,#8743,#8744));
#1841=EDGE_LOOP('',(#8745,#8746,#8747,#8748));
#1842=EDGE_LOOP('',(#8749,#8750,#8751,#8752));
#1843=EDGE_LOOP('',(#8753,#8754,#8755,#8756));
#1844=EDGE_LOOP('',(#8757,#8758,#8759,#8760));
#1845=EDGE_LOOP('',(#8761,#8762,#8763,#8764));
#1846=EDGE_LOOP('',(#8765,#8766,#8767,#8768));
#1847=EDGE_LOOP('',(#8769,#8770,#8771,#8772));
#1848=EDGE_LOOP('',(#8773,#8774,#8775,#8776));
#1849=EDGE_LOOP('',(#8777,#8778,#8779,#8780));
#1850=EDGE_LOOP('',(#8781,#8782,#8783,#8784));
#1851=EDGE_LOOP('',(#8785,#8786,#8787,#8788,#8789,#8790,#8791,#8792,#8793,
#8794,#8795,#8796,#8797,#8798,#8799,#8800,#8801,#8802));
#1852=EDGE_LOOP('',(#8803,#8804,#8805,#8806));
#1853=EDGE_LOOP('',(#8807));
#1854=EDGE_LOOP('',(#8808));
#1855=EDGE_LOOP('',(#8809,#8810,#8811,#8812));
#1856=EDGE_LOOP('',(#8813,#8814,#8815,#8816));
#1857=EDGE_LOOP('',(#8817,#8818,#8819,#8820,#8821,#8822,#8823,#8824,#8825,
#8826,#8827,#8828,#8829,#8830,#8831,#8832,#8833,#8834));
#1858=EDGE_LOOP('',(#8835));
#1859=EDGE_LOOP('',(#8836));
#1860=EDGE_LOOP('',(#8837,#8838,#8839,#8840));
#1861=EDGE_LOOP('',(#8841,#8842,#8843,#8844));
#1862=EDGE_LOOP('',(#8845,#8846,#8847,#8848));
#1863=EDGE_LOOP('',(#8849,#8850,#8851,#8852));
#1864=EDGE_LOOP('',(#8853,#8854,#8855,#8856));
#1865=EDGE_LOOP('',(#8857,#8858,#8859,#8860));
#1866=EDGE_LOOP('',(#8861,#8862,#8863,#8864));
#1867=EDGE_LOOP('',(#8865,#8866,#8867,#8868));
#1868=EDGE_LOOP('',(#8869,#8870,#8871,#8872));
#1869=EDGE_LOOP('',(#8873,#8874,#8875,#8876));
#1870=EDGE_LOOP('',(#8877,#8878,#8879,#8880));
#1871=EDGE_LOOP('',(#8881,#8882,#8883,#8884));
#1872=EDGE_LOOP('',(#8885,#8886,#8887,#8888));
#1873=EDGE_LOOP('',(#8889,#8890,#8891,#8892));
#1874=EDGE_LOOP('',(#8893,#8894,#8895,#8896));
#1875=EDGE_LOOP('',(#8897,#8898,#8899,#8900));
#1876=EDGE_LOOP('',(#8901,#8902,#8903,#8904));
#1877=EDGE_LOOP('',(#8905,#8906,#8907,#8908));
#1878=EDGE_LOOP('',(#8909,#8910,#8911,#8912));
#1879=EDGE_LOOP('',(#8913,#8914,#8915,#8916));
#1880=EDGE_LOOP('',(#8917,#8918,#8919,#8920));
#1881=EDGE_LOOP('',(#8921,#8922,#8923,#8924));
#1882=EDGE_LOOP('',(#8925,#8926,#8927,#8928));
#1883=EDGE_LOOP('',(#8929,#8930,#8931,#8932));
#1884=EDGE_LOOP('',(#8933,#8934,#8935,#8936));
#1885=EDGE_LOOP('',(#8937,#8938,#8939,#8940));
#1886=EDGE_LOOP('',(#8941,#8942,#8943,#8944));
#1887=EDGE_LOOP('',(#8945,#8946,#8947,#8948,#8949,#8950,#8951,#8952,#8953,
#8954));
#1888=EDGE_LOOP('',(#8955,#8956,#8957,#8958));
#1889=EDGE_LOOP('',(#8959,#8960,#8961,#8962));
#1890=EDGE_LOOP('',(#8963,#8964,#8965,#8966));
#1891=EDGE_LOOP('',(#8967,#8968,#8969,#8970,#8971,#8972,#8973,#8974,#8975,
#8976));
#1892=EDGE_LOOP('',(#8977,#8978,#8979,#8980));
#1893=EDGE_LOOP('',(#8981,#8982,#8983,#8984));
#1894=EDGE_LOOP('',(#8985,#8986,#8987,#8988));
#1895=EDGE_LOOP('',(#8989,#8990,#8991,#8992));
#1896=EDGE_LOOP('',(#8993,#8994,#8995,#8996));
#1897=EDGE_LOOP('',(#8997,#8998,#8999,#9000));
#1898=EDGE_LOOP('',(#9001,#9002,#9003,#9004));
#1899=EDGE_LOOP('',(#9005,#9006,#9007,#9008));
#1900=EDGE_LOOP('',(#9009,#9010,#9011,#9012));
#1901=EDGE_LOOP('',(#9013,#9014,#9015,#9016));
#1902=EDGE_LOOP('',(#9017,#9018,#9019,#9020));
#1903=EDGE_LOOP('',(#9021,#9022,#9023,#9024));
#1904=EDGE_LOOP('',(#9025,#9026,#9027,#9028));
#1905=EDGE_LOOP('',(#9029));
#1906=EDGE_LOOP('',(#9030,#9031,#9032,#9033));
#1907=EDGE_LOOP('',(#9034));
#1908=EDGE_LOOP('',(#9035,#9036,#9037,#9038));
#1909=EDGE_LOOP('',(#9039,#9040,#9041,#9042));
#1910=EDGE_LOOP('',(#9043,#9044,#9045,#9046));
#1911=EDGE_LOOP('',(#9047,#9048,#9049,#9050));
#1912=EDGE_LOOP('',(#9051,#9052,#9053,#9054));
#1913=EDGE_LOOP('',(#9055,#9056,#9057,#9058));
#1914=EDGE_LOOP('',(#9059,#9060,#9061,#9062));
#1915=EDGE_LOOP('',(#9063,#9064,#9065,#9066));
#1916=EDGE_LOOP('',(#9067,#9068,#9069,#9070));
#1917=EDGE_LOOP('',(#9071,#9072,#9073,#9074));
#1918=EDGE_LOOP('',(#9075,#9076,#9077,#9078));
#1919=EDGE_LOOP('',(#9079,#9080,#9081,#9082));
#1920=EDGE_LOOP('',(#9083,#9084,#9085,#9086));
#1921=EDGE_LOOP('',(#9087,#9088,#9089,#9090));
#1922=EDGE_LOOP('',(#9091,#9092,#9093,#9094));
#1923=EDGE_LOOP('',(#9095,#9096,#9097,#9098));
#1924=EDGE_LOOP('',(#9099,#9100,#9101,#9102));
#1925=EDGE_LOOP('',(#9103,#9104,#9105,#9106));
#1926=EDGE_LOOP('',(#9107,#9108,#9109,#9110));
#1927=EDGE_LOOP('',(#9111,#9112,#9113,#9114));
#1928=EDGE_LOOP('',(#9115,#9116,#9117,#9118));
#1929=EDGE_LOOP('',(#9119,#9120,#9121,#9122));
#1930=EDGE_LOOP('',(#9123,#9124,#9125,#9126));
#1931=EDGE_LOOP('',(#9127,#9128,#9129,#9130));
#1932=EDGE_LOOP('',(#9131,#9132,#9133,#9134));
#1933=EDGE_LOOP('',(#9135,#9136,#9137,#9138));
#1934=EDGE_LOOP('',(#9139,#9140,#9141,#9142));
#1935=EDGE_LOOP('',(#9143,#9144,#9145,#9146));
#1936=EDGE_LOOP('',(#9147,#9148,#9149,#9150));
#1937=EDGE_LOOP('',(#9151,#9152,#9153,#9154));
#1938=EDGE_LOOP('',(#9155,#9156,#9157,#9158));
#1939=EDGE_LOOP('',(#9159,#9160,#9161,#9162));
#1940=EDGE_LOOP('',(#9163,#9164,#9165,#9166));
#1941=EDGE_LOOP('',(#9167,#9168,#9169,#9170));
#1942=EDGE_LOOP('',(#9171,#9172,#9173,#9174));
#1943=EDGE_LOOP('',(#9175,#9176,#9177,#9178));
#1944=EDGE_LOOP('',(#9179,#9180,#9181,#9182));
#1945=EDGE_LOOP('',(#9183,#9184,#9185,#9186));
#1946=EDGE_LOOP('',(#9187,#9188,#9189,#9190,#9191,#9192));
#1947=EDGE_LOOP('',(#9193,#9194,#9195,#9196,#9197,#9198,#9199,#9200,#9201,
#9202,#9203,#9204));
#1948=EDGE_LOOP('',(#9205,#9206,#9207,#9208));
#1949=EDGE_LOOP('',(#9209,#9210,#9211,#9212));
#1950=EDGE_LOOP('',(#9213,#9214,#9215,#9216));
#1951=EDGE_LOOP('',(#9217,#9218,#9219,#9220,#9221,#9222));
#1952=EDGE_LOOP('',(#9223,#9224,#9225,#9226,#9227,#9228,#9229,#9230,#9231,
#9232,#9233,#9234));
#1953=EDGE_LOOP('',(#9235,#9236,#9237,#9238));
#1954=EDGE_LOOP('',(#9239,#9240,#9241,#9242,#9243,#9244));
#1955=EDGE_LOOP('',(#9245,#9246,#9247,#9248,#9249,#9250,#9251,#9252));
#1956=EDGE_LOOP('',(#9253,#9254,#9255,#9256));
#1957=EDGE_LOOP('',(#9257,#9258,#9259,#9260,#9261,#9262,#9263,#9264));
#1958=EDGE_LOOP('',(#9265,#9266,#9267,#9268));
#1959=EDGE_LOOP('',(#9269,#9270,#9271,#9272));
#1960=EDGE_LOOP('',(#9273,#9274,#9275,#9276,#9277,#9278));
#1961=EDGE_LOOP('',(#9279,#9280,#9281,#9282));
#1962=EDGE_LOOP('',(#9283,#9284,#9285,#9286));
#1963=EDGE_LOOP('',(#9287,#9288,#9289,#9290));
#1964=EDGE_LOOP('',(#9291,#9292,#9293,#9294));
#1965=EDGE_LOOP('',(#9295,#9296,#9297,#9298));
#1966=EDGE_LOOP('',(#9299,#9300,#9301,#9302,#9303,#9304,#9305,#9306,#9307,
#9308,#9309,#9310,#9311,#9312,#9313,#9314,#9315,#9316,#9317,#9318));
#1967=EDGE_LOOP('',(#9319,#9320,#9321,#9322));
#1968=EDGE_LOOP('',(#9323,#9324,#9325,#9326));
#1969=EDGE_LOOP('',(#9327,#9328,#9329,#9330));
#1970=EDGE_LOOP('',(#9331,#9332,#9333,#9334));
#1971=EDGE_LOOP('',(#9335,#9336,#9337,#9338));
#1972=EDGE_LOOP('',(#9339,#9340,#9341,#9342));
#1973=EDGE_LOOP('',(#9343,#9344,#9345,#9346));
#1974=EDGE_LOOP('',(#9347,#9348,#9349,#9350));
#1975=EDGE_LOOP('',(#9351,#9352,#9353,#9354));
#1976=EDGE_LOOP('',(#9355,#9356,#9357,#9358));
#1977=EDGE_LOOP('',(#9359,#9360,#9361,#9362,#9363,#9364,#9365,#9366,#9367,
#9368,#9369,#9370,#9371,#9372,#9373,#9374,#9375,#9376,#9377,#9378));
#1978=EDGE_LOOP('',(#9379,#9380,#9381,#9382));
#1979=EDGE_LOOP('',(#9383,#9384,#9385,#9386));
#1980=EDGE_LOOP('',(#9387,#9388,#9389,#9390));
#1981=EDGE_LOOP('',(#9391,#9392,#9393,#9394));
#1982=EDGE_LOOP('',(#9395,#9396,#9397,#9398));
#1983=EDGE_LOOP('',(#9399,#9400,#9401,#9402));
#1984=EDGE_LOOP('',(#9403,#9404,#9405,#9406));
#1985=EDGE_LOOP('',(#9407,#9408,#9409,#9410));
#1986=EDGE_LOOP('',(#9411,#9412,#9413,#9414));
#1987=EDGE_LOOP('',(#9415,#9416,#9417,#9418));
#1988=EDGE_LOOP('',(#9419,#9420,#9421));
#1989=EDGE_LOOP('',(#9422,#9423,#9424,#9425));
#1990=EDGE_LOOP('',(#9426,#9427,#9428,#9429));
#1991=EDGE_LOOP('',(#9430,#9431,#9432,#9433));
#1992=EDGE_LOOP('',(#9434,#9435,#9436,#9437));
#1993=EDGE_LOOP('',(#9438,#9439,#9440,#9441));
#1994=EDGE_LOOP('',(#9442,#9443,#9444,#9445));
#1995=EDGE_LOOP('',(#9446,#9447,#9448,#9449));
#1996=EDGE_LOOP('',(#9450,#9451,#9452,#9453,#9454,#9455,#9456,#9457,#9458,
#9459,#9460,#9461,#9462,#9463,#9464,#9465,#9466,#9467,#9468,#9469,#9470,
#9471,#9472,#9473,#9474,#9475,#9476,#9477));
#1997=EDGE_LOOP('',(#9478,#9479,#9480,#9481,#9482,#9483,#9484,#9485,#9486,
#9487,#9488,#9489));
#1998=EDGE_LOOP('',(#9490,#9491,#9492,#9493,#9494,#9495,#9496,#9497,#9498,
#9499,#9500,#9501,#9502,#9503,#9504,#9505,#9506,#9507,#9508,#9509,#9510,
#9511,#9512,#9513,#9514,#9515,#9516,#9517));
#1999=EDGE_LOOP('',(#9518,#9519,#9520,#9521));
#2000=EDGE_LOOP('',(#9522,#9523,#9524,#9525));
#2001=EDGE_LOOP('',(#9526,#9527,#9528,#9529));
#2002=EDGE_LOOP('',(#9530,#9531,#9532,#9533));
#2003=EDGE_LOOP('',(#9534,#9535,#9536,#9537));
#2004=EDGE_LOOP('',(#9538,#9539,#9540,#9541));
#2005=EDGE_LOOP('',(#9542,#9543,#9544,#9545));
#2006=EDGE_LOOP('',(#9546,#9547,#9548,#9549));
#2007=EDGE_LOOP('',(#9550,#9551,#9552,#9553));
#2008=EDGE_LOOP('',(#9554,#9555,#9556,#9557));
#2009=EDGE_LOOP('',(#9558,#9559,#9560,#9561));
#2010=EDGE_LOOP('',(#9562,#9563,#9564,#9565));
#2011=EDGE_LOOP('',(#9566,#9567,#9568,#9569));
#2012=EDGE_LOOP('',(#9570,#9571,#9572,#9573,#9574,#9575,#9576,#9577,#9578,
#9579,#9580,#9581,#9582));
#2013=EDGE_LOOP('',(#9583,#9584,#9585,#9586));
#2014=EDGE_LOOP('',(#9587,#9588,#9589,#9590));
#2015=EDGE_LOOP('',(#9591,#9592,#9593,#9594));
#2016=EDGE_LOOP('',(#9595,#9596,#9597,#9598));
#2017=EDGE_LOOP('',(#9599,#9600,#9601,#9602));
#2018=EDGE_LOOP('',(#9603,#9604,#9605,#9606));
#2019=EDGE_LOOP('',(#9607,#9608,#9609,#9610));
#2020=EDGE_LOOP('',(#9611,#9612,#9613,#9614));
#2021=EDGE_LOOP('',(#9615,#9616,#9617,#9618));
#2022=EDGE_LOOP('',(#9619,#9620,#9621,#9622));
#2023=EDGE_LOOP('',(#9623,#9624,#9625,#9626));
#2024=EDGE_LOOP('',(#9627,#9628,#9629,#9630));
#2025=EDGE_LOOP('',(#9631,#9632,#9633,#9634,#9635,#9636,#9637,#9638,#9639,
#9640,#9641,#9642,#9643,#9644,#9645,#9646));
#2026=EDGE_LOOP('',(#9647,#9648,#9649,#9650));
#2027=EDGE_LOOP('',(#9651,#9652,#9653,#9654));
#2028=EDGE_LOOP('',(#9655,#9656,#9657,#9658));
#2029=EDGE_LOOP('',(#9659,#9660,#9661,#9662));
#2030=EDGE_LOOP('',(#9663,#9664,#9665,#9666));
#2031=EDGE_LOOP('',(#9667,#9668,#9669,#9670));
#2032=EDGE_LOOP('',(#9671,#9672,#9673,#9674));
#2033=EDGE_LOOP('',(#9675,#9676,#9677,#9678));
#2034=EDGE_LOOP('',(#9679,#9680,#9681,#9682));
#2035=EDGE_LOOP('',(#9683,#9684,#9685,#9686));
#2036=EDGE_LOOP('',(#9687,#9688,#9689,#9690));
#2037=EDGE_LOOP('',(#9691,#9692,#9693,#9694,#9695,#9696,#9697,#9698,#9699,
#9700,#9701,#9702,#9703,#9704,#9705,#9706));
#2038=EDGE_LOOP('',(#9707,#9708,#9709,#9710));
#2039=EDGE_LOOP('',(#9711,#9712,#9713,#9714,#9715));
#2040=EDGE_LOOP('',(#9716,#9717,#9718,#9719,#9720,#9721,#9722));
#2041=EDGE_LOOP('',(#9723,#9724,#9725,#9726,#9727,#9728,#9729));
#2042=EDGE_LOOP('',(#9730,#9731,#9732,#9733));
#2043=EDGE_LOOP('',(#9734,#9735,#9736,#9737,#9738));
#2044=EDGE_LOOP('',(#9739,#9740,#9741,#9742));
#2045=EDGE_LOOP('',(#9743,#9744,#9745,#9746));
#2046=EDGE_LOOP('',(#9747,#9748,#9749,#9750));
#2047=EDGE_LOOP('',(#9751,#9752,#9753,#9754));
#2048=EDGE_LOOP('',(#9755,#9756,#9757,#9758,#9759));
#2049=EDGE_LOOP('',(#9760,#9761,#9762,#9763));
#2050=EDGE_LOOP('',(#9764,#9765,#9766,#9767));
#2051=EDGE_LOOP('',(#9768,#9769,#9770,#9771,#9772,#9773));
#2052=EDGE_LOOP('',(#9774,#9775,#9776,#9777));
#2053=EDGE_LOOP('',(#9778,#9779,#9780,#9781));
#2054=EDGE_LOOP('',(#9782,#9783,#9784,#9785,#9786,#9787));
#2055=EDGE_LOOP('',(#9788,#9789,#9790,#9791,#9792));
#2056=EDGE_LOOP('',(#9793,#9794,#9795,#9796));
#2057=EDGE_LOOP('',(#9797,#9798,#9799,#9800));
#2058=EDGE_LOOP('',(#9801,#9802,#9803,#9804,#9805,#9806,#9807,#9808,#9809,
#9810,#9811,#9812,#9813,#9814,#9815,#9816));
#2059=EDGE_LOOP('',(#9817,#9818,#9819,#9820));
#2060=EDGE_LOOP('',(#9821,#9822,#9823,#9824,#9825,#9826,#9827,#9828,#9829,
#9830));
#2061=EDGE_LOOP('',(#9831,#9832,#9833,#9834,#9835,#9836,#9837,#9838));
#2062=EDGE_LOOP('',(#9839,#9840,#9841,#9842));
#2063=EDGE_LOOP('',(#9843,#9844,#9845,#9846));
#2064=EDGE_LOOP('',(#9847,#9848,#9849,#9850));
#2065=EDGE_LOOP('',(#9851,#9852,#9853,#9854));
#2066=EDGE_LOOP('',(#9855,#9856,#9857,#9858));
#2067=EDGE_LOOP('',(#9859,#9860,#9861,#9862,#9863,#9864,#9865,#9866));
#2068=EDGE_LOOP('',(#9867,#9868,#9869,#9870));
#2069=EDGE_LOOP('',(#9871,#9872,#9873,#9874,#9875,#9876,#9877,#9878));
#2070=EDGE_LOOP('',(#9879,#9880,#9881,#9882,#9883,#9884,#9885,#9886,#9887,
#9888));
#2071=EDGE_LOOP('',(#9889,#9890,#9891,#9892,#9893,#9894,#9895,#9896,#9897,
#9898));
#2072=EDGE_LOOP('',(#9899,#9900,#9901,#9902));
#2073=EDGE_LOOP('',(#9903,#9904,#9905,#9906));
#2074=EDGE_LOOP('',(#9907,#9908,#9909,#9910));
#2075=EDGE_LOOP('',(#9911,#9912,#9913,#9914));
#2076=EDGE_LOOP('',(#9915,#9916,#9917,#9918));
#2077=EDGE_LOOP('',(#9919,#9920,#9921,#9922));
#2078=EDGE_LOOP('',(#9923,#9924,#9925,#9926));
#2079=EDGE_LOOP('',(#9927,#9928,#9929,#9930));
#2080=EDGE_LOOP('',(#9931,#9932,#9933,#9934));
#2081=EDGE_LOOP('',(#9935,#9936,#9937,#9938,#9939,#9940,#9941,#9942,#9943,
#9944,#9945,#9946,#9947,#9948,#9949,#9950,#9951,#9952,#9953,#9954));
#2082=EDGE_LOOP('',(#9955,#9956,#9957,#9958,#9959,#9960));
#2083=EDGE_LOOP('',(#9961,#9962,#9963,#9964));
#2084=EDGE_LOOP('',(#9965,#9966,#9967,#9968));
#2085=EDGE_LOOP('',(#9969,#9970,#9971,#9972));
#2086=EDGE_LOOP('',(#9973,#9974,#9975,#9976));
#2087=EDGE_LOOP('',(#9977,#9978,#9979,#9980));
#2088=EDGE_LOOP('',(#9981,#9982,#9983,#9984,#9985,#9986,#9987,#9988));
#2089=EDGE_LOOP('',(#9989,#9990,#9991,#9992));
#2090=EDGE_LOOP('',(#9993,#9994,#9995,#9996));
#2091=EDGE_LOOP('',(#9997,#9998,#9999,#10000));
#2092=EDGE_LOOP('',(#10001,#10002,#10003,#10004,#10005,#10006,#10007,#10008));
#2093=EDGE_LOOP('',(#10009,#10010,#10011,#10012,#10013,#10014,#10015,#10016,
#10017,#10018));
#2094=EDGE_LOOP('',(#10019,#10020,#10021,#10022,#10023,#10024,#10025,#10026));
#2095=EDGE_LOOP('',(#10027,#10028,#10029,#10030));
#2096=EDGE_LOOP('',(#10031,#10032,#10033,#10034));
#2097=EDGE_LOOP('',(#10035,#10036,#10037,#10038));
#2098=EDGE_LOOP('',(#10039,#10040,#10041,#10042));
#2099=EDGE_LOOP('',(#10043,#10044,#10045,#10046));
#2100=EDGE_LOOP('',(#10047,#10048,#10049,#10050));
#2101=EDGE_LOOP('',(#10051,#10052,#10053,#10054,#10055,#10056));
#2102=EDGE_LOOP('',(#10057,#10058,#10059,#10060));
#2103=EDGE_LOOP('',(#10061,#10062,#10063,#10064));
#2104=EDGE_LOOP('',(#10065,#10066,#10067,#10068,#10069,#10070,#10071,#10072));
#2105=EDGE_LOOP('',(#10073,#10074,#10075,#10076,#10077,#10078,#10079,#10080));
#2106=EDGE_LOOP('',(#10081,#10082,#10083,#10084));
#2107=EDGE_LOOP('',(#10085,#10086,#10087,#10088));
#2108=EDGE_LOOP('',(#10089,#10090,#10091,#10092));
#2109=EDGE_LOOP('',(#10093,#10094,#10095,#10096));
#2110=EDGE_LOOP('',(#10097,#10098,#10099,#10100));
#2111=EDGE_LOOP('',(#10101,#10102,#10103,#10104));
#2112=EDGE_LOOP('',(#10105,#10106,#10107,#10108));
#2113=EDGE_LOOP('',(#10109,#10110,#10111,#10112));
#2114=EDGE_LOOP('',(#10113,#10114,#10115,#10116));
#2115=EDGE_LOOP('',(#10117,#10118,#10119,#10120));
#2116=LINE('',#15678,#3368);
#2117=LINE('',#15680,#3369);
#2118=LINE('',#15682,#3370);
#2119=LINE('',#15683,#3371);
#2120=LINE('',#15686,#3372);
#2121=LINE('',#15688,#3373);
#2122=LINE('',#15690,#3374);
#2123=LINE('',#15691,#3375);
#2124=LINE('',#15695,#3376);
#2125=LINE('',#15697,#3377);
#2126=LINE('',#15699,#3378);
#2127=LINE('',#15700,#3379);
#2128=LINE('',#15703,#3380);
#2129=LINE('',#15705,#3381);
#2130=LINE('',#15707,#3382);
#2131=LINE('',#15708,#3383);
#2132=LINE('',#15710,#3384);
#2133=LINE('',#15711,#3385);
#2134=LINE('',#15713,#3386);
#2135=LINE('',#15715,#3387);
#2136=LINE('',#15718,#3388);
#2137=LINE('',#15719,#3389);
#2138=LINE('',#15721,#3390);
#2139=LINE('',#15723,#3391);
#2140=LINE('',#15729,#3392);
#2141=LINE('',#15731,#3393);
#2142=LINE('',#15733,#3394);
#2143=LINE('',#15734,#3395);
#2144=LINE('',#15737,#3396);
#2145=LINE('',#15739,#3397);
#2146=LINE('',#15741,#3398);
#2147=LINE('',#15742,#3399);
#2148=LINE('',#15746,#3400);
#2149=LINE('',#15748,#3401);
#2150=LINE('',#15750,#3402);
#2151=LINE('',#15751,#3403);
#2152=LINE('',#15754,#3404);
#2153=LINE('',#15756,#3405);
#2154=LINE('',#15758,#3406);
#2155=LINE('',#15759,#3407);
#2156=LINE('',#15761,#3408);
#2157=LINE('',#15762,#3409);
#2158=LINE('',#15764,#3410);
#2159=LINE('',#15766,#3411);
#2160=LINE('',#15769,#3412);
#2161=LINE('',#15770,#3413);
#2162=LINE('',#15772,#3414);
#2163=LINE('',#15774,#3415);
#2164=LINE('',#15781,#3416);
#2165=LINE('',#15787,#3417);
#2166=LINE('',#15792,#3418);
#2167=LINE('',#15794,#3419);
#2168=LINE('',#15796,#3420);
#2169=LINE('',#15797,#3421);
#2170=LINE('',#15801,#3422);
#2171=LINE('',#15803,#3423);
#2172=LINE('',#15805,#3424);
#2173=LINE('',#15806,#3425);
#2174=LINE('',#15808,#3426);
#2175=LINE('',#15809,#3427);
#2176=LINE('',#15813,#3428);
#2177=LINE('',#15815,#3429);
#2178=LINE('',#15817,#3430);
#2179=LINE('',#15818,#3431);
#2180=LINE('',#15822,#3432);
#2181=LINE('',#15824,#3433);
#2182=LINE('',#15826,#3434);
#2183=LINE('',#15827,#3435);
#2184=LINE('',#15829,#3436);
#2185=LINE('',#15830,#3437);
#2186=LINE('',#15832,#3438);
#2187=LINE('',#15833,#3439);
#2188=LINE('',#15835,#3440);
#2189=LINE('',#15836,#3441);
#2190=LINE('',#15845,#3442);
#2191=LINE('',#15846,#3443);
#2192=LINE('',#15851,#3444);
#2193=LINE('',#15852,#3445);
#2194=LINE('',#15856,#3446);
#2195=LINE('',#15861,#3447);
#2196=LINE('',#15900,#3448);
#2197=LINE('',#15904,#3449);
#2198=LINE('',#15910,#3450);
#2199=LINE('',#15916,#3451);
#2200=LINE('',#15918,#3452);
#2201=LINE('',#15920,#3453);
#2202=LINE('',#15921,#3454);
#2203=LINE('',#15926,#3455);
#2204=LINE('',#15927,#3456);
#2205=LINE('',#15929,#3457);
#2206=LINE('',#15932,#3458);
#2207=LINE('',#15933,#3459);
#2208=LINE('',#15937,#3460);
#2209=LINE('',#15944,#3461);
#2210=LINE('',#15947,#3462);
#2211=LINE('',#15949,#3463);
#2212=LINE('',#15957,#3464);
#2213=LINE('',#15959,#3465);
#2214=LINE('',#15961,#3466);
#2215=LINE('',#15962,#3467);
#2216=LINE('',#15965,#3468);
#2217=LINE('',#15967,#3469);
#2218=LINE('',#15969,#3470);
#2219=LINE('',#15970,#3471);
#2220=LINE('',#15973,#3472);
#2221=LINE('',#15975,#3473);
#2222=LINE('',#15976,#3474);
#2223=LINE('',#15979,#3475);
#2224=LINE('',#15980,#3476);
#2225=LINE('',#15983,#3477);
#2226=LINE('',#15984,#3478);
#2227=LINE('',#15986,#3479);
#2228=LINE('',#15989,#3480);
#2229=LINE('',#15991,#3481);
#2230=LINE('',#15992,#3482);
#2231=LINE('',#15995,#3483);
#2232=LINE('',#15996,#3484);
#2233=LINE('',#15999,#3485);
#2234=LINE('',#16000,#3486);
#2235=LINE('',#16002,#3487);
#2236=LINE('',#16009,#3488);
#2237=LINE('',#16015,#3489);
#2238=LINE('',#16020,#3490);
#2239=LINE('',#16022,#3491);
#2240=LINE('',#16024,#3492);
#2241=LINE('',#16025,#3493);
#2242=LINE('',#16029,#3494);
#2243=LINE('',#16031,#3495);
#2244=LINE('',#16033,#3496);
#2245=LINE('',#16034,#3497);
#2246=LINE('',#16036,#3498);
#2247=LINE('',#16037,#3499);
#2248=LINE('',#16041,#3500);
#2249=LINE('',#16043,#3501);
#2250=LINE('',#16045,#3502);
#2251=LINE('',#16046,#3503);
#2252=LINE('',#16050,#3504);
#2253=LINE('',#16052,#3505);
#2254=LINE('',#16054,#3506);
#2255=LINE('',#16055,#3507);
#2256=LINE('',#16057,#3508);
#2257=LINE('',#16058,#3509);
#2258=LINE('',#16060,#3510);
#2259=LINE('',#16061,#3511);
#2260=LINE('',#16063,#3512);
#2261=LINE('',#16064,#3513);
#2262=LINE('',#16072,#3514);
#2263=LINE('',#16078,#3515);
#2264=LINE('',#16080,#3516);
#2265=LINE('',#16082,#3517);
#2266=LINE('',#16083,#3518);
#2267=LINE('',#16086,#3519);
#2268=LINE('',#16088,#3520);
#2269=LINE('',#16089,#3521);
#2270=LINE('',#16092,#3522);
#2271=LINE('',#16094,#3523);
#2272=LINE('',#16095,#3524);
#2273=LINE('',#16098,#3525);
#2274=LINE('',#16100,#3526);
#2275=LINE('',#16101,#3527);
#2276=LINE('',#16104,#3528);
#2277=LINE('',#16106,#3529);
#2278=LINE('',#16107,#3530);
#2279=LINE('',#16109,#3531);
#2280=LINE('',#16110,#3532);
#2281=LINE('',#16119,#3533);
#2282=LINE('',#16120,#3534);
#2283=LINE('',#16125,#3535);
#2284=LINE('',#16126,#3536);
#2285=LINE('',#16130,#3537);
#2286=LINE('',#16135,#3538);
#2287=LINE('',#16142,#3539);
#2288=LINE('',#16146,#3540);
#2289=LINE('',#16184,#3541);
#2290=LINE('',#16191,#3542);
#2291=LINE('',#16193,#3543);
#2292=LINE('',#16194,#3544);
#2293=LINE('',#16195,#3545);
#2294=LINE('',#16200,#3546);
#2295=LINE('',#16201,#3547);
#2296=LINE('',#16203,#3548);
#2297=LINE('',#16206,#3549);
#2298=LINE('',#16207,#3550);
#2299=LINE('',#16211,#3551);
#2300=LINE('',#16218,#3552);
#2301=LINE('',#16221,#3553);
#2302=LINE('',#16223,#3554);
#2303=LINE('',#16232,#3555);
#2304=LINE('',#16238,#3556);
#2305=LINE('',#16240,#3557);
#2306=LINE('',#16242,#3558);
#2307=LINE('',#16243,#3559);
#2308=LINE('',#16246,#3560);
#2309=LINE('',#16248,#3561);
#2310=LINE('',#16249,#3562);
#2311=LINE('',#16252,#3563);
#2312=LINE('',#16254,#3564);
#2313=LINE('',#16255,#3565);
#2314=LINE('',#16258,#3566);
#2315=LINE('',#16260,#3567);
#2316=LINE('',#16261,#3568);
#2317=LINE('',#16264,#3569);
#2318=LINE('',#16266,#3570);
#2319=LINE('',#16267,#3571);
#2320=LINE('',#16269,#3572);
#2321=LINE('',#16270,#3573);
#2322=LINE('',#16278,#3574);
#2323=LINE('',#16284,#3575);
#2324=LINE('',#16293,#3576);
#2325=LINE('',#16299,#3577);
#2326=LINE('',#16307,#3578);
#2327=LINE('',#16314,#3579);
#2328=LINE('',#16316,#3580);
#2329=LINE('',#16318,#3581);
#2330=LINE('',#16323,#3582);
#2331=LINE('',#16327,#3583);
#2332=LINE('',#16328,#3584);
#2333=LINE('',#16331,#3585);
#2334=LINE('',#16333,#3586);
#2335=LINE('',#16334,#3587);
#2336=LINE('',#16337,#3588);
#2337=LINE('',#16339,#3589);
#2338=LINE('',#16340,#3590);
#2339=LINE('',#16342,#3591);
#2340=LINE('',#16349,#3592);
#2341=LINE('',#16358,#3593);
#2342=LINE('',#16359,#3594);
#2343=LINE('',#16360,#3595);
#2344=LINE('',#16364,#3596);
#2345=LINE('',#16369,#3597);
#2346=LINE('',#16371,#3598);
#2347=LINE('',#16377,#3599);
#2348=LINE('',#16381,#3600);
#2349=LINE('',#16382,#3601);
#2350=LINE('',#16386,#3602);
#2351=LINE('',#16388,#3603);
#2352=LINE('',#16390,#3604);
#2353=LINE('',#16394,#3605);
#2354=LINE('',#16396,#3606);
#2355=LINE('',#16397,#3607);
#2356=LINE('',#16401,#3608);
#2357=LINE('',#16403,#3609);
#2358=LINE('',#16405,#3610);
#2359=LINE('',#16406,#3611);
#2360=LINE('',#16412,#3612);
#2361=LINE('',#16421,#3613);
#2362=LINE('',#16422,#3614);
#2363=LINE('',#16423,#3615);
#2364=LINE('',#16427,#3616);
#2365=LINE('',#16432,#3617);
#2366=LINE('',#16434,#3618);
#2367=LINE('',#16441,#3619);
#2368=LINE('',#16447,#3620);
#2369=LINE('',#16456,#3621);
#2370=LINE('',#16462,#3622);
#2371=LINE('',#16470,#3623);
#2372=LINE('',#16484,#3624);
#2373=LINE('',#16487,#3625);
#2374=LINE('',#16513,#3626);
#2375=LINE('',#16520,#3627);
#2376=LINE('',#16523,#3628);
#2377=LINE('',#16525,#3629);
#2378=LINE('',#16526,#3630);
#2379=LINE('',#16531,#3631);
#2380=LINE('',#16533,#3632);
#2381=LINE('',#16535,#3633);
#2382=LINE('',#16537,#3634);
#2383=LINE('',#16542,#3635);
#2384=LINE('',#16544,#3636);
#2385=LINE('',#16546,#3637);
#2386=LINE('',#16547,#3638);
#2387=LINE('',#16550,#3639);
#2388=LINE('',#16552,#3640);
#2389=LINE('',#16554,#3641);
#2390=LINE('',#16555,#3642);
#2391=LINE('',#16559,#3643);
#2392=LINE('',#16561,#3644);
#2393=LINE('',#16563,#3645);
#2394=LINE('',#16564,#3646);
#2395=LINE('',#16567,#3647);
#2396=LINE('',#16569,#3648);
#2397=LINE('',#16571,#3649);
#2398=LINE('',#16572,#3650);
#2399=LINE('',#16574,#3651);
#2400=LINE('',#16575,#3652);
#2401=LINE('',#16577,#3653);
#2402=LINE('',#16579,#3654);
#2403=LINE('',#16582,#3655);
#2404=LINE('',#16583,#3656);
#2405=LINE('',#16585,#3657);
#2406=LINE('',#16587,#3658);
#2407=LINE('',#16593,#3659);
#2408=LINE('',#16595,#3660);
#2409=LINE('',#16597,#3661);
#2410=LINE('',#16598,#3662);
#2411=LINE('',#16601,#3663);
#2412=LINE('',#16603,#3664);
#2413=LINE('',#16605,#3665);
#2414=LINE('',#16606,#3666);
#2415=LINE('',#16610,#3667);
#2416=LINE('',#16612,#3668);
#2417=LINE('',#16614,#3669);
#2418=LINE('',#16615,#3670);
#2419=LINE('',#16618,#3671);
#2420=LINE('',#16620,#3672);
#2421=LINE('',#16622,#3673);
#2422=LINE('',#16623,#3674);
#2423=LINE('',#16625,#3675);
#2424=LINE('',#16626,#3676);
#2425=LINE('',#16628,#3677);
#2426=LINE('',#16630,#3678);
#2427=LINE('',#16633,#3679);
#2428=LINE('',#16634,#3680);
#2429=LINE('',#16636,#3681);
#2430=LINE('',#16638,#3682);
#2431=LINE('',#16644,#3683);
#2432=LINE('',#16646,#3684);
#2433=LINE('',#16648,#3685);
#2434=LINE('',#16649,#3686);
#2435=LINE('',#16652,#3687);
#2436=LINE('',#16654,#3688);
#2437=LINE('',#16656,#3689);
#2438=LINE('',#16657,#3690);
#2439=LINE('',#16661,#3691);
#2440=LINE('',#16663,#3692);
#2441=LINE('',#16665,#3693);
#2442=LINE('',#16666,#3694);
#2443=LINE('',#16669,#3695);
#2444=LINE('',#16671,#3696);
#2445=LINE('',#16673,#3697);
#2446=LINE('',#16674,#3698);
#2447=LINE('',#16676,#3699);
#2448=LINE('',#16677,#3700);
#2449=LINE('',#16679,#3701);
#2450=LINE('',#16681,#3702);
#2451=LINE('',#16684,#3703);
#2452=LINE('',#16685,#3704);
#2453=LINE('',#16687,#3705);
#2454=LINE('',#16689,#3706);
#2455=LINE('',#16705,#3707);
#2456=LINE('',#16720,#3708);
#2457=LINE('',#16734,#3709);
#2458=LINE('',#16739,#3710);
#2459=LINE('',#16743,#3711);
#2460=LINE('',#16749,#3712);
#2461=LINE('',#16752,#3713);
#2462=LINE('',#16757,#3714);
#2463=LINE('',#16760,#3715);
#2464=LINE('',#16765,#3716);
#2465=LINE('',#16768,#3717);
#2466=LINE('',#16773,#3718);
#2467=LINE('',#16776,#3719);
#2468=LINE('',#16781,#3720);
#2469=LINE('',#16784,#3721);
#2470=LINE('',#16789,#3722);
#2471=LINE('',#16792,#3723);
#2472=LINE('',#16797,#3724);
#2473=LINE('',#16800,#3725);
#2474=LINE('',#16805,#3726);
#2475=LINE('',#16808,#3727);
#2476=LINE('',#16813,#3728);
#2477=LINE('',#16816,#3729);
#2478=LINE('',#16821,#3730);
#2479=LINE('',#16824,#3731);
#2480=LINE('',#16829,#3732);
#2481=LINE('',#16832,#3733);
#2482=LINE('',#16837,#3734);
#2483=LINE('',#16840,#3735);
#2484=LINE('',#16845,#3736);
#2485=LINE('',#16848,#3737);
#2486=LINE('',#16853,#3738);
#2487=LINE('',#16856,#3739);
#2488=LINE('',#16861,#3740);
#2489=LINE('',#16864,#3741);
#2490=LINE('',#16869,#3742);
#2491=LINE('',#16872,#3743);
#2492=LINE('',#16877,#3744);
#2493=LINE('',#16880,#3745);
#2494=LINE('',#16885,#3746);
#2495=LINE('',#16888,#3747);
#2496=LINE('',#16893,#3748);
#2497=LINE('',#16896,#3749);
#2498=LINE('',#16906,#3750);
#2499=LINE('',#16910,#3751);
#2500=LINE('',#16914,#3752);
#2501=LINE('',#16918,#3753);
#2502=LINE('',#16922,#3754);
#2503=LINE('',#16926,#3755);
#2504=LINE('',#16930,#3756);
#2505=LINE('',#16934,#3757);
#2506=LINE('',#16938,#3758);
#2507=LINE('',#16942,#3759);
#2508=LINE('',#16946,#3760);
#2509=LINE('',#16950,#3761);
#2510=LINE('',#16954,#3762);
#2511=LINE('',#16958,#3763);
#2512=LINE('',#16962,#3764);
#2513=LINE('',#16966,#3765);
#2514=LINE('',#16970,#3766);
#2515=LINE('',#16974,#3767);
#2516=LINE('',#16978,#3768);
#2517=LINE('',#16982,#3769);
#2518=LINE('',#16986,#3770);
#2519=LINE('',#16990,#3771);
#2520=LINE('',#16996,#3772);
#2521=LINE('',#16999,#3773);
#2522=LINE('',#17002,#3774);
#2523=LINE('',#17006,#3775);
#2524=LINE('',#17010,#3776);
#2525=LINE('',#17014,#3777);
#2526=LINE('',#17018,#3778);
#2527=LINE('',#17022,#3779);
#2528=LINE('',#17026,#3780);
#2529=LINE('',#17030,#3781);
#2530=LINE('',#17034,#3782);
#2531=LINE('',#17038,#3783);
#2532=LINE('',#17042,#3784);
#2533=LINE('',#17046,#3785);
#2534=LINE('',#17050,#3786);
#2535=LINE('',#17054,#3787);
#2536=LINE('',#17058,#3788);
#2537=LINE('',#17062,#3789);
#2538=LINE('',#17069,#3790);
#2539=LINE('',#17071,#3791);
#2540=LINE('',#17073,#3792);
#2541=LINE('',#17074,#3793);
#2542=LINE('',#17080,#3794);
#2543=LINE('',#17083,#3795);
#2544=LINE('',#17085,#3796);
#2545=LINE('',#17086,#3797);
#2546=LINE('',#17094,#3798);
#2547=LINE('',#17096,#3799);
#2548=LINE('',#17098,#3800);
#2549=LINE('',#17099,#3801);
#2550=LINE('',#17105,#3802);
#2551=LINE('',#17108,#3803);
#2552=LINE('',#17110,#3804);
#2553=LINE('',#17111,#3805);
#2554=LINE('',#17124,#3806);
#2555=LINE('',#17127,#3807);
#2556=LINE('',#17129,#3808);
#2557=LINE('',#17130,#3809);
#2558=LINE('',#17132,#3810);
#2559=LINE('',#17134,#3811);
#2560=LINE('',#17135,#3812);
#2561=LINE('',#17137,#3813);
#2562=LINE('',#17139,#3814);
#2563=LINE('',#17140,#3815);
#2564=LINE('',#17142,#3816);
#2565=LINE('',#17144,#3817);
#2566=LINE('',#17145,#3818);
#2567=LINE('',#17147,#3819);
#2568=LINE('',#17149,#3820);
#2569=LINE('',#17150,#3821);
#2570=LINE('',#17152,#3822);
#2571=LINE('',#17154,#3823);
#2572=LINE('',#17155,#3824);
#2573=LINE('',#17157,#3825);
#2574=LINE('',#17159,#3826);
#2575=LINE('',#17160,#3827);
#2576=LINE('',#17162,#3828);
#2577=LINE('',#17164,#3829);
#2578=LINE('',#17165,#3830);
#2579=LINE('',#17167,#3831);
#2580=LINE('',#17169,#3832);
#2581=LINE('',#17170,#3833);
#2582=LINE('',#17172,#3834);
#2583=LINE('',#17174,#3835);
#2584=LINE('',#17175,#3836);
#2585=LINE('',#17177,#3837);
#2586=LINE('',#17179,#3838);
#2587=LINE('',#17180,#3839);
#2588=LINE('',#17182,#3840);
#2589=LINE('',#17184,#3841);
#2590=LINE('',#17185,#3842);
#2591=LINE('',#17187,#3843);
#2592=LINE('',#17189,#3844);
#2593=LINE('',#17190,#3845);
#2594=LINE('',#17192,#3846);
#2595=LINE('',#17194,#3847);
#2596=LINE('',#17195,#3848);
#2597=LINE('',#17197,#3849);
#2598=LINE('',#17199,#3850);
#2599=LINE('',#17200,#3851);
#2600=LINE('',#17202,#3852);
#2601=LINE('',#17204,#3853);
#2602=LINE('',#17205,#3854);
#2603=LINE('',#17207,#3855);
#2604=LINE('',#17209,#3856);
#2605=LINE('',#17210,#3857);
#2606=LINE('',#17212,#3858);
#2607=LINE('',#17214,#3859);
#2608=LINE('',#17215,#3860);
#2609=LINE('',#17217,#3861);
#2610=LINE('',#17219,#3862);
#2611=LINE('',#17220,#3863);
#2612=LINE('',#17222,#3864);
#2613=LINE('',#17224,#3865);
#2614=LINE('',#17225,#3866);
#2615=LINE('',#17227,#3867);
#2616=LINE('',#17229,#3868);
#2617=LINE('',#17232,#3869);
#2618=LINE('',#17235,#3870);
#2619=LINE('',#17238,#3871);
#2620=LINE('',#17241,#3872);
#2621=LINE('',#17244,#3873);
#2622=LINE('',#17247,#3874);
#2623=LINE('',#17250,#3875);
#2624=LINE('',#17253,#3876);
#2625=LINE('',#17256,#3877);
#2626=LINE('',#17259,#3878);
#2627=LINE('',#17262,#3879);
#2628=LINE('',#17265,#3880);
#2629=LINE('',#17268,#3881);
#2630=LINE('',#17271,#3882);
#2631=LINE('',#17274,#3883);
#2632=LINE('',#17277,#3884);
#2633=LINE('',#17280,#3885);
#2634=LINE('',#17283,#3886);
#2635=LINE('',#17286,#3887);
#2636=LINE('',#17292,#3888);
#2637=LINE('',#17295,#3889);
#2638=LINE('',#17301,#3890);
#2639=LINE('',#17303,#3891);
#2640=LINE('',#17305,#3892);
#2641=LINE('',#17306,#3893);
#2642=LINE('',#17309,#3894);
#2643=LINE('',#17311,#3895);
#2644=LINE('',#17313,#3896);
#2645=LINE('',#17314,#3897);
#2646=LINE('',#17317,#3898);
#2647=LINE('',#17319,#3899);
#2648=LINE('',#17320,#3900);
#2649=LINE('',#17323,#3901);
#2650=LINE('',#17324,#3902);
#2651=LINE('',#17327,#3903);
#2652=LINE('',#17329,#3904);
#2653=LINE('',#17330,#3905);
#2654=LINE('',#17333,#3906);
#2655=LINE('',#17334,#3907);
#2656=LINE('',#17337,#3908);
#2657=LINE('',#17338,#3909);
#2658=LINE('',#17340,#3910);
#2659=LINE('',#17343,#3911);
#2660=LINE('',#17344,#3912);
#2661=LINE('',#17346,#3913);
#2662=LINE('',#17352,#3914);
#2663=LINE('',#17354,#3915);
#2664=LINE('',#17356,#3916);
#2665=LINE('',#17357,#3917);
#2666=LINE('',#17360,#3918);
#2667=LINE('',#17362,#3919);
#2668=LINE('',#17364,#3920);
#2669=LINE('',#17365,#3921);
#2670=LINE('',#17368,#3922);
#2671=LINE('',#17370,#3923);
#2672=LINE('',#17371,#3924);
#2673=LINE('',#17374,#3925);
#2674=LINE('',#17375,#3926);
#2675=LINE('',#17378,#3927);
#2676=LINE('',#17380,#3928);
#2677=LINE('',#17381,#3929);
#2678=LINE('',#17384,#3930);
#2679=LINE('',#17385,#3931);
#2680=LINE('',#17388,#3932);
#2681=LINE('',#17389,#3933);
#2682=LINE('',#17391,#3934);
#2683=LINE('',#17394,#3935);
#2684=LINE('',#17395,#3936);
#2685=LINE('',#17397,#3937);
#2686=LINE('',#17403,#3938);
#2687=LINE('',#17405,#3939);
#2688=LINE('',#17407,#3940);
#2689=LINE('',#17408,#3941);
#2690=LINE('',#17411,#3942);
#2691=LINE('',#17413,#3943);
#2692=LINE('',#17415,#3944);
#2693=LINE('',#17416,#3945);
#2694=LINE('',#17420,#3946);
#2695=LINE('',#17422,#3947);
#2696=LINE('',#17424,#3948);
#2697=LINE('',#17425,#3949);
#2698=LINE('',#17428,#3950);
#2699=LINE('',#17430,#3951);
#2700=LINE('',#17432,#3952);
#2701=LINE('',#17433,#3953);
#2702=LINE('',#17435,#3954);
#2703=LINE('',#17436,#3955);
#2704=LINE('',#17438,#3956);
#2705=LINE('',#17440,#3957);
#2706=LINE('',#17443,#3958);
#2707=LINE('',#17444,#3959);
#2708=LINE('',#17446,#3960);
#2709=LINE('',#17448,#3961);
#2710=LINE('',#17454,#3962);
#2711=LINE('',#17456,#3963);
#2712=LINE('',#17458,#3964);
#2713=LINE('',#17459,#3965);
#2714=LINE('',#17462,#3966);
#2715=LINE('',#17464,#3967);
#2716=LINE('',#17466,#3968);
#2717=LINE('',#17467,#3969);
#2718=LINE('',#17470,#3970);
#2719=LINE('',#17472,#3971);
#2720=LINE('',#17473,#3972);
#2721=LINE('',#17476,#3973);
#2722=LINE('',#17477,#3974);
#2723=LINE('',#17480,#3975);
#2724=LINE('',#17482,#3976);
#2725=LINE('',#17483,#3977);
#2726=LINE('',#17486,#3978);
#2727=LINE('',#17487,#3979);
#2728=LINE('',#17490,#3980);
#2729=LINE('',#17491,#3981);
#2730=LINE('',#17493,#3982);
#2731=LINE('',#17496,#3983);
#2732=LINE('',#17497,#3984);
#2733=LINE('',#17499,#3985);
#2734=LINE('',#17507,#3986);
#2735=LINE('',#17510,#3987);
#2736=LINE('',#17513,#3988);
#2737=LINE('',#17515,#3989);
#2738=LINE('',#17516,#3990);
#2739=LINE('',#17519,#3991);
#2740=LINE('',#17523,#3992);
#2741=LINE('',#17527,#3993);
#2742=LINE('',#17529,#3994);
#2743=LINE('',#17531,#3995);
#2744=LINE('',#17535,#3996);
#2745=LINE('',#17539,#3997);
#2746=LINE('',#17543,#3998);
#2747=LINE('',#17547,#3999);
#2748=LINE('',#17553,#4000);
#2749=LINE('',#17556,#4001);
#2750=LINE('',#17563,#4002);
#2751=LINE('',#17566,#4003);
#2752=LINE('',#17569,#4004);
#2753=LINE('',#17570,#4005);
#2754=LINE('',#17575,#4006);
#2755=LINE('',#17579,#4007);
#2756=LINE('',#17583,#4008);
#2757=LINE('',#17586,#4009);
#2758=LINE('',#17588,#4010);
#2759=LINE('',#17590,#4011);
#2760=LINE('',#17594,#4012);
#2761=LINE('',#17597,#4013);
#2762=LINE('',#17606,#4014);
#2763=LINE('',#17609,#4015);
#2764=LINE('',#17611,#4016);
#2765=LINE('',#17612,#4017);
#2766=LINE('',#17614,#4018);
#2767=LINE('',#17616,#4019);
#2768=LINE('',#17617,#4020);
#2769=LINE('',#17619,#4021);
#2770=LINE('',#17621,#4022);
#2771=LINE('',#17622,#4023);
#2772=LINE('',#17624,#4024);
#2773=LINE('',#17627,#4025);
#2774=LINE('',#17632,#4026);
#2775=LINE('',#17633,#4027);
#2776=LINE('',#17635,#4028);
#2777=LINE('',#17637,#4029);
#2778=LINE('',#17640,#4030);
#2779=LINE('',#17642,#4031);
#2780=LINE('',#17645,#4032);
#2781=LINE('',#17647,#4033);
#2782=LINE('',#17654,#4034);
#2783=LINE('',#17657,#4035);
#2784=LINE('',#17660,#4036);
#2785=LINE('',#17662,#4037);
#2786=LINE('',#17663,#4038);
#2787=LINE('',#17669,#4039);
#2788=LINE('',#17671,#4040);
#2789=LINE('',#17672,#4041);
#2790=LINE('',#17678,#4042);
#2791=LINE('',#17681,#4043);
#2792=LINE('',#17684,#4044);
#2793=LINE('',#17686,#4045);
#2794=LINE('',#17687,#4046);
#2795=LINE('',#17690,#4047);
#2796=LINE('',#17692,#4048);
#2797=LINE('',#17694,#4049);
#2798=LINE('',#17696,#4050);
#2799=LINE('',#17698,#4051);
#2800=LINE('',#17702,#4052);
#2801=LINE('',#17708,#4053);
#2802=LINE('',#17709,#4054);
#2803=LINE('',#17712,#4055);
#2804=LINE('',#17713,#4056);
#2805=LINE('',#17717,#4057);
#2806=LINE('',#17719,#4058);
#2807=LINE('',#17721,#4059);
#2808=LINE('',#17723,#4060);
#2809=LINE('',#17724,#4061);
#2810=LINE('',#17727,#4062);
#2811=LINE('',#17728,#4063);
#2812=LINE('',#17730,#4064);
#2813=LINE('',#17733,#4065);
#2814=LINE('',#17740,#4066);
#2815=LINE('',#17745,#4067);
#2816=LINE('',#17747,#4068);
#2817=LINE('',#17749,#4069);
#2818=LINE('',#17750,#4070);
#2819=LINE('',#17753,#4071);
#2820=LINE('',#17755,#4072);
#2821=LINE('',#17756,#4073);
#2822=LINE('',#17759,#4074);
#2823=LINE('',#17761,#4075);
#2824=LINE('',#17762,#4076);
#2825=LINE('',#17764,#4077);
#2826=LINE('',#17765,#4078);
#2827=LINE('',#17772,#4079);
#2828=LINE('',#17774,#4080);
#2829=LINE('',#17776,#4081);
#2830=LINE('',#17777,#4082);
#2831=LINE('',#17780,#4083);
#2832=LINE('',#17782,#4084);
#2833=LINE('',#17783,#4085);
#2834=LINE('',#17786,#4086);
#2835=LINE('',#17788,#4087);
#2836=LINE('',#17789,#4088);
#2837=LINE('',#17791,#4089);
#2838=LINE('',#17792,#4090);
#2839=LINE('',#17796,#4091);
#2840=LINE('',#17798,#4092);
#2841=LINE('',#17800,#4093);
#2842=LINE('',#17801,#4094);
#2843=LINE('',#17804,#4095);
#2844=LINE('',#17806,#4096);
#2845=LINE('',#17807,#4097);
#2846=LINE('',#17810,#4098);
#2847=LINE('',#17811,#4099);
#2848=LINE('',#17814,#4100);
#2849=LINE('',#17815,#4101);
#2850=LINE('',#17817,#4102);
#2851=LINE('',#17823,#4103);
#2852=LINE('',#17825,#4104);
#2853=LINE('',#17827,#4105);
#2854=LINE('',#17828,#4106);
#2855=LINE('',#17831,#4107);
#2856=LINE('',#17833,#4108);
#2857=LINE('',#17834,#4109);
#2858=LINE('',#17837,#4110);
#2859=LINE('',#17839,#4111);
#2860=LINE('',#17840,#4112);
#2861=LINE('',#17842,#4113);
#2862=LINE('',#17843,#4114);
#2863=LINE('',#17847,#4115);
#2864=LINE('',#17849,#4116);
#2865=LINE('',#17851,#4117);
#2866=LINE('',#17852,#4118);
#2867=LINE('',#17855,#4119);
#2868=LINE('',#17857,#4120);
#2869=LINE('',#17858,#4121);
#2870=LINE('',#17861,#4122);
#2871=LINE('',#17862,#4123);
#2872=LINE('',#17865,#4124);
#2873=LINE('',#17866,#4125);
#2874=LINE('',#17868,#4126);
#2875=LINE('',#17874,#4127);
#2876=LINE('',#17876,#4128);
#2877=LINE('',#17878,#4129);
#2878=LINE('',#17879,#4130);
#2879=LINE('',#17882,#4131);
#2880=LINE('',#17884,#4132);
#2881=LINE('',#17886,#4133);
#2882=LINE('',#17887,#4134);
#2883=LINE('',#17890,#4135);
#2884=LINE('',#17892,#4136);
#2885=LINE('',#17893,#4137);
#2886=LINE('',#17896,#4138);
#2887=LINE('',#17897,#4139);
#2888=LINE('',#17900,#4140);
#2889=LINE('',#17902,#4141);
#2890=LINE('',#17903,#4142);
#2891=LINE('',#17906,#4143);
#2892=LINE('',#17907,#4144);
#2893=LINE('',#17910,#4145);
#2894=LINE('',#17911,#4146);
#2895=LINE('',#17914,#4147);
#2896=LINE('',#17915,#4148);
#2897=LINE('',#17917,#4149);
#2898=LINE('',#17919,#4150);
#2899=LINE('',#17926,#4151);
#2900=LINE('',#17928,#4152);
#2901=LINE('',#17930,#4153);
#2902=LINE('',#17931,#4154);
#2903=LINE('',#17934,#4155);
#2904=LINE('',#17936,#4156);
#2905=LINE('',#17937,#4157);
#2906=LINE('',#17940,#4158);
#2907=LINE('',#17942,#4159);
#2908=LINE('',#17944,#4160);
#2909=LINE('',#17945,#4161);
#2910=LINE('',#17948,#4162);
#2911=LINE('',#17950,#4163);
#2912=LINE('',#17952,#4164);
#2913=LINE('',#17954,#4165);
#2914=LINE('',#17956,#4166);
#2915=LINE('',#17960,#4167);
#2916=LINE('',#17962,#4168);
#2917=LINE('',#17964,#4169);
#2918=LINE('',#17965,#4170);
#2919=LINE('',#17967,#4171);
#2920=LINE('',#17970,#4172);
#2921=LINE('',#17972,#4173);
#2922=LINE('',#17973,#4174);
#2923=LINE('',#17975,#4175);
#2924=LINE('',#17978,#4176);
#2925=LINE('',#17980,#4177);
#2926=LINE('',#17981,#4178);
#2927=LINE('',#17984,#4179);
#2928=LINE('',#17986,#4180);
#2929=LINE('',#17988,#4181);
#2930=LINE('',#17990,#4182);
#2931=LINE('',#17992,#4183);
#2932=LINE('',#17994,#4184);
#2933=LINE('',#17996,#4185);
#2934=LINE('',#17998,#4186);
#2935=LINE('',#18000,#4187);
#2936=LINE('',#18002,#4188);
#2937=LINE('',#18003,#4189);
#2938=LINE('',#18008,#4190);
#2939=LINE('',#18009,#4191);
#2940=LINE('',#18012,#4192);
#2941=LINE('',#18013,#4193);
#2942=LINE('',#18014,#4194);
#2943=LINE('',#18017,#4195);
#2944=LINE('',#18019,#4196);
#2945=LINE('',#18021,#4197);
#2946=LINE('',#18023,#4198);
#2947=LINE('',#18025,#4199);
#2948=LINE('',#18026,#4200);
#2949=LINE('',#18028,#4201);
#2950=LINE('',#18030,#4202);
#2951=LINE('',#18033,#4203);
#2952=LINE('',#18035,#4204);
#2953=LINE('',#18037,#4205);
#2954=LINE('',#18039,#4206);
#2955=LINE('',#18041,#4207);
#2956=LINE('',#18043,#4208);
#2957=LINE('',#18050,#4209);
#2958=LINE('',#18052,#4210);
#2959=LINE('',#18054,#4211);
#2960=LINE('',#18056,#4212);
#2961=LINE('',#18058,#4213);
#2962=LINE('',#18060,#4214);
#2963=LINE('',#18062,#4215);
#2964=LINE('',#18064,#4216);
#2965=LINE('',#18066,#4217);
#2966=LINE('',#18068,#4218);
#2967=LINE('',#18070,#4219);
#2968=LINE('',#18072,#4220);
#2969=LINE('',#18074,#4221);
#2970=LINE('',#18076,#4222);
#2971=LINE('',#18078,#4223);
#2972=LINE('',#18080,#4224);
#2973=LINE('',#18082,#4225);
#2974=LINE('',#18084,#4226);
#2975=LINE('',#18086,#4227);
#2976=LINE('',#18087,#4228);
#2977=LINE('',#18090,#4229);
#2978=LINE('',#18092,#4230);
#2979=LINE('',#18093,#4231);
#2980=LINE('',#18096,#4232);
#2981=LINE('',#18097,#4233);
#2982=LINE('',#18100,#4234);
#2983=LINE('',#18101,#4235);
#2984=LINE('',#18104,#4236);
#2985=LINE('',#18105,#4237);
#2986=LINE('',#18108,#4238);
#2987=LINE('',#18109,#4239);
#2988=LINE('',#18112,#4240);
#2989=LINE('',#18113,#4241);
#2990=LINE('',#18116,#4242);
#2991=LINE('',#18117,#4243);
#2992=LINE('',#18120,#4244);
#2993=LINE('',#18121,#4245);
#2994=LINE('',#18124,#4246);
#2995=LINE('',#18125,#4247);
#2996=LINE('',#18128,#4248);
#2997=LINE('',#18129,#4249);
#2998=LINE('',#18132,#4250);
#2999=LINE('',#18134,#4251);
#3000=LINE('',#18136,#4252);
#3001=LINE('',#18138,#4253);
#3002=LINE('',#18140,#4254);
#3003=LINE('',#18142,#4255);
#3004=LINE('',#18144,#4256);
#3005=LINE('',#18146,#4257);
#3006=LINE('',#18148,#4258);
#3007=LINE('',#18149,#4259);
#3008=LINE('',#18151,#4260);
#3009=LINE('',#18152,#4261);
#3010=LINE('',#18154,#4262);
#3011=LINE('',#18156,#4263);
#3012=LINE('',#18158,#4264);
#3013=LINE('',#18160,#4265);
#3014=LINE('',#18162,#4266);
#3015=LINE('',#18164,#4267);
#3016=LINE('',#18166,#4268);
#3017=LINE('',#18172,#4269);
#3018=LINE('',#18174,#4270);
#3019=LINE('',#18175,#4271);
#3020=LINE('',#18178,#4272);
#3021=LINE('',#18180,#4273);
#3022=LINE('',#18181,#4274);
#3023=LINE('',#18185,#4275);
#3024=LINE('',#18187,#4276);
#3025=LINE('',#18189,#4277);
#3026=LINE('',#18190,#4278);
#3027=LINE('',#18193,#4279);
#3028=LINE('',#18195,#4280);
#3029=LINE('',#18196,#4281);
#3030=LINE('',#18199,#4282);
#3031=LINE('',#18201,#4283);
#3032=LINE('',#18202,#4284);
#3033=LINE('',#18206,#4285);
#3034=LINE('',#18208,#4286);
#3035=LINE('',#18210,#4287);
#3036=LINE('',#18211,#4288);
#3037=LINE('',#18214,#4289);
#3038=LINE('',#18216,#4290);
#3039=LINE('',#18217,#4291);
#3040=LINE('',#18220,#4292);
#3041=LINE('',#18222,#4293);
#3042=LINE('',#18223,#4294);
#3043=LINE('',#18226,#4295);
#3044=LINE('',#18228,#4296);
#3045=LINE('',#18230,#4297);
#3046=LINE('',#18232,#4298);
#3047=LINE('',#18234,#4299);
#3048=LINE('',#18235,#4300);
#3049=LINE('',#18237,#4301);
#3050=LINE('',#18239,#4302);
#3051=LINE('',#18241,#4303);
#3052=LINE('',#18243,#4304);
#3053=LINE('',#18245,#4305);
#3054=LINE('',#18247,#4306);
#3055=LINE('',#18249,#4307);
#3056=LINE('',#18251,#4308);
#3057=LINE('',#18253,#4309);
#3058=LINE('',#18255,#4310);
#3059=LINE('',#18257,#4311);
#3060=LINE('',#18259,#4312);
#3061=LINE('',#18261,#4313);
#3062=LINE('',#18263,#4314);
#3063=LINE('',#18265,#4315);
#3064=LINE('',#18266,#4316);
#3065=LINE('',#18268,#4317);
#3066=LINE('',#18270,#4318);
#3067=LINE('',#18272,#4319);
#3068=LINE('',#18274,#4320);
#3069=LINE('',#18276,#4321);
#3070=LINE('',#18278,#4322);
#3071=LINE('',#18280,#4323);
#3072=LINE('',#18281,#4324);
#3073=LINE('',#18282,#4325);
#3074=LINE('',#18285,#4326);
#3075=LINE('',#18287,#4327);
#3076=LINE('',#18289,#4328);
#3077=LINE('',#18291,#4329);
#3078=LINE('',#18293,#4330);
#3079=LINE('',#18294,#4331);
#3080=LINE('',#18296,#4332);
#3081=LINE('',#18298,#4333);
#3082=LINE('',#18299,#4334);
#3083=LINE('',#18301,#4335);
#3084=LINE('',#18303,#4336);
#3085=LINE('',#18305,#4337);
#3086=LINE('',#18307,#4338);
#3087=LINE('',#18309,#4339);
#3088=LINE('',#18310,#4340);
#3089=LINE('',#18312,#4341);
#3090=LINE('',#18314,#4342);
#3091=LINE('',#18316,#4343);
#3092=LINE('',#18318,#4344);
#3093=LINE('',#18319,#4345);
#3094=LINE('',#18321,#4346);
#3095=LINE('',#18323,#4347);
#3096=LINE('',#18325,#4348);
#3097=LINE('',#18327,#4349);
#3098=LINE('',#18331,#4350);
#3099=LINE('',#18333,#4351);
#3100=LINE('',#18334,#4352);
#3101=LINE('',#18336,#4353);
#3102=LINE('',#18338,#4354);
#3103=LINE('',#18340,#4355);
#3104=LINE('',#18342,#4356);
#3105=LINE('',#18344,#4357);
#3106=LINE('',#18346,#4358);
#3107=LINE('',#18348,#4359);
#3108=LINE('',#18350,#4360);
#3109=LINE('',#18352,#4361);
#3110=LINE('',#18354,#4362);
#3111=LINE('',#18356,#4363);
#3112=LINE('',#18359,#4364);
#3113=LINE('',#18361,#4365);
#3114=LINE('',#18363,#4366);
#3115=LINE('',#18369,#4367);
#3116=LINE('',#18371,#4368);
#3117=LINE('',#18373,#4369);
#3118=LINE('',#18374,#4370);
#3119=LINE('',#18377,#4371);
#3120=LINE('',#18379,#4372);
#3121=LINE('',#18380,#4373);
#3122=LINE('',#18384,#4374);
#3123=LINE('',#18386,#4375);
#3124=LINE('',#18388,#4376);
#3125=LINE('',#18389,#4377);
#3126=LINE('',#18392,#4378);
#3127=LINE('',#18394,#4379);
#3128=LINE('',#18395,#4380);
#3129=LINE('',#18397,#4381);
#3130=LINE('',#18399,#4382);
#3131=LINE('',#18401,#4383);
#3132=LINE('',#18403,#4384);
#3133=LINE('',#18405,#4385);
#3134=LINE('',#18407,#4386);
#3135=LINE('',#18409,#4387);
#3136=LINE('',#18411,#4388);
#3137=LINE('',#18413,#4389);
#3138=LINE('',#18415,#4390);
#3139=LINE('',#18417,#4391);
#3140=LINE('',#18418,#4392);
#3141=LINE('',#18420,#4393);
#3142=LINE('',#18423,#4394);
#3143=LINE('',#18425,#4395);
#3144=LINE('',#18426,#4396);
#3145=LINE('',#18429,#4397);
#3146=LINE('',#18430,#4398);
#3147=LINE('',#18433,#4399);
#3148=LINE('',#18434,#4400);
#3149=LINE('',#18437,#4401);
#3150=LINE('',#18439,#4402);
#3151=LINE('',#18440,#4403);
#3152=LINE('',#18443,#4404);
#3153=LINE('',#18444,#4405);
#3154=LINE('',#18447,#4406);
#3155=LINE('',#18448,#4407);
#3156=LINE('',#18450,#4408);
#3157=LINE('',#18453,#4409);
#3158=LINE('',#18454,#4410);
#3159=LINE('',#18457,#4411);
#3160=LINE('',#18458,#4412);
#3161=LINE('',#18460,#4413);
#3162=LINE('',#18462,#4414);
#3163=LINE('',#18468,#4415);
#3164=LINE('',#18470,#4416);
#3165=LINE('',#18472,#4417);
#3166=LINE('',#18474,#4418);
#3167=LINE('',#18475,#4419);
#3168=LINE('',#18478,#4420);
#3169=LINE('',#18480,#4421);
#3170=LINE('',#18482,#4422);
#3171=LINE('',#18484,#4423);
#3172=LINE('',#18486,#4424);
#3173=LINE('',#18487,#4425);
#3174=LINE('',#18490,#4426);
#3175=LINE('',#18492,#4427);
#3176=LINE('',#18494,#4428);
#3177=LINE('',#18496,#4429);
#3178=LINE('',#18497,#4430);
#3179=LINE('',#18500,#4431);
#3180=LINE('',#18501,#4432);
#3181=LINE('',#18504,#4433);
#3182=LINE('',#18506,#4434);
#3183=LINE('',#18507,#4435);
#3184=LINE('',#18510,#4436);
#3185=LINE('',#18511,#4437);
#3186=LINE('',#18515,#4438);
#3187=LINE('',#18517,#4439);
#3188=LINE('',#18519,#4440);
#3189=LINE('',#18520,#4441);
#3190=LINE('',#18524,#4442);
#3191=LINE('',#18526,#4443);
#3192=LINE('',#18528,#4444);
#3193=LINE('',#18529,#4445);
#3194=LINE('',#18531,#4446);
#3195=LINE('',#18532,#4447);
#3196=LINE('',#18536,#4448);
#3197=LINE('',#18537,#4449);
#3198=LINE('',#18539,#4450);
#3199=LINE('',#18540,#4451);
#3200=LINE('',#18544,#4452);
#3201=LINE('',#18545,#4453);
#3202=LINE('',#18546,#4454);
#3203=LINE('',#18550,#4455);
#3204=LINE('',#18551,#4456);
#3205=LINE('',#18552,#4457);
#3206=LINE('',#18555,#4458);
#3207=LINE('',#18556,#4459);
#3208=LINE('',#18559,#4460);
#3209=LINE('',#18560,#4461);
#3210=LINE('',#18562,#4462);
#3211=LINE('',#18564,#4463);
#3212=LINE('',#18565,#4464);
#3213=LINE('',#18567,#4465);
#3214=LINE('',#18570,#4466);
#3215=LINE('',#18571,#4467);
#3216=LINE('',#18573,#4468);
#3217=LINE('',#18575,#4469);
#3218=LINE('',#18581,#4470);
#3219=LINE('',#18583,#4471);
#3220=LINE('',#18585,#4472);
#3221=LINE('',#18587,#4473);
#3222=LINE('',#18589,#4474);
#3223=LINE('',#18591,#4475);
#3224=LINE('',#18593,#4476);
#3225=LINE('',#18595,#4477);
#3226=LINE('',#18597,#4478);
#3227=LINE('',#18598,#4479);
#3228=LINE('',#18601,#4480);
#3229=LINE('',#18603,#4481);
#3230=LINE('',#18605,#4482);
#3231=LINE('',#18607,#4483);
#3232=LINE('',#18609,#4484);
#3233=LINE('',#18611,#4485);
#3234=LINE('',#18612,#4486);
#3235=LINE('',#18616,#4487);
#3236=LINE('',#18617,#4488);
#3237=LINE('',#18618,#4489);
#3238=LINE('',#18620,#4490);
#3239=LINE('',#18623,#4491);
#3240=LINE('',#18624,#4492);
#3241=LINE('',#18627,#4493);
#3242=LINE('',#18628,#4494);
#3243=LINE('',#18632,#4495);
#3244=LINE('',#18634,#4496);
#3245=LINE('',#18636,#4497);
#3246=LINE('',#18637,#4498);
#3247=LINE('',#18639,#4499);
#3248=LINE('',#18640,#4500);
#3249=LINE('',#18642,#4501);
#3250=LINE('',#18643,#4502);
#3251=LINE('',#18646,#4503);
#3252=LINE('',#18647,#4504);
#3253=LINE('',#18650,#4505);
#3254=LINE('',#18652,#4506);
#3255=LINE('',#18654,#4507);
#3256=LINE('',#18656,#4508);
#3257=LINE('',#18658,#4509);
#3258=LINE('',#18660,#4510);
#3259=LINE('',#18662,#4511);
#3260=LINE('',#18664,#4512);
#3261=LINE('',#18665,#4513);
#3262=LINE('',#18669,#4514);
#3263=LINE('',#18671,#4515);
#3264=LINE('',#18673,#4516);
#3265=LINE('',#18675,#4517);
#3266=LINE('',#18677,#4518);
#3267=LINE('',#18679,#4519);
#3268=LINE('',#18681,#4520);
#3269=LINE('',#18683,#4521);
#3270=LINE('',#18685,#4522);
#3271=LINE('',#18686,#4523);
#3272=LINE('',#18689,#4524);
#3273=LINE('',#18691,#4525);
#3274=LINE('',#18692,#4526);
#3275=LINE('',#18695,#4527);
#3276=LINE('',#18696,#4528);
#3277=LINE('',#18699,#4529);
#3278=LINE('',#18700,#4530);
#3279=LINE('',#18703,#4531);
#3280=LINE('',#18704,#4532);
#3281=LINE('',#18707,#4533);
#3282=LINE('',#18708,#4534);
#3283=LINE('',#18711,#4535);
#3284=LINE('',#18712,#4536);
#3285=LINE('',#18715,#4537);
#3286=LINE('',#18716,#4538);
#3287=LINE('',#18718,#4539);
#3288=LINE('',#18722,#4540);
#3289=LINE('',#18724,#4541);
#3290=LINE('',#18726,#4542);
#3291=LINE('',#18728,#4543);
#3292=LINE('',#18730,#4544);
#3293=LINE('',#18732,#4545);
#3294=LINE('',#18734,#4546);
#3295=LINE('',#18736,#4547);
#3296=LINE('',#18738,#4548);
#3297=LINE('',#18739,#4549);
#3298=LINE('',#18741,#4550);
#3299=LINE('',#18742,#4551);
#3300=LINE('',#18744,#4552);
#3301=LINE('',#18746,#4553);
#3302=LINE('',#18747,#4554);
#3303=LINE('',#18749,#4555);
#3304=LINE('',#18751,#4556);
#3305=LINE('',#18753,#4557);
#3306=LINE('',#18755,#4558);
#3307=LINE('',#18757,#4559);
#3308=LINE('',#18763,#4560);
#3309=LINE('',#18765,#4561);
#3310=LINE('',#18767,#4562);
#3311=LINE('',#18769,#4563);
#3312=LINE('',#18771,#4564);
#3313=LINE('',#18773,#4565);
#3314=LINE('',#18775,#4566);
#3315=LINE('',#18776,#4567);
#3316=LINE('',#18779,#4568);
#3317=LINE('',#18781,#4569);
#3318=LINE('',#18783,#4570);
#3319=LINE('',#18785,#4571);
#3320=LINE('',#18787,#4572);
#3321=LINE('',#18789,#4573);
#3322=LINE('',#18791,#4574);
#3323=LINE('',#18793,#4575);
#3324=LINE('',#18794,#4576);
#3325=LINE('',#18797,#4577);
#3326=LINE('',#18799,#4578);
#3327=LINE('',#18800,#4579);
#3328=LINE('',#18802,#4580);
#3329=LINE('',#18804,#4581);
#3330=LINE('',#18805,#4582);
#3331=LINE('',#18808,#4583);
#3332=LINE('',#18809,#4584);
#3333=LINE('',#18813,#4585);
#3334=LINE('',#18814,#4586);
#3335=LINE('',#18815,#4587);
#3336=LINE('',#18817,#4588);
#3337=LINE('',#18821,#4589);
#3338=LINE('',#18822,#4590);
#3339=LINE('',#18823,#4591);
#3340=LINE('',#18826,#4592);
#3341=LINE('',#18827,#4593);
#3342=LINE('',#18829,#4594);
#3343=LINE('',#18832,#4595);
#3344=LINE('',#18833,#4596);
#3345=LINE('',#18837,#4597);
#3346=LINE('',#18839,#4598);
#3347=LINE('',#18841,#4599);
#3348=LINE('',#18842,#4600);
#3349=LINE('',#18845,#4601);
#3350=LINE('',#18846,#4602);
#3351=LINE('',#18848,#4603);
#3352=LINE('',#18849,#4604);
#3353=LINE('',#18851,#4605);
#3354=LINE('',#18853,#4606);
#3355=LINE('',#18856,#4607);
#3356=LINE('',#18862,#4608);
#3357=LINE('',#18864,#4609);
#3358=LINE('',#18866,#4610);
#3359=LINE('',#18867,#4611);
#3360=LINE('',#18870,#4612);
#3361=LINE('',#18872,#4613);
#3362=LINE('',#18873,#4614);
#3363=LINE('',#18876,#4615);
#3364=LINE('',#18878,#4616);
#3365=LINE('',#18879,#4617);
#3366=LINE('',#18881,#4618);
#3367=LINE('',#18882,#4619);
#3368=VECTOR('',#12585,10.);
#3369=VECTOR('',#12586,10.);
#3370=VECTOR('',#12587,10.);
#3371=VECTOR('',#12588,10.);
#3372=VECTOR('',#12589,10.);
#3373=VECTOR('',#12590,10.);
#3374=VECTOR('',#12591,10.);
#3375=VECTOR('',#12592,10.);
#3376=VECTOR('',#12595,10.);
#3377=VECTOR('',#12596,10.);
#3378=VECTOR('',#12597,10.);
#3379=VECTOR('',#12598,10.);
#3380=VECTOR('',#12599,10.);
#3381=VECTOR('',#12600,10.);
#3382=VECTOR('',#12601,10.);
#3383=VECTOR('',#12602,10.);
#3384=VECTOR('',#12605,10.);
#3385=VECTOR('',#12606,10.);
#3386=VECTOR('',#12609,10.);
#3387=VECTOR('',#12612,10.);
#3388=VECTOR('',#12617,10.);
#3389=VECTOR('',#12618,10.);
#3390=VECTOR('',#12621,10.);
#3391=VECTOR('',#12624,10.);
#3392=VECTOR('',#12631,10.);
#3393=VECTOR('',#12632,10.);
#3394=VECTOR('',#12633,10.);
#3395=VECTOR('',#12634,10.);
#3396=VECTOR('',#12635,10.);
#3397=VECTOR('',#12636,10.);
#3398=VECTOR('',#12637,10.);
#3399=VECTOR('',#12638,10.);
#3400=VECTOR('',#12641,10.);
#3401=VECTOR('',#12642,10.);
#3402=VECTOR('',#12643,10.);
#3403=VECTOR('',#12644,10.);
#3404=VECTOR('',#12645,10.);
#3405=VECTOR('',#12646,10.);
#3406=VECTOR('',#12647,10.);
#3407=VECTOR('',#12648,10.);
#3408=VECTOR('',#12651,10.);
#3409=VECTOR('',#12652,10.);
#3410=VECTOR('',#12655,10.);
#3411=VECTOR('',#12658,10.);
#3412=VECTOR('',#12663,10.);
#3413=VECTOR('',#12664,10.);
#3414=VECTOR('',#12667,10.);
#3415=VECTOR('',#12670,10.);
#3416=VECTOR('',#12679,8.50000000000001);
#3417=VECTOR('',#12686,8.50000000000001);
#3418=VECTOR('',#12691,10.);
#3419=VECTOR('',#12692,10.);
#3420=VECTOR('',#12693,10.);
#3421=VECTOR('',#12694,10.);
#3422=VECTOR('',#12697,10.);
#3423=VECTOR('',#12698,10.);
#3424=VECTOR('',#12699,10.);
#3425=VECTOR('',#12700,10.);
#3426=VECTOR('',#12703,10.);
#3427=VECTOR('',#12704,10.);
#3428=VECTOR('',#12707,10.);
#3429=VECTOR('',#12708,10.);
#3430=VECTOR('',#12709,10.);
#3431=VECTOR('',#12710,10.);
#3432=VECTOR('',#12713,10.);
#3433=VECTOR('',#12714,10.);
#3434=VECTOR('',#12715,10.);
#3435=VECTOR('',#12716,10.);
#3436=VECTOR('',#12719,10.);
#3437=VECTOR('',#12720,10.);
#3438=VECTOR('',#12723,10.);
#3439=VECTOR('',#12724,10.);
#3440=VECTOR('',#12727,10.);
#3441=VECTOR('',#12728,10.);
#3442=VECTOR('',#12739,10.);
#3443=VECTOR('',#12740,10.);
#3444=VECTOR('',#12745,10.);
#3445=VECTOR('',#12746,10.);
#3446=VECTOR('',#12751,10.);
#3447=VECTOR('',#12756,12.5);
#3448=VECTOR('',#12761,10.);
#3449=VECTOR('',#12764,10.);
#3450=VECTOR('',#12771,4.34999999999995);
#3451=VECTOR('',#12778,10.);
#3452=VECTOR('',#12779,10.);
#3453=VECTOR('',#12780,10.);
#3454=VECTOR('',#12781,10.);
#3455=VECTOR('',#12786,10.);
#3456=VECTOR('',#12787,10.);
#3457=VECTOR('',#12790,10.);
#3458=VECTOR('',#12793,10.);
#3459=VECTOR('',#12794,10.);
#3460=VECTOR('',#12799,7.99999999999997);
#3461=VECTOR('',#12808,8.50000000000001);
#3462=VECTOR('',#12813,10.);
#3463=VECTOR('',#12816,10.);
#3464=VECTOR('',#12827,10.);
#3465=VECTOR('',#12828,10.);
#3466=VECTOR('',#12829,10.);
#3467=VECTOR('',#12830,10.);
#3468=VECTOR('',#12831,10.);
#3469=VECTOR('',#12832,10.);
#3470=VECTOR('',#12833,10.);
#3471=VECTOR('',#12834,10.);
#3472=VECTOR('',#12837,10.);
#3473=VECTOR('',#12838,10.);
#3474=VECTOR('',#12839,10.);
#3475=VECTOR('',#12842,10.);
#3476=VECTOR('',#12843,10.);
#3477=VECTOR('',#12846,10.);
#3478=VECTOR('',#12847,10.);
#3479=VECTOR('',#12850,10.);
#3480=VECTOR('',#12853,10.);
#3481=VECTOR('',#12854,10.);
#3482=VECTOR('',#12855,10.);
#3483=VECTOR('',#12858,10.);
#3484=VECTOR('',#12859,10.);
#3485=VECTOR('',#12862,10.);
#3486=VECTOR('',#12863,10.);
#3487=VECTOR('',#12866,10.);
#3488=VECTOR('',#12875,8.50000000000001);
#3489=VECTOR('',#12882,8.50000000000001);
#3490=VECTOR('',#12887,10.);
#3491=VECTOR('',#12888,10.);
#3492=VECTOR('',#12889,10.);
#3493=VECTOR('',#12890,10.);
#3494=VECTOR('',#12893,10.);
#3495=VECTOR('',#12894,10.);
#3496=VECTOR('',#12895,10.);
#3497=VECTOR('',#12896,10.);
#3498=VECTOR('',#12899,10.);
#3499=VECTOR('',#12900,10.);
#3500=VECTOR('',#12903,10.);
#3501=VECTOR('',#12904,10.);
#3502=VECTOR('',#12905,10.);
#3503=VECTOR('',#12906,10.);
#3504=VECTOR('',#12909,10.);
#3505=VECTOR('',#12910,10.);
#3506=VECTOR('',#12911,10.);
#3507=VECTOR('',#12912,10.);
#3508=VECTOR('',#12915,10.);
#3509=VECTOR('',#12916,10.);
#3510=VECTOR('',#12919,10.);
#3511=VECTOR('',#12920,10.);
#3512=VECTOR('',#12923,10.);
#3513=VECTOR('',#12924,10.);
#3514=VECTOR('',#12935,7.99999999999997);
#3515=VECTOR('',#12942,10.);
#3516=VECTOR('',#12943,10.);
#3517=VECTOR('',#12944,10.);
#3518=VECTOR('',#12945,10.);
#3519=VECTOR('',#12948,10.);
#3520=VECTOR('',#12949,10.);
#3521=VECTOR('',#12950,10.);
#3522=VECTOR('',#12953,10.);
#3523=VECTOR('',#12954,10.);
#3524=VECTOR('',#12955,10.);
#3525=VECTOR('',#12958,10.);
#3526=VECTOR('',#12959,10.);
#3527=VECTOR('',#12960,10.);
#3528=VECTOR('',#12963,10.);
#3529=VECTOR('',#12964,10.);
#3530=VECTOR('',#12965,10.);
#3531=VECTOR('',#12968,10.);
#3532=VECTOR('',#12969,10.);
#3533=VECTOR('',#12980,10.);
#3534=VECTOR('',#12981,10.);
#3535=VECTOR('',#12986,10.);
#3536=VECTOR('',#12987,10.);
#3537=VECTOR('',#12992,10.);
#3538=VECTOR('',#12997,12.5);
#3539=VECTOR('',#13004,10.);
#3540=VECTOR('',#13007,10.);
#3541=VECTOR('',#13012,4.34999999999995);
#3542=VECTOR('',#13019,10.);
#3543=VECTOR('',#13020,10.);
#3544=VECTOR('',#13021,10.);
#3545=VECTOR('',#13022,10.);
#3546=VECTOR('',#13027,10.);
#3547=VECTOR('',#13028,10.);
#3548=VECTOR('',#13031,10.);
#3549=VECTOR('',#13034,10.);
#3550=VECTOR('',#13035,10.);
#3551=VECTOR('',#13040,7.99999999999997);
#3552=VECTOR('',#13049,8.50000000000001);
#3553=VECTOR('',#13054,10.);
#3554=VECTOR('',#13057,10.);
#3555=VECTOR('',#13070,7.99999999999997);
#3556=VECTOR('',#13077,10.);
#3557=VECTOR('',#13078,10.);
#3558=VECTOR('',#13079,10.);
#3559=VECTOR('',#13080,10.);
#3560=VECTOR('',#13083,10.);
#3561=VECTOR('',#13084,10.);
#3562=VECTOR('',#13085,10.);
#3563=VECTOR('',#13088,10.);
#3564=VECTOR('',#13089,10.);
#3565=VECTOR('',#13090,10.);
#3566=VECTOR('',#13093,10.);
#3567=VECTOR('',#13094,10.);
#3568=VECTOR('',#13095,10.);
#3569=VECTOR('',#13098,10.);
#3570=VECTOR('',#13099,10.);
#3571=VECTOR('',#13100,10.);
#3572=VECTOR('',#13103,10.);
#3573=VECTOR('',#13104,10.);
#3574=VECTOR('',#13115,4.49999999999996);
#3575=VECTOR('',#13122,5.);
#3576=VECTOR('',#13135,3.99999999999999);
#3577=VECTOR('',#13142,4.50000000000003);
#3578=VECTOR('',#13153,5.);
#3579=VECTOR('',#13162,10.);
#3580=VECTOR('',#13163,10.);
#3581=VECTOR('',#13164,10.);
#3582=VECTOR('',#13169,10.);
#3583=VECTOR('',#13172,10.);
#3584=VECTOR('',#13173,10.);
#3585=VECTOR('',#13176,10.);
#3586=VECTOR('',#13177,10.);
#3587=VECTOR('',#13178,10.);
#3588=VECTOR('',#13181,10.);
#3589=VECTOR('',#13182,10.);
#3590=VECTOR('',#13183,10.);
#3591=VECTOR('',#13184,10.);
#3592=VECTOR('',#13191,10.);
#3593=VECTOR('',#13204,3.99999999999999);
#3594=VECTOR('',#13205,10.);
#3595=VECTOR('',#13206,10.);
#3596=VECTOR('',#13211,4.34999999999995);
#3597=VECTOR('',#13218,10.);
#3598=VECTOR('',#13221,10.);
#3599=VECTOR('',#13228,10.);
#3600=VECTOR('',#13231,10.);
#3601=VECTOR('',#13232,10.);
#3602=VECTOR('',#13235,10.);
#3603=VECTOR('',#13236,10.);
#3604=VECTOR('',#13237,10.);
#3605=VECTOR('',#13242,10.);
#3606=VECTOR('',#13243,10.);
#3607=VECTOR('',#13244,10.);
#3608=VECTOR('',#13249,10.);
#3609=VECTOR('',#13250,10.);
#3610=VECTOR('',#13251,10.);
#3611=VECTOR('',#13252,10.);
#3612=VECTOR('',#13257,10.);
#3613=VECTOR('',#13270,3.99999999999999);
#3614=VECTOR('',#13271,10.);
#3615=VECTOR('',#13272,10.);
#3616=VECTOR('',#13277,4.34999999999995);
#3617=VECTOR('',#13284,10.);
#3618=VECTOR('',#13287,10.);
#3619=VECTOR('',#13296,4.49999999999996);
#3620=VECTOR('',#13303,5.);
#3621=VECTOR('',#13316,3.99999999999999);
#3622=VECTOR('',#13323,4.50000000000003);
#3623=VECTOR('',#13334,5.);
#3624=VECTOR('',#13351,10.);
#3625=VECTOR('',#13354,10.);
#3626=VECTOR('',#13361,4.34999999999995);
#3627=VECTOR('',#13368,10.);
#3628=VECTOR('',#13371,10.);
#3629=VECTOR('',#13374,10.);
#3630=VECTOR('',#13375,10.);
#3631=VECTOR('',#13382,10.);
#3632=VECTOR('',#13385,10.);
#3633=VECTOR('',#13388,5.00001199543476);
#3634=VECTOR('',#13391,7.93750000000003);
#3635=VECTOR('',#13396,10.);
#3636=VECTOR('',#13397,10.);
#3637=VECTOR('',#13398,10.);
#3638=VECTOR('',#13399,10.);
#3639=VECTOR('',#13400,10.);
#3640=VECTOR('',#13401,10.);
#3641=VECTOR('',#13402,10.);
#3642=VECTOR('',#13403,10.);
#3643=VECTOR('',#13406,10.);
#3644=VECTOR('',#13407,10.);
#3645=VECTOR('',#13408,10.);
#3646=VECTOR('',#13409,10.);
#3647=VECTOR('',#13410,10.);
#3648=VECTOR('',#13411,10.);
#3649=VECTOR('',#13412,10.);
#3650=VECTOR('',#13413,10.);
#3651=VECTOR('',#13416,10.);
#3652=VECTOR('',#13417,10.);
#3653=VECTOR('',#13420,10.);
#3654=VECTOR('',#13423,10.);
#3655=VECTOR('',#13428,10.);
#3656=VECTOR('',#13429,10.);
#3657=VECTOR('',#13432,10.);
#3658=VECTOR('',#13435,10.);
#3659=VECTOR('',#13442,10.);
#3660=VECTOR('',#13443,10.);
#3661=VECTOR('',#13444,10.);
#3662=VECTOR('',#13445,10.);
#3663=VECTOR('',#13446,10.);
#3664=VECTOR('',#13447,10.);
#3665=VECTOR('',#13448,10.);
#3666=VECTOR('',#13449,10.);
#3667=VECTOR('',#13452,10.);
#3668=VECTOR('',#13453,10.);
#3669=VECTOR('',#13454,10.);
#3670=VECTOR('',#13455,10.);
#3671=VECTOR('',#13456,10.);
#3672=VECTOR('',#13457,10.);
#3673=VECTOR('',#13458,10.);
#3674=VECTOR('',#13459,10.);
#3675=VECTOR('',#13462,10.);
#3676=VECTOR('',#13463,10.);
#3677=VECTOR('',#13466,10.);
#3678=VECTOR('',#13469,10.);
#3679=VECTOR('',#13474,10.);
#3680=VECTOR('',#13475,10.);
#3681=VECTOR('',#13478,10.);
#3682=VECTOR('',#13481,10.);
#3683=VECTOR('',#13488,10.);
#3684=VECTOR('',#13489,10.);
#3685=VECTOR('',#13490,10.);
#3686=VECTOR('',#13491,10.);
#3687=VECTOR('',#13492,10.);
#3688=VECTOR('',#13493,10.);
#3689=VECTOR('',#13494,10.);
#3690=VECTOR('',#13495,10.);
#3691=VECTOR('',#13498,10.);
#3692=VECTOR('',#13499,10.);
#3693=VECTOR('',#13500,10.);
#3694=VECTOR('',#13501,10.);
#3695=VECTOR('',#13502,10.);
#3696=VECTOR('',#13503,10.);
#3697=VECTOR('',#13504,10.);
#3698=VECTOR('',#13505,10.);
#3699=VECTOR('',#13508,10.);
#3700=VECTOR('',#13509,10.);
#3701=VECTOR('',#13512,10.);
#3702=VECTOR('',#13515,10.);
#3703=VECTOR('',#13520,10.);
#3704=VECTOR('',#13521,10.);
#3705=VECTOR('',#13524,10.);
#3706=VECTOR('',#13527,10.);
#3707=VECTOR('',#13550,7.9375);
#3708=VECTOR('',#13571,7.9375);
#3709=VECTOR('',#13590,321.31);
#3710=VECTOR('',#13595,10.);
#3711=VECTOR('',#13598,10.);
#3712=VECTOR('',#13603,10.);
#3713=VECTOR('',#13606,10.);
#3714=VECTOR('',#13609,10.);
#3715=VECTOR('',#13612,10.);
#3716=VECTOR('',#13615,10.);
#3717=VECTOR('',#13618,10.);
#3718=VECTOR('',#13621,10.);
#3719=VECTOR('',#13624,10.);
#3720=VECTOR('',#13627,10.);
#3721=VECTOR('',#13630,10.);
#3722=VECTOR('',#13633,10.);
#3723=VECTOR('',#13636,10.);
#3724=VECTOR('',#13639,10.);
#3725=VECTOR('',#13642,10.);
#3726=VECTOR('',#13645,10.);
#3727=VECTOR('',#13648,10.);
#3728=VECTOR('',#13651,10.);
#3729=VECTOR('',#13654,10.);
#3730=VECTOR('',#13657,10.);
#3731=VECTOR('',#13660,10.);
#3732=VECTOR('',#13663,10.);
#3733=VECTOR('',#13666,10.);
#3734=VECTOR('',#13669,10.);
#3735=VECTOR('',#13672,10.);
#3736=VECTOR('',#13675,10.);
#3737=VECTOR('',#13678,10.);
#3738=VECTOR('',#13681,10.);
#3739=VECTOR('',#13684,10.);
#3740=VECTOR('',#13687,10.);
#3741=VECTOR('',#13690,10.);
#3742=VECTOR('',#13693,10.);
#3743=VECTOR('',#13696,10.);
#3744=VECTOR('',#13699,10.);
#3745=VECTOR('',#13702,10.);
#3746=VECTOR('',#13705,10.);
#3747=VECTOR('',#13708,10.);
#3748=VECTOR('',#13711,10.);
#3749=VECTOR('',#13714,10.);
#3750=VECTOR('',#13725,10.);
#3751=VECTOR('',#13728,10.);
#3752=VECTOR('',#13731,10.);
#3753=VECTOR('',#13734,10.);
#3754=VECTOR('',#13737,10.);
#3755=VECTOR('',#13740,10.);
#3756=VECTOR('',#13743,10.);
#3757=VECTOR('',#13746,10.);
#3758=VECTOR('',#13749,10.);
#3759=VECTOR('',#13752,10.);
#3760=VECTOR('',#13755,10.);
#3761=VECTOR('',#13758,10.);
#3762=VECTOR('',#13761,10.);
#3763=VECTOR('',#13764,10.);
#3764=VECTOR('',#13767,10.);
#3765=VECTOR('',#13770,10.);
#3766=VECTOR('',#13773,10.);
#3767=VECTOR('',#13776,10.);
#3768=VECTOR('',#13779,10.);
#3769=VECTOR('',#13782,10.);
#3770=VECTOR('',#13785,10.);
#3771=VECTOR('',#13788,10.);
#3772=VECTOR('',#13793,10.);
#3773=VECTOR('',#13796,10.);
#3774=VECTOR('',#13797,10.);
#3775=VECTOR('',#13800,10.);
#3776=VECTOR('',#13803,10.);
#3777=VECTOR('',#13806,10.);
#3778=VECTOR('',#13809,10.);
#3779=VECTOR('',#13812,10.);
#3780=VECTOR('',#13815,10.);
#3781=VECTOR('',#13818,10.);
#3782=VECTOR('',#13821,10.);
#3783=VECTOR('',#13824,10.);
#3784=VECTOR('',#13827,10.);
#3785=VECTOR('',#13830,10.);
#3786=VECTOR('',#13833,10.);
#3787=VECTOR('',#13836,10.);
#3788=VECTOR('',#13839,10.);
#3789=VECTOR('',#13842,10.);
#3790=VECTOR('',#13849,10.);
#3791=VECTOR('',#13850,10.);
#3792=VECTOR('',#13851,10.);
#3793=VECTOR('',#13852,10.);
#3794=VECTOR('',#13859,10.);
#3795=VECTOR('',#13862,10.);
#3796=VECTOR('',#13863,10.);
#3797=VECTOR('',#13864,10.);
#3798=VECTOR('',#13875,10.);
#3799=VECTOR('',#13876,10.);
#3800=VECTOR('',#13877,10.);
#3801=VECTOR('',#13878,10.);
#3802=VECTOR('',#13885,10.);
#3803=VECTOR('',#13888,10.);
#3804=VECTOR('',#13889,10.);
#3805=VECTOR('',#13890,10.);
#3806=VECTOR('',#13909,81.24);
#3807=VECTOR('',#13914,50.);
#3808=VECTOR('',#13917,10.);
#3809=VECTOR('',#13918,10.);
#3810=VECTOR('',#13921,10.);
#3811=VECTOR('',#13924,10.);
#3812=VECTOR('',#13925,10.);
#3813=VECTOR('',#13928,10.);
#3814=VECTOR('',#13931,10.);
#3815=VECTOR('',#13932,10.);
#3816=VECTOR('',#13935,10.);
#3817=VECTOR('',#13938,10.);
#3818=VECTOR('',#13939,10.);
#3819=VECTOR('',#13942,10.);
#3820=VECTOR('',#13945,10.);
#3821=VECTOR('',#13946,10.);
#3822=VECTOR('',#13949,10.);
#3823=VECTOR('',#13952,10.);
#3824=VECTOR('',#13953,10.);
#3825=VECTOR('',#13956,10.);
#3826=VECTOR('',#13959,10.);
#3827=VECTOR('',#13960,10.);
#3828=VECTOR('',#13963,10.);
#3829=VECTOR('',#13966,10.);
#3830=VECTOR('',#13967,10.);
#3831=VECTOR('',#13970,10.);
#3832=VECTOR('',#13973,10.);
#3833=VECTOR('',#13974,10.);
#3834=VECTOR('',#13977,10.);
#3835=VECTOR('',#13980,10.);
#3836=VECTOR('',#13981,10.);
#3837=VECTOR('',#13984,10.);
#3838=VECTOR('',#13987,10.);
#3839=VECTOR('',#13988,10.);
#3840=VECTOR('',#13991,10.);
#3841=VECTOR('',#13994,10.);
#3842=VECTOR('',#13995,10.);
#3843=VECTOR('',#13998,10.);
#3844=VECTOR('',#14001,10.);
#3845=VECTOR('',#14002,10.);
#3846=VECTOR('',#14005,10.);
#3847=VECTOR('',#14008,10.);
#3848=VECTOR('',#14009,10.);
#3849=VECTOR('',#14012,10.);
#3850=VECTOR('',#14015,10.);
#3851=VECTOR('',#14016,10.);
#3852=VECTOR('',#14019,10.);
#3853=VECTOR('',#14022,10.);
#3854=VECTOR('',#14023,10.);
#3855=VECTOR('',#14026,10.);
#3856=VECTOR('',#14029,10.);
#3857=VECTOR('',#14030,10.);
#3858=VECTOR('',#14033,10.);
#3859=VECTOR('',#14036,10.);
#3860=VECTOR('',#14037,10.);
#3861=VECTOR('',#14040,10.);
#3862=VECTOR('',#14043,10.);
#3863=VECTOR('',#14044,10.);
#3864=VECTOR('',#14047,10.);
#3865=VECTOR('',#14050,10.);
#3866=VECTOR('',#14051,10.);
#3867=VECTOR('',#14054,10.);
#3868=VECTOR('',#14057,10.);
#3869=VECTOR('',#14062,10.);
#3870=VECTOR('',#14067,10.);
#3871=VECTOR('',#14072,10.);
#3872=VECTOR('',#14077,10.);
#3873=VECTOR('',#14082,10.);
#3874=VECTOR('',#14087,10.);
#3875=VECTOR('',#14092,10.);
#3876=VECTOR('',#14097,10.);
#3877=VECTOR('',#14102,10.);
#3878=VECTOR('',#14107,10.);
#3879=VECTOR('',#14112,10.);
#3880=VECTOR('',#14117,10.);
#3881=VECTOR('',#14122,10.);
#3882=VECTOR('',#14127,10.);
#3883=VECTOR('',#14132,10.);
#3884=VECTOR('',#14137,10.);
#3885=VECTOR('',#14142,10.);
#3886=VECTOR('',#14147,10.);
#3887=VECTOR('',#14152,10.);
#3888=VECTOR('',#14159,65.);
#3889=VECTOR('',#14164,75.);
#3890=VECTOR('',#14171,10.);
#3891=VECTOR('',#14172,10.);
#3892=VECTOR('',#14173,10.);
#3893=VECTOR('',#14174,10.);
#3894=VECTOR('',#14175,10.);
#3895=VECTOR('',#14176,10.);
#3896=VECTOR('',#14177,10.);
#3897=VECTOR('',#14178,10.);
#3898=VECTOR('',#14181,10.);
#3899=VECTOR('',#14182,10.);
#3900=VECTOR('',#14183,10.);
#3901=VECTOR('',#14186,10.);
#3902=VECTOR('',#14187,10.);
#3903=VECTOR('',#14190,10.);
#3904=VECTOR('',#14191,10.);
#3905=VECTOR('',#14192,10.);
#3906=VECTOR('',#14195,10.);
#3907=VECTOR('',#14196,10.);
#3908=VECTOR('',#14199,10.);
#3909=VECTOR('',#14200,10.);
#3910=VECTOR('',#14203,10.);
#3911=VECTOR('',#14206,10.);
#3912=VECTOR('',#14207,10.);
#3913=VECTOR('',#14210,10.);
#3914=VECTOR('',#14217,10.);
#3915=VECTOR('',#14218,10.);
#3916=VECTOR('',#14219,10.);
#3917=VECTOR('',#14220,10.);
#3918=VECTOR('',#14221,10.);
#3919=VECTOR('',#14222,10.);
#3920=VECTOR('',#14223,10.);
#3921=VECTOR('',#14224,10.);
#3922=VECTOR('',#14227,10.);
#3923=VECTOR('',#14228,10.);
#3924=VECTOR('',#14229,10.);
#3925=VECTOR('',#14232,10.);
#3926=VECTOR('',#14233,10.);
#3927=VECTOR('',#14236,10.);
#3928=VECTOR('',#14237,10.);
#3929=VECTOR('',#14238,10.);
#3930=VECTOR('',#14241,10.);
#3931=VECTOR('',#14242,10.);
#3932=VECTOR('',#14245,10.);
#3933=VECTOR('',#14246,10.);
#3934=VECTOR('',#14249,10.);
#3935=VECTOR('',#14252,10.);
#3936=VECTOR('',#14253,10.);
#3937=VECTOR('',#14256,10.);
#3938=VECTOR('',#14263,10.);
#3939=VECTOR('',#14264,10.);
#3940=VECTOR('',#14265,10.);
#3941=VECTOR('',#14266,10.);
#3942=VECTOR('',#14267,10.);
#3943=VECTOR('',#14268,10.);
#3944=VECTOR('',#14269,10.);
#3945=VECTOR('',#14270,10.);
#3946=VECTOR('',#14273,10.);
#3947=VECTOR('',#14274,10.);
#3948=VECTOR('',#14275,10.);
#3949=VECTOR('',#14276,10.);
#3950=VECTOR('',#14277,10.);
#3951=VECTOR('',#14278,10.);
#3952=VECTOR('',#14279,10.);
#3953=VECTOR('',#14280,10.);
#3954=VECTOR('',#14283,10.);
#3955=VECTOR('',#14284,10.);
#3956=VECTOR('',#14287,10.);
#3957=VECTOR('',#14290,10.);
#3958=VECTOR('',#14295,10.);
#3959=VECTOR('',#14296,10.);
#3960=VECTOR('',#14299,10.);
#3961=VECTOR('',#14302,10.);
#3962=VECTOR('',#14309,10.);
#3963=VECTOR('',#14310,10.);
#3964=VECTOR('',#14311,10.);
#3965=VECTOR('',#14312,10.);
#3966=VECTOR('',#14313,10.);
#3967=VECTOR('',#14314,10.);
#3968=VECTOR('',#14315,10.);
#3969=VECTOR('',#14316,10.);
#3970=VECTOR('',#14319,10.);
#3971=VECTOR('',#14320,10.);
#3972=VECTOR('',#14321,10.);
#3973=VECTOR('',#14324,10.);
#3974=VECTOR('',#14325,10.);
#3975=VECTOR('',#14328,10.);
#3976=VECTOR('',#14329,10.);
#3977=VECTOR('',#14330,10.);
#3978=VECTOR('',#14333,10.);
#3979=VECTOR('',#14334,10.);
#3980=VECTOR('',#14337,10.);
#3981=VECTOR('',#14338,10.);
#3982=VECTOR('',#14341,10.);
#3983=VECTOR('',#14344,10.);
#3984=VECTOR('',#14345,10.);
#3985=VECTOR('',#14348,10.);
#3986=VECTOR('',#14357,10.);
#3987=VECTOR('',#14360,10.);
#3988=VECTOR('',#14363,10.);
#3989=VECTOR('',#14364,2.1);
#3990=VECTOR('',#14365,10.);
#3991=VECTOR('',#14368,10.);
#3992=VECTOR('',#14371,10.);
#3993=VECTOR('',#14374,10.);
#3994=VECTOR('',#14375,10.);
#3995=VECTOR('',#14376,10.);
#3996=VECTOR('',#14379,10.);
#3997=VECTOR('',#14382,10.);
#3998=VECTOR('',#14385,10.);
#3999=VECTOR('',#14388,10.);
#4000=VECTOR('',#14393,10.);
#4001=VECTOR('',#14396,10.);
#4002=VECTOR('',#14403,10.);
#4003=VECTOR('',#14406,10.);
#4004=VECTOR('',#14409,10.);
#4005=VECTOR('',#14410,10.);
#4006=VECTOR('',#14415,10.);
#4007=VECTOR('',#14418,10.);
#4008=VECTOR('',#14421,10.);
#4009=VECTOR('',#14424,10.);
#4010=VECTOR('',#14425,10.);
#4011=VECTOR('',#14426,10.);
#4012=VECTOR('',#14429,10.);
#4013=VECTOR('',#14432,10.);
#4014=VECTOR('',#14439,10.);
#4015=VECTOR('',#14442,10.);
#4016=VECTOR('',#14445,10.);
#4017=VECTOR('',#14446,10.);
#4018=VECTOR('',#14449,10.);
#4019=VECTOR('',#14452,10.);
#4020=VECTOR('',#14453,10.);
#4021=VECTOR('',#14456,2.1);
#4022=VECTOR('',#14459,10.);
#4023=VECTOR('',#14460,10.);
#4024=VECTOR('',#14463,10.);
#4025=VECTOR('',#14468,10.);
#4026=VECTOR('',#14477,10.);
#4027=VECTOR('',#14478,10.);
#4028=VECTOR('',#14481,10.);
#4029=VECTOR('',#14484,10.);
#4030=VECTOR('',#14489,10.);
#4031=VECTOR('',#14492,10.);
#4032=VECTOR('',#14497,3.15);
#4033=VECTOR('',#14500,3.15);
#4034=VECTOR('',#14507,10.);
#4035=VECTOR('',#14510,10.);
#4036=VECTOR('',#14513,10.);
#4037=VECTOR('',#14514,10.);
#4038=VECTOR('',#14515,10.);
#4039=VECTOR('',#14522,10.);
#4040=VECTOR('',#14525,10.);
#4041=VECTOR('',#14526,10.);
#4042=VECTOR('',#14531,10.);
#4043=VECTOR('',#14534,10.);
#4044=VECTOR('',#14537,10.);
#4045=VECTOR('',#14538,10.);
#4046=VECTOR('',#14539,10.);
#4047=VECTOR('',#14542,10.);
#4048=VECTOR('',#14543,10.);
#4049=VECTOR('',#14544,10.);
#4050=VECTOR('',#14545,10.);
#4051=VECTOR('',#14546,10.);
#4052=VECTOR('',#14549,10.);
#4053=VECTOR('',#14556,10.);
#4054=VECTOR('',#14557,10.);
#4055=VECTOR('',#14560,10.);
#4056=VECTOR('',#14561,10.);
#4057=VECTOR('',#14566,10.);
#4058=VECTOR('',#14567,10.);
#4059=VECTOR('',#14568,10.);
#4060=VECTOR('',#14569,10.);
#4061=VECTOR('',#14570,10.);
#4062=VECTOR('',#14575,10.);
#4063=VECTOR('',#14576,10.);
#4064=VECTOR('',#14579,10.);
#4065=VECTOR('',#14584,10.);
#4066=VECTOR('',#14593,7.9375);
#4067=VECTOR('',#14598,10.);
#4068=VECTOR('',#14599,10.);
#4069=VECTOR('',#14600,10.);
#4070=VECTOR('',#14601,10.);
#4071=VECTOR('',#14604,10.);
#4072=VECTOR('',#14605,10.);
#4073=VECTOR('',#14606,10.);
#4074=VECTOR('',#14609,10.);
#4075=VECTOR('',#14610,10.);
#4076=VECTOR('',#14611,10.);
#4077=VECTOR('',#14614,10.);
#4078=VECTOR('',#14615,10.);
#4079=VECTOR('',#14624,10.);
#4080=VECTOR('',#14625,10.);
#4081=VECTOR('',#14626,10.);
#4082=VECTOR('',#14627,10.);
#4083=VECTOR('',#14630,10.);
#4084=VECTOR('',#14631,10.);
#4085=VECTOR('',#14632,10.);
#4086=VECTOR('',#14635,10.);
#4087=VECTOR('',#14636,10.);
#4088=VECTOR('',#14637,10.);
#4089=VECTOR('',#14640,10.);
#4090=VECTOR('',#14641,10.);
#4091=VECTOR('',#14644,10.);
#4092=VECTOR('',#14645,10.);
#4093=VECTOR('',#14646,10.);
#4094=VECTOR('',#14647,10.);
#4095=VECTOR('',#14650,10.);
#4096=VECTOR('',#14651,10.);
#4097=VECTOR('',#14652,10.);
#4098=VECTOR('',#14655,10.);
#4099=VECTOR('',#14656,10.);
#4100=VECTOR('',#14659,10.);
#4101=VECTOR('',#14660,10.);
#4102=VECTOR('',#14663,10.);
#4103=VECTOR('',#14670,10.);
#4104=VECTOR('',#14671,10.);
#4105=VECTOR('',#14672,10.);
#4106=VECTOR('',#14673,10.);
#4107=VECTOR('',#14676,10.);
#4108=VECTOR('',#14677,10.);
#4109=VECTOR('',#14678,10.);
#4110=VECTOR('',#14681,10.);
#4111=VECTOR('',#14682,10.);
#4112=VECTOR('',#14683,10.);
#4113=VECTOR('',#14686,10.);
#4114=VECTOR('',#14687,10.);
#4115=VECTOR('',#14690,10.);
#4116=VECTOR('',#14691,10.);
#4117=VECTOR('',#14692,10.);
#4118=VECTOR('',#14693,10.);
#4119=VECTOR('',#14696,10.);
#4120=VECTOR('',#14697,10.);
#4121=VECTOR('',#14698,10.);
#4122=VECTOR('',#14701,10.);
#4123=VECTOR('',#14702,10.);
#4124=VECTOR('',#14705,10.);
#4125=VECTOR('',#14706,10.);
#4126=VECTOR('',#14709,10.);
#4127=VECTOR('',#14716,10.);
#4128=VECTOR('',#14717,10.);
#4129=VECTOR('',#14718,10.);
#4130=VECTOR('',#14719,10.);
#4131=VECTOR('',#14720,10.);
#4132=VECTOR('',#14721,10.);
#4133=VECTOR('',#14722,10.);
#4134=VECTOR('',#14723,10.);
#4135=VECTOR('',#14726,10.);
#4136=VECTOR('',#14727,10.);
#4137=VECTOR('',#14728,10.);
#4138=VECTOR('',#14731,10.);
#4139=VECTOR('',#14732,10.);
#4140=VECTOR('',#14735,10.);
#4141=VECTOR('',#14736,10.);
#4142=VECTOR('',#14737,10.);
#4143=VECTOR('',#14740,10.);
#4144=VECTOR('',#14741,10.);
#4145=VECTOR('',#14744,10.);
#4146=VECTOR('',#14745,10.);
#4147=VECTOR('',#14748,10.);
#4148=VECTOR('',#14749,10.);
#4149=VECTOR('',#14752,10.);
#4150=VECTOR('',#14755,10.);
#4151=VECTOR('',#14764,10.);
#4152=VECTOR('',#14765,10.);
#4153=VECTOR('',#14766,10.);
#4154=VECTOR('',#14767,10.);
#4155=VECTOR('',#14770,10.);
#4156=VECTOR('',#14771,10.);
#4157=VECTOR('',#14772,10.);
#4158=VECTOR('',#14775,10.);
#4159=VECTOR('',#14776,10.);
#4160=VECTOR('',#14777,10.);
#4161=VECTOR('',#14778,10.);
#4162=VECTOR('',#14781,10.);
#4163=VECTOR('',#14782,10.);
#4164=VECTOR('',#14783,10.);
#4165=VECTOR('',#14784,10.);
#4166=VECTOR('',#14785,10.);
#4167=VECTOR('',#14788,10.);
#4168=VECTOR('',#14789,10.);
#4169=VECTOR('',#14790,10.);
#4170=VECTOR('',#14791,10.);
#4171=VECTOR('',#14794,10.);
#4172=VECTOR('',#14797,10.);
#4173=VECTOR('',#14798,10.);
#4174=VECTOR('',#14799,10.);
#4175=VECTOR('',#14802,10.);
#4176=VECTOR('',#14805,10.);
#4177=VECTOR('',#14806,10.);
#4178=VECTOR('',#14807,10.);
#4179=VECTOR('',#14810,10.);
#4180=VECTOR('',#14811,10.);
#4181=VECTOR('',#14812,10.);
#4182=VECTOR('',#14813,10.);
#4183=VECTOR('',#14814,10.);
#4184=VECTOR('',#14815,10.);
#4185=VECTOR('',#14816,10.);
#4186=VECTOR('',#14817,10.);
#4187=VECTOR('',#14818,10.);
#4188=VECTOR('',#14819,10.);
#4189=VECTOR('',#14820,10.);
#4190=VECTOR('',#14825,10.);
#4191=VECTOR('',#14826,10.);
#4192=VECTOR('',#14829,10.);
#4193=VECTOR('',#14830,10.);
#4194=VECTOR('',#14831,10.);
#4195=VECTOR('',#14834,10.);
#4196=VECTOR('',#14835,10.);
#4197=VECTOR('',#14836,10.);
#4198=VECTOR('',#14837,10.);
#4199=VECTOR('',#14838,10.);
#4200=VECTOR('',#14839,10.);
#4201=VECTOR('',#14842,10.);
#4202=VECTOR('',#14845,10.);
#4203=VECTOR('',#14850,10.);
#4204=VECTOR('',#14853,10.);
#4205=VECTOR('',#14856,10.);
#4206=VECTOR('',#14859,10.);
#4207=VECTOR('',#14862,10.);
#4208=VECTOR('',#14865,10.);
#4209=VECTOR('',#14874,10.);
#4210=VECTOR('',#14875,10.);
#4211=VECTOR('',#14876,10.);
#4212=VECTOR('',#14877,10.);
#4213=VECTOR('',#14878,10.);
#4214=VECTOR('',#14879,10.);
#4215=VECTOR('',#14880,10.);
#4216=VECTOR('',#14881,10.);
#4217=VECTOR('',#14882,10.);
#4218=VECTOR('',#14883,10.);
#4219=VECTOR('',#14884,10.);
#4220=VECTOR('',#14885,10.);
#4221=VECTOR('',#14886,10.);
#4222=VECTOR('',#14887,10.);
#4223=VECTOR('',#14888,10.);
#4224=VECTOR('',#14889,10.);
#4225=VECTOR('',#14890,10.);
#4226=VECTOR('',#14891,10.);
#4227=VECTOR('',#14892,10.);
#4228=VECTOR('',#14893,10.);
#4229=VECTOR('',#14896,10.);
#4230=VECTOR('',#14897,10.);
#4231=VECTOR('',#14898,10.);
#4232=VECTOR('',#14901,10.);
#4233=VECTOR('',#14902,10.);
#4234=VECTOR('',#14905,10.);
#4235=VECTOR('',#14906,10.);
#4236=VECTOR('',#14909,10.);
#4237=VECTOR('',#14910,10.);
#4238=VECTOR('',#14913,10.);
#4239=VECTOR('',#14914,10.);
#4240=VECTOR('',#14917,10.);
#4241=VECTOR('',#14918,10.);
#4242=VECTOR('',#14921,10.);
#4243=VECTOR('',#14922,10.);
#4244=VECTOR('',#14925,10.);
#4245=VECTOR('',#14926,10.);
#4246=VECTOR('',#14929,10.);
#4247=VECTOR('',#14930,10.);
#4248=VECTOR('',#14933,10.);
#4249=VECTOR('',#14934,10.);
#4250=VECTOR('',#14937,10.);
#4251=VECTOR('',#14938,10.);
#4252=VECTOR('',#14939,10.);
#4253=VECTOR('',#14940,10.);
#4254=VECTOR('',#14941,10.);
#4255=VECTOR('',#14942,10.);
#4256=VECTOR('',#14943,10.);
#4257=VECTOR('',#14944,10.);
#4258=VECTOR('',#14945,10.);
#4259=VECTOR('',#14946,10.);
#4260=VECTOR('',#14949,10.);
#4261=VECTOR('',#14950,10.);
#4262=VECTOR('',#14953,10.);
#4263=VECTOR('',#14956,10.);
#4264=VECTOR('',#14959,10.);
#4265=VECTOR('',#14962,10.);
#4266=VECTOR('',#14965,10.);
#4267=VECTOR('',#14968,10.);
#4268=VECTOR('',#14971,10.);
#4269=VECTOR('',#14978,10.);
#4270=VECTOR('',#14979,10.);
#4271=VECTOR('',#14980,10.);
#4272=VECTOR('',#14983,10.);
#4273=VECTOR('',#14984,10.);
#4274=VECTOR('',#14985,10.);
#4275=VECTOR('',#14988,10.);
#4276=VECTOR('',#14989,10.);
#4277=VECTOR('',#14990,10.);
#4278=VECTOR('',#14991,10.);
#4279=VECTOR('',#14994,10.);
#4280=VECTOR('',#14995,10.);
#4281=VECTOR('',#14996,10.);
#4282=VECTOR('',#14999,10.);
#4283=VECTOR('',#15000,10.);
#4284=VECTOR('',#15001,10.);
#4285=VECTOR('',#15004,10.);
#4286=VECTOR('',#15005,10.);
#4287=VECTOR('',#15006,10.);
#4288=VECTOR('',#15007,10.);
#4289=VECTOR('',#15010,10.);
#4290=VECTOR('',#15011,10.);
#4291=VECTOR('',#15012,10.);
#4292=VECTOR('',#15015,10.);
#4293=VECTOR('',#15016,10.);
#4294=VECTOR('',#15017,10.);
#4295=VECTOR('',#15020,10.);
#4296=VECTOR('',#15021,10.);
#4297=VECTOR('',#15022,10.);
#4298=VECTOR('',#15023,10.);
#4299=VECTOR('',#15024,10.);
#4300=VECTOR('',#15025,10.);
#4301=VECTOR('',#15026,10.);
#4302=VECTOR('',#15027,10.);
#4303=VECTOR('',#15028,10.);
#4304=VECTOR('',#15029,10.);
#4305=VECTOR('',#15030,10.);
#4306=VECTOR('',#15031,10.);
#4307=VECTOR('',#15032,10.);
#4308=VECTOR('',#15033,10.);
#4309=VECTOR('',#15034,10.);
#4310=VECTOR('',#15035,10.);
#4311=VECTOR('',#15036,10.);
#4312=VECTOR('',#15037,10.);
#4313=VECTOR('',#15038,10.);
#4314=VECTOR('',#15039,10.);
#4315=VECTOR('',#15040,10.);
#4316=VECTOR('',#15041,10.);
#4317=VECTOR('',#15044,10.);
#4318=VECTOR('',#15045,10.);
#4319=VECTOR('',#15046,10.);
#4320=VECTOR('',#15047,10.);
#4321=VECTOR('',#15048,10.);
#4322=VECTOR('',#15049,10.);
#4323=VECTOR('',#15050,10.);
#4324=VECTOR('',#15051,10.);
#4325=VECTOR('',#15052,10.);
#4326=VECTOR('',#15055,10.);
#4327=VECTOR('',#15056,10.);
#4328=VECTOR('',#15057,10.);
#4329=VECTOR('',#15058,10.);
#4330=VECTOR('',#15059,10.);
#4331=VECTOR('',#15060,10.);
#4332=VECTOR('',#15061,10.);
#4333=VECTOR('',#15062,10.);
#4334=VECTOR('',#15063,10.);
#4335=VECTOR('',#15064,10.);
#4336=VECTOR('',#15065,10.);
#4337=VECTOR('',#15066,10.);
#4338=VECTOR('',#15067,10.);
#4339=VECTOR('',#15068,10.);
#4340=VECTOR('',#15069,10.);
#4341=VECTOR('',#15070,10.);
#4342=VECTOR('',#15071,10.);
#4343=VECTOR('',#15072,10.);
#4344=VECTOR('',#15073,10.);
#4345=VECTOR('',#15074,10.);
#4346=VECTOR('',#15077,10.);
#4347=VECTOR('',#15080,10.);
#4348=VECTOR('',#15083,10.);
#4349=VECTOR('',#15086,10.);
#4350=VECTOR('',#15091,10.);
#4351=VECTOR('',#15092,10.);
#4352=VECTOR('',#15093,10.);
#4353=VECTOR('',#15096,10.);
#4354=VECTOR('',#15099,10.);
#4355=VECTOR('',#15102,10.);
#4356=VECTOR('',#15105,10.);
#4357=VECTOR('',#15108,10.);
#4358=VECTOR('',#15111,10.);
#4359=VECTOR('',#15114,10.);
#4360=VECTOR('',#15117,10.);
#4361=VECTOR('',#15120,10.);
#4362=VECTOR('',#15123,10.);
#4363=VECTOR('',#15126,10.);
#4364=VECTOR('',#15131,10.);
#4365=VECTOR('',#15134,10.);
#4366=VECTOR('',#15137,10.);
#4367=VECTOR('',#15144,10.);
#4368=VECTOR('',#15145,10.);
#4369=VECTOR('',#15146,10.);
#4370=VECTOR('',#15147,10.);
#4371=VECTOR('',#15150,10.);
#4372=VECTOR('',#15151,10.);
#4373=VECTOR('',#15152,10.);
#4374=VECTOR('',#15155,10.);
#4375=VECTOR('',#15156,10.);
#4376=VECTOR('',#15157,10.);
#4377=VECTOR('',#15158,10.);
#4378=VECTOR('',#15161,10.);
#4379=VECTOR('',#15162,10.);
#4380=VECTOR('',#15163,10.);
#4381=VECTOR('',#15166,10.);
#4382=VECTOR('',#15167,10.);
#4383=VECTOR('',#15168,10.);
#4384=VECTOR('',#15169,10.);
#4385=VECTOR('',#15170,10.);
#4386=VECTOR('',#15171,10.);
#4387=VECTOR('',#15172,10.);
#4388=VECTOR('',#15173,10.);
#4389=VECTOR('',#15174,10.);
#4390=VECTOR('',#15175,10.);
#4391=VECTOR('',#15176,10.);
#4392=VECTOR('',#15177,10.);
#4393=VECTOR('',#15180,10.);
#4394=VECTOR('',#15183,10.);
#4395=VECTOR('',#15184,10.);
#4396=VECTOR('',#15185,10.);
#4397=VECTOR('',#15188,10.);
#4398=VECTOR('',#15189,10.);
#4399=VECTOR('',#15192,10.);
#4400=VECTOR('',#15193,10.);
#4401=VECTOR('',#15196,10.);
#4402=VECTOR('',#15197,10.);
#4403=VECTOR('',#15198,10.);
#4404=VECTOR('',#15201,10.);
#4405=VECTOR('',#15202,10.);
#4406=VECTOR('',#15205,10.);
#4407=VECTOR('',#15206,10.);
#4408=VECTOR('',#15209,10.);
#4409=VECTOR('',#15212,10.);
#4410=VECTOR('',#15213,10.);
#4411=VECTOR('',#15216,10.);
#4412=VECTOR('',#15217,10.);
#4413=VECTOR('',#15220,10.);
#4414=VECTOR('',#15223,10.);
#4415=VECTOR('',#15230,10.);
#4416=VECTOR('',#15231,10.);
#4417=VECTOR('',#15232,10.);
#4418=VECTOR('',#15233,10.);
#4419=VECTOR('',#15234,10.);
#4420=VECTOR('',#15237,10.);
#4421=VECTOR('',#15238,10.);
#4422=VECTOR('',#15239,10.);
#4423=VECTOR('',#15240,10.);
#4424=VECTOR('',#15241,10.);
#4425=VECTOR('',#15242,10.);
#4426=VECTOR('',#15245,10.);
#4427=VECTOR('',#15246,10.);
#4428=VECTOR('',#15247,10.);
#4429=VECTOR('',#15248,10.);
#4430=VECTOR('',#15249,10.);
#4431=VECTOR('',#15252,10.);
#4432=VECTOR('',#15253,10.);
#4433=VECTOR('',#15256,10.);
#4434=VECTOR('',#15257,10.);
#4435=VECTOR('',#15258,10.);
#4436=VECTOR('',#15261,10.);
#4437=VECTOR('',#15262,10.);
#4438=VECTOR('',#15265,10.);
#4439=VECTOR('',#15266,10.);
#4440=VECTOR('',#15267,10.);
#4441=VECTOR('',#15268,10.);
#4442=VECTOR('',#15271,10.);
#4443=VECTOR('',#15272,10.);
#4444=VECTOR('',#15273,10.);
#4445=VECTOR('',#15274,10.);
#4446=VECTOR('',#15277,10.);
#4447=VECTOR('',#15278,10.);
#4448=VECTOR('',#15281,10.);
#4449=VECTOR('',#15282,10.);
#4450=VECTOR('',#15283,10.);
#4451=VECTOR('',#15284,10.);
#4452=VECTOR('',#15287,10.);
#4453=VECTOR('',#15288,10.);
#4454=VECTOR('',#15289,10.);
#4455=VECTOR('',#15292,10.);
#4456=VECTOR('',#15293,10.);
#4457=VECTOR('',#15294,10.);
#4458=VECTOR('',#15297,10.);
#4459=VECTOR('',#15298,10.);
#4460=VECTOR('',#15301,10.);
#4461=VECTOR('',#15302,10.);
#4462=VECTOR('',#15305,10.);
#4463=VECTOR('',#15308,10.);
#4464=VECTOR('',#15309,10.);
#4465=VECTOR('',#15312,10.);
#4466=VECTOR('',#15315,10.);
#4467=VECTOR('',#15316,10.);
#4468=VECTOR('',#15319,10.);
#4469=VECTOR('',#15322,10.);
#4470=VECTOR('',#15329,10.);
#4471=VECTOR('',#15330,10.);
#4472=VECTOR('',#15331,10.);
#4473=VECTOR('',#15332,10.);
#4474=VECTOR('',#15333,10.);
#4475=VECTOR('',#15334,10.);
#4476=VECTOR('',#15335,10.);
#4477=VECTOR('',#15336,10.);
#4478=VECTOR('',#15337,10.);
#4479=VECTOR('',#15338,10.);
#4480=VECTOR('',#15341,10.);
#4481=VECTOR('',#15342,10.);
#4482=VECTOR('',#15343,10.);
#4483=VECTOR('',#15344,10.);
#4484=VECTOR('',#15345,10.);
#4485=VECTOR('',#15346,10.);
#4486=VECTOR('',#15347,10.);
#4487=VECTOR('',#15350,10.);
#4488=VECTOR('',#15351,10.);
#4489=VECTOR('',#15352,10.);
#4490=VECTOR('',#15355,10.);
#4491=VECTOR('',#15358,10.);
#4492=VECTOR('',#15359,10.);
#4493=VECTOR('',#15362,10.);
#4494=VECTOR('',#15363,10.);
#4495=VECTOR('',#15366,10.);
#4496=VECTOR('',#15367,10.);
#4497=VECTOR('',#15368,10.);
#4498=VECTOR('',#15369,10.);
#4499=VECTOR('',#15372,10.);
#4500=VECTOR('',#15373,10.);
#4501=VECTOR('',#15376,10.);
#4502=VECTOR('',#15377,10.);
#4503=VECTOR('',#15380,10.);
#4504=VECTOR('',#15381,10.);
#4505=VECTOR('',#15384,10.);
#4506=VECTOR('',#15385,10.);
#4507=VECTOR('',#15386,10.);
#4508=VECTOR('',#15387,10.);
#4509=VECTOR('',#15388,10.);
#4510=VECTOR('',#15389,10.);
#4511=VECTOR('',#15390,10.);
#4512=VECTOR('',#15391,10.);
#4513=VECTOR('',#15392,10.);
#4514=VECTOR('',#15395,10.);
#4515=VECTOR('',#15396,10.);
#4516=VECTOR('',#15397,10.);
#4517=VECTOR('',#15398,10.);
#4518=VECTOR('',#15399,10.);
#4519=VECTOR('',#15400,10.);
#4520=VECTOR('',#15401,10.);
#4521=VECTOR('',#15402,10.);
#4522=VECTOR('',#15403,10.);
#4523=VECTOR('',#15404,10.);
#4524=VECTOR('',#15407,10.);
#4525=VECTOR('',#15408,10.);
#4526=VECTOR('',#15409,10.);
#4527=VECTOR('',#15412,10.);
#4528=VECTOR('',#15413,10.);
#4529=VECTOR('',#15416,10.);
#4530=VECTOR('',#15417,10.);
#4531=VECTOR('',#15420,10.);
#4532=VECTOR('',#15421,10.);
#4533=VECTOR('',#15424,10.);
#4534=VECTOR('',#15425,10.);
#4535=VECTOR('',#15428,10.);
#4536=VECTOR('',#15429,10.);
#4537=VECTOR('',#15432,10.);
#4538=VECTOR('',#15433,10.);
#4539=VECTOR('',#15436,10.);
#4540=VECTOR('',#15441,10.);
#4541=VECTOR('',#15442,10.);
#4542=VECTOR('',#15443,10.);
#4543=VECTOR('',#15444,10.);
#4544=VECTOR('',#15445,10.);
#4545=VECTOR('',#15446,10.);
#4546=VECTOR('',#15447,10.);
#4547=VECTOR('',#15448,10.);
#4548=VECTOR('',#15449,10.);
#4549=VECTOR('',#15450,10.);
#4550=VECTOR('',#15453,10.);
#4551=VECTOR('',#15454,10.);
#4552=VECTOR('',#15457,10.);
#4553=VECTOR('',#15460,10.);
#4554=VECTOR('',#15461,10.);
#4555=VECTOR('',#15464,10.);
#4556=VECTOR('',#15467,10.);
#4557=VECTOR('',#15470,10.);
#4558=VECTOR('',#15473,10.);
#4559=VECTOR('',#15476,10.);
#4560=VECTOR('',#15483,10.);
#4561=VECTOR('',#15484,10.);
#4562=VECTOR('',#15485,10.);
#4563=VECTOR('',#15486,10.);
#4564=VECTOR('',#15487,10.);
#4565=VECTOR('',#15488,10.);
#4566=VECTOR('',#15489,10.);
#4567=VECTOR('',#15490,10.);
#4568=VECTOR('',#15493,10.);
#4569=VECTOR('',#15494,10.);
#4570=VECTOR('',#15495,10.);
#4571=VECTOR('',#15496,10.);
#4572=VECTOR('',#15497,10.);
#4573=VECTOR('',#15498,10.);
#4574=VECTOR('',#15499,10.);
#4575=VECTOR('',#15500,10.);
#4576=VECTOR('',#15501,10.);
#4577=VECTOR('',#15504,10.);
#4578=VECTOR('',#15505,10.);
#4579=VECTOR('',#15506,10.);
#4580=VECTOR('',#15507,10.);
#4581=VECTOR('',#15508,10.);
#4582=VECTOR('',#15509,10.);
#4583=VECTOR('',#15512,10.);
#4584=VECTOR('',#15513,10.);
#4585=VECTOR('',#15516,10.);
#4586=VECTOR('',#15517,10.);
#4587=VECTOR('',#15518,10.);
#4588=VECTOR('',#15521,10.);
#4589=VECTOR('',#15524,10.);
#4590=VECTOR('',#15525,10.);
#4591=VECTOR('',#15526,10.);
#4592=VECTOR('',#15529,10.);
#4593=VECTOR('',#15530,10.);
#4594=VECTOR('',#15533,10.);
#4595=VECTOR('',#15536,10.);
#4596=VECTOR('',#15537,10.);
#4597=VECTOR('',#15540,10.);
#4598=VECTOR('',#15541,10.);
#4599=VECTOR('',#15542,10.);
#4600=VECTOR('',#15543,10.);
#4601=VECTOR('',#15546,10.);
#4602=VECTOR('',#15547,10.);
#4603=VECTOR('',#15550,10.);
#4604=VECTOR('',#15551,10.);
#4605=VECTOR('',#15554,10.);
#4606=VECTOR('',#15557,10.);
#4607=VECTOR('',#15562,10.);
#4608=VECTOR('',#15569,10.);
#4609=VECTOR('',#15570,10.);
#4610=VECTOR('',#15571,10.);
#4611=VECTOR('',#15572,10.);
#4612=VECTOR('',#15575,10.);
#4613=VECTOR('',#15576,10.);
#4614=VECTOR('',#15577,10.);
#4615=VECTOR('',#15580,10.);
#4616=VECTOR('',#15581,10.);
#4617=VECTOR('',#15582,10.);
#4618=VECTOR('',#15585,10.);
#4619=VECTOR('',#15586,10.);
#4620=VERTEX_POINT('',#15676);
#4621=VERTEX_POINT('',#15677);
#4622=VERTEX_POINT('',#15679);
#4623=VERTEX_POINT('',#15681);
#4624=VERTEX_POINT('',#15684);
#4625=VERTEX_POINT('',#15685);
#4626=VERTEX_POINT('',#15687);
#4627=VERTEX_POINT('',#15689);
#4628=VERTEX_POINT('',#15693);
#4629=VERTEX_POINT('',#15694);
#4630=VERTEX_POINT('',#15696);
#4631=VERTEX_POINT('',#15698);
#4632=VERTEX_POINT('',#15701);
#4633=VERTEX_POINT('',#15702);
#4634=VERTEX_POINT('',#15704);
#4635=VERTEX_POINT('',#15706);
#4636=VERTEX_POINT('',#15727);
#4637=VERTEX_POINT('',#15728);
#4638=VERTEX_POINT('',#15730);
#4639=VERTEX_POINT('',#15732);
#4640=VERTEX_POINT('',#15735);
#4641=VERTEX_POINT('',#15736);
#4642=VERTEX_POINT('',#15738);
#4643=VERTEX_POINT('',#15740);
#4644=VERTEX_POINT('',#15744);
#4645=VERTEX_POINT('',#15745);
#4646=VERTEX_POINT('',#15747);
#4647=VERTEX_POINT('',#15749);
#4648=VERTEX_POINT('',#15752);
#4649=VERTEX_POINT('',#15753);
#4650=VERTEX_POINT('',#15755);
#4651=VERTEX_POINT('',#15757);
#4652=VERTEX_POINT('',#15778);
#4653=VERTEX_POINT('',#15780);
#4654=VERTEX_POINT('',#15784);
#4655=VERTEX_POINT('',#15786);
#4656=VERTEX_POINT('',#15790);
#4657=VERTEX_POINT('',#15791);
#4658=VERTEX_POINT('',#15793);
#4659=VERTEX_POINT('',#15795);
#4660=VERTEX_POINT('',#15799);
#4661=VERTEX_POINT('',#15800);
#4662=VERTEX_POINT('',#15802);
#4663=VERTEX_POINT('',#15804);
#4664=VERTEX_POINT('',#15811);
#4665=VERTEX_POINT('',#15812);
#4666=VERTEX_POINT('',#15814);
#4667=VERTEX_POINT('',#15816);
#4668=VERTEX_POINT('',#15820);
#4669=VERTEX_POINT('',#15821);
#4670=VERTEX_POINT('',#15823);
#4671=VERTEX_POINT('',#15825);
#4672=VERTEX_POINT('',#15841);
#4673=VERTEX_POINT('',#15842);
#4674=VERTEX_POINT('',#15844);
#4675=VERTEX_POINT('',#15848);
#4676=VERTEX_POINT('',#15850);
#4677=VERTEX_POINT('',#15854);
#4678=VERTEX_POINT('',#15858);
#4679=VERTEX_POINT('',#15860);
#4680=VERTEX_POINT('',#15863);
#4681=VERTEX_POINT('',#15865);
#4682=VERTEX_POINT('',#15888);
#4683=VERTEX_POINT('',#15899);
#4684=VERTEX_POINT('',#15901);
#4685=VERTEX_POINT('',#15903);
#4686=VERTEX_POINT('',#15907);
#4687=VERTEX_POINT('',#15909);
#4688=VERTEX_POINT('',#15913);
#4689=VERTEX_POINT('',#15914);
#4690=VERTEX_POINT('',#15917);
#4691=VERTEX_POINT('',#15919);
#4692=VERTEX_POINT('',#15923);
#4693=VERTEX_POINT('',#15924);
#4694=VERTEX_POINT('',#15931);
#4695=VERTEX_POINT('',#15936);
#4696=VERTEX_POINT('',#15941);
#4697=VERTEX_POINT('',#15943);
#4698=VERTEX_POINT('',#15955);
#4699=VERTEX_POINT('',#15956);
#4700=VERTEX_POINT('',#15958);
#4701=VERTEX_POINT('',#15960);
#4702=VERTEX_POINT('',#15963);
#4703=VERTEX_POINT('',#15964);
#4704=VERTEX_POINT('',#15966);
#4705=VERTEX_POINT('',#15968);
#4706=VERTEX_POINT('',#15972);
#4707=VERTEX_POINT('',#15974);
#4708=VERTEX_POINT('',#15978);
#4709=VERTEX_POINT('',#15982);
#4710=VERTEX_POINT('',#15988);
#4711=VERTEX_POINT('',#15990);
#4712=VERTEX_POINT('',#15994);
#4713=VERTEX_POINT('',#15998);
#4714=VERTEX_POINT('',#16006);
#4715=VERTEX_POINT('',#16008);
#4716=VERTEX_POINT('',#16012);
#4717=VERTEX_POINT('',#16014);
#4718=VERTEX_POINT('',#16018);
#4719=VERTEX_POINT('',#16019);
#4720=VERTEX_POINT('',#16021);
#4721=VERTEX_POINT('',#16023);
#4722=VERTEX_POINT('',#16027);
#4723=VERTEX_POINT('',#16028);
#4724=VERTEX_POINT('',#16030);
#4725=VERTEX_POINT('',#16032);
#4726=VERTEX_POINT('',#16039);
#4727=VERTEX_POINT('',#16040);
#4728=VERTEX_POINT('',#16042);
#4729=VERTEX_POINT('',#16044);
#4730=VERTEX_POINT('',#16048);
#4731=VERTEX_POINT('',#16049);
#4732=VERTEX_POINT('',#16051);
#4733=VERTEX_POINT('',#16053);
#4734=VERTEX_POINT('',#16069);
#4735=VERTEX_POINT('',#16071);
#4736=VERTEX_POINT('',#16076);
#4737=VERTEX_POINT('',#16077);
#4738=VERTEX_POINT('',#16079);
#4739=VERTEX_POINT('',#16081);
#4740=VERTEX_POINT('',#16085);
#4741=VERTEX_POINT('',#16087);
#4742=VERTEX_POINT('',#16091);
#4743=VERTEX_POINT('',#16093);
#4744=VERTEX_POINT('',#16097);
#4745=VERTEX_POINT('',#16099);
#4746=VERTEX_POINT('',#16103);
#4747=VERTEX_POINT('',#16105);
#4748=VERTEX_POINT('',#16115);
#4749=VERTEX_POINT('',#16116);
#4750=VERTEX_POINT('',#16118);
#4751=VERTEX_POINT('',#16122);
#4752=VERTEX_POINT('',#16124);
#4753=VERTEX_POINT('',#16128);
#4754=VERTEX_POINT('',#16132);
#4755=VERTEX_POINT('',#16134);
#4756=VERTEX_POINT('',#16137);
#4757=VERTEX_POINT('',#16139);
#4758=VERTEX_POINT('',#16141);
#4759=VERTEX_POINT('',#16143);
#4760=VERTEX_POINT('',#16145);
#4761=VERTEX_POINT('',#16147);
#4762=VERTEX_POINT('',#16181);
#4763=VERTEX_POINT('',#16183);
#4764=VERTEX_POINT('',#16187);
#4765=VERTEX_POINT('',#16188);
#4766=VERTEX_POINT('',#16190);
#4767=VERTEX_POINT('',#16192);
#4768=VERTEX_POINT('',#16197);
#4769=VERTEX_POINT('',#16198);
#4770=VERTEX_POINT('',#16205);
#4771=VERTEX_POINT('',#16210);
#4772=VERTEX_POINT('',#16215);
#4773=VERTEX_POINT('',#16217);
#4774=VERTEX_POINT('',#16229);
#4775=VERTEX_POINT('',#16231);
#4776=VERTEX_POINT('',#16236);
#4777=VERTEX_POINT('',#16237);
#4778=VERTEX_POINT('',#16239);
#4779=VERTEX_POINT('',#16241);
#4780=VERTEX_POINT('',#16245);
#4781=VERTEX_POINT('',#16247);
#4782=VERTEX_POINT('',#16251);
#4783=VERTEX_POINT('',#16253);
#4784=VERTEX_POINT('',#16257);
#4785=VERTEX_POINT('',#16259);
#4786=VERTEX_POINT('',#16263);
#4787=VERTEX_POINT('',#16265);
#4788=VERTEX_POINT('',#16275);
#4789=VERTEX_POINT('',#16277);
#4790=VERTEX_POINT('',#16281);
#4791=VERTEX_POINT('',#16283);
#4792=VERTEX_POINT('',#16288);
#4793=VERTEX_POINT('',#16292);
#4794=VERTEX_POINT('',#16296);
#4795=VERTEX_POINT('',#16298);
#4796=VERTEX_POINT('',#16302);
#4797=VERTEX_POINT('',#16305);
#4798=VERTEX_POINT('',#16312);
#4799=VERTEX_POINT('',#16313);
#4800=VERTEX_POINT('',#16315);
#4801=VERTEX_POINT('',#16317);
#4802=VERTEX_POINT('',#16321);
#4803=VERTEX_POINT('',#16322);
#4804=VERTEX_POINT('',#16324);
#4805=VERTEX_POINT('',#16326);
#4806=VERTEX_POINT('',#16330);
#4807=VERTEX_POINT('',#16332);
#4808=VERTEX_POINT('',#16336);
#4809=VERTEX_POINT('',#16338);
#4810=VERTEX_POINT('',#16341);
#4811=VERTEX_POINT('',#16344);
#4812=VERTEX_POINT('',#16347);
#4813=VERTEX_POINT('',#16348);
#4814=VERTEX_POINT('',#16352);
#4815=VERTEX_POINT('',#16356);
#4816=VERTEX_POINT('',#16363);
#4817=VERTEX_POINT('',#16367);
#4818=VERTEX_POINT('',#16375);
#4819=VERTEX_POINT('',#16376);
#4820=VERTEX_POINT('',#16378);
#4821=VERTEX_POINT('',#16380);
#4822=VERTEX_POINT('',#16384);
#4823=VERTEX_POINT('',#16385);
#4824=VERTEX_POINT('',#16387);
#4825=VERTEX_POINT('',#16389);
#4826=VERTEX_POINT('',#16393);
#4827=VERTEX_POINT('',#16395);
#4828=VERTEX_POINT('',#16399);
#4829=VERTEX_POINT('',#16402);
#4830=VERTEX_POINT('',#16404);
#4831=VERTEX_POINT('',#16407);
#4832=VERTEX_POINT('',#16410);
#4833=VERTEX_POINT('',#16411);
#4834=VERTEX_POINT('',#16415);
#4835=VERTEX_POINT('',#16419);
#4836=VERTEX_POINT('',#16426);
#4837=VERTEX_POINT('',#16430);
#4838=VERTEX_POINT('',#16438);
#4839=VERTEX_POINT('',#16440);
#4840=VERTEX_POINT('',#16444);
#4841=VERTEX_POINT('',#16446);
#4842=VERTEX_POINT('',#16451);
#4843=VERTEX_POINT('',#16455);
#4844=VERTEX_POINT('',#16459);
#4845=VERTEX_POINT('',#16461);
#4846=VERTEX_POINT('',#16465);
#4847=VERTEX_POINT('',#16468);
#4848=VERTEX_POINT('',#16475);
#4849=VERTEX_POINT('',#16477);
#4850=VERTEX_POINT('',#16480);
#4851=VERTEX_POINT('',#16481);
#4852=VERTEX_POINT('',#16483);
#4853=VERTEX_POINT('',#16485);
#4854=VERTEX_POINT('',#16488);
#4855=VERTEX_POINT('',#16508);
#4856=VERTEX_POINT('',#16509);
#4857=VERTEX_POINT('',#16511);
#4858=VERTEX_POINT('',#16516);
#4859=VERTEX_POINT('',#16517);
#4860=VERTEX_POINT('',#16519);
#4861=VERTEX_POINT('',#16521);
#4862=VERTEX_POINT('',#16528);
#4863=VERTEX_POINT('',#16540);
#4864=VERTEX_POINT('',#16541);
#4865=VERTEX_POINT('',#16543);
#4866=VERTEX_POINT('',#16545);
#4867=VERTEX_POINT('',#16548);
#4868=VERTEX_POINT('',#16549);
#4869=VERTEX_POINT('',#16551);
#4870=VERTEX_POINT('',#16553);
#4871=VERTEX_POINT('',#16557);
#4872=VERTEX_POINT('',#16558);
#4873=VERTEX_POINT('',#16560);
#4874=VERTEX_POINT('',#16562);
#4875=VERTEX_POINT('',#16565);
#4876=VERTEX_POINT('',#16566);
#4877=VERTEX_POINT('',#16568);
#4878=VERTEX_POINT('',#16570);
#4879=VERTEX_POINT('',#16591);
#4880=VERTEX_POINT('',#16592);
#4881=VERTEX_POINT('',#16594);
#4882=VERTEX_POINT('',#16596);
#4883=VERTEX_POINT('',#16599);
#4884=VERTEX_POINT('',#16600);
#4885=VERTEX_POINT('',#16602);
#4886=VERTEX_POINT('',#16604);
#4887=VERTEX_POINT('',#16608);
#4888=VERTEX_POINT('',#16609);
#4889=VERTEX_POINT('',#16611);
#4890=VERTEX_POINT('',#16613);
#4891=VERTEX_POINT('',#16616);
#4892=VERTEX_POINT('',#16617);
#4893=VERTEX_POINT('',#16619);
#4894=VERTEX_POINT('',#16621);
#4895=VERTEX_POINT('',#16642);
#4896=VERTEX_POINT('',#16643);
#4897=VERTEX_POINT('',#16645);
#4898=VERTEX_POINT('',#16647);
#4899=VERTEX_POINT('',#16650);
#4900=VERTEX_POINT('',#16651);
#4901=VERTEX_POINT('',#16653);
#4902=VERTEX_POINT('',#16655);
#4903=VERTEX_POINT('',#16659);
#4904=VERTEX_POINT('',#16660);
#4905=VERTEX_POINT('',#16662);
#4906=VERTEX_POINT('',#16664);
#4907=VERTEX_POINT('',#16667);
#4908=VERTEX_POINT('',#16668);
#4909=VERTEX_POINT('',#16670);
#4910=VERTEX_POINT('',#16672);
#4911=VERTEX_POINT('',#16693);
#4912=VERTEX_POINT('',#16695);
#4913=VERTEX_POINT('',#16698);
#4914=VERTEX_POINT('',#16702);
#4915=VERTEX_POINT('',#16708);
#4916=VERTEX_POINT('',#16710);
#4917=VERTEX_POINT('',#16713);
#4918=VERTEX_POINT('',#16717);
#4919=VERTEX_POINT('',#16725);
#4920=VERTEX_POINT('',#16727);
#4921=VERTEX_POINT('',#16729);
#4922=VERTEX_POINT('',#16733);
#4923=VERTEX_POINT('',#16737);
#4924=VERTEX_POINT('',#16738);
#4925=VERTEX_POINT('',#16740);
#4926=VERTEX_POINT('',#16742);
#4927=VERTEX_POINT('',#16745);
#4928=VERTEX_POINT('',#16746);
#4929=VERTEX_POINT('',#16748);
#4930=VERTEX_POINT('',#16750);
#4931=VERTEX_POINT('',#16753);
#4932=VERTEX_POINT('',#16754);
#4933=VERTEX_POINT('',#16756);
#4934=VERTEX_POINT('',#16758);
#4935=VERTEX_POINT('',#16761);
#4936=VERTEX_POINT('',#16762);
#4937=VERTEX_POINT('',#16764);
#4938=VERTEX_POINT('',#16766);
#4939=VERTEX_POINT('',#16769);
#4940=VERTEX_POINT('',#16770);
#4941=VERTEX_POINT('',#16772);
#4942=VERTEX_POINT('',#16774);
#4943=VERTEX_POINT('',#16777);
#4944=VERTEX_POINT('',#16778);
#4945=VERTEX_POINT('',#16780);
#4946=VERTEX_POINT('',#16782);
#4947=VERTEX_POINT('',#16785);
#4948=VERTEX_POINT('',#16786);
#4949=VERTEX_POINT('',#16788);
#4950=VERTEX_POINT('',#16790);
#4951=VERTEX_POINT('',#16793);
#4952=VERTEX_POINT('',#16794);
#4953=VERTEX_POINT('',#16796);
#4954=VERTEX_POINT('',#16798);
#4955=VERTEX_POINT('',#16801);
#4956=VERTEX_POINT('',#16802);
#4957=VERTEX_POINT('',#16804);
#4958=VERTEX_POINT('',#16806);
#4959=VERTEX_POINT('',#16809);
#4960=VERTEX_POINT('',#16810);
#4961=VERTEX_POINT('',#16812);
#4962=VERTEX_POINT('',#16814);
#4963=VERTEX_POINT('',#16817);
#4964=VERTEX_POINT('',#16818);
#4965=VERTEX_POINT('',#16820);
#4966=VERTEX_POINT('',#16822);
#4967=VERTEX_POINT('',#16825);
#4968=VERTEX_POINT('',#16826);
#4969=VERTEX_POINT('',#16828);
#4970=VERTEX_POINT('',#16830);
#4971=VERTEX_POINT('',#16833);
#4972=VERTEX_POINT('',#16834);
#4973=VERTEX_POINT('',#16836);
#4974=VERTEX_POINT('',#16838);
#4975=VERTEX_POINT('',#16841);
#4976=VERTEX_POINT('',#16842);
#4977=VERTEX_POINT('',#16844);
#4978=VERTEX_POINT('',#16846);
#4979=VERTEX_POINT('',#16849);
#4980=VERTEX_POINT('',#16850);
#4981=VERTEX_POINT('',#16852);
#4982=VERTEX_POINT('',#16854);
#4983=VERTEX_POINT('',#16857);
#4984=VERTEX_POINT('',#16858);
#4985=VERTEX_POINT('',#16860);
#4986=VERTEX_POINT('',#16862);
#4987=VERTEX_POINT('',#16865);
#4988=VERTEX_POINT('',#16866);
#4989=VERTEX_POINT('',#16868);
#4990=VERTEX_POINT('',#16870);
#4991=VERTEX_POINT('',#16873);
#4992=VERTEX_POINT('',#16874);
#4993=VERTEX_POINT('',#16876);
#4994=VERTEX_POINT('',#16878);
#4995=VERTEX_POINT('',#16881);
#4996=VERTEX_POINT('',#16882);
#4997=VERTEX_POINT('',#16884);
#4998=VERTEX_POINT('',#16886);
#4999=VERTEX_POINT('',#16889);
#5000=VERTEX_POINT('',#16890);
#5001=VERTEX_POINT('',#16892);
#5002=VERTEX_POINT('',#16894);
#5003=VERTEX_POINT('',#16897);
#5004=VERTEX_POINT('',#16900);
#5005=VERTEX_POINT('',#16904);
#5006=VERTEX_POINT('',#16905);
#5007=VERTEX_POINT('',#16907);
#5008=VERTEX_POINT('',#16909);
#5009=VERTEX_POINT('',#16912);
#5010=VERTEX_POINT('',#16913);
#5011=VERTEX_POINT('',#16915);
#5012=VERTEX_POINT('',#16917);
#5013=VERTEX_POINT('',#16920);
#5014=VERTEX_POINT('',#16921);
#5015=VERTEX_POINT('',#16923);
#5016=VERTEX_POINT('',#16925);
#5017=VERTEX_POINT('',#16928);
#5018=VERTEX_POINT('',#16929);
#5019=VERTEX_POINT('',#16931);
#5020=VERTEX_POINT('',#16933);
#5021=VERTEX_POINT('',#16936);
#5022=VERTEX_POINT('',#16937);
#5023=VERTEX_POINT('',#16939);
#5024=VERTEX_POINT('',#16941);
#5025=VERTEX_POINT('',#16944);
#5026=VERTEX_POINT('',#16945);
#5027=VERTEX_POINT('',#16947);
#5028=VERTEX_POINT('',#16949);
#5029=VERTEX_POINT('',#16952);
#5030=VERTEX_POINT('',#16953);
#5031=VERTEX_POINT('',#16955);
#5032=VERTEX_POINT('',#16957);
#5033=VERTEX_POINT('',#16960);
#5034=VERTEX_POINT('',#16961);
#5035=VERTEX_POINT('',#16963);
#5036=VERTEX_POINT('',#16965);
#5037=VERTEX_POINT('',#16968);
#5038=VERTEX_POINT('',#16969);
#5039=VERTEX_POINT('',#16971);
#5040=VERTEX_POINT('',#16973);
#5041=VERTEX_POINT('',#16976);
#5042=VERTEX_POINT('',#16977);
#5043=VERTEX_POINT('',#16979);
#5044=VERTEX_POINT('',#16981);
#5045=VERTEX_POINT('',#16984);
#5046=VERTEX_POINT('',#16985);
#5047=VERTEX_POINT('',#16987);
#5048=VERTEX_POINT('',#16989);
#5049=VERTEX_POINT('',#16992);
#5050=VERTEX_POINT('',#16993);
#5051=VERTEX_POINT('',#16995);
#5052=VERTEX_POINT('',#16997);
#5053=VERTEX_POINT('',#17000);
#5054=VERTEX_POINT('',#17001);
#5055=VERTEX_POINT('',#17003);
#5056=VERTEX_POINT('',#17005);
#5057=VERTEX_POINT('',#17008);
#5058=VERTEX_POINT('',#17009);
#5059=VERTEX_POINT('',#17011);
#5060=VERTEX_POINT('',#17013);
#5061=VERTEX_POINT('',#17016);
#5062=VERTEX_POINT('',#17017);
#5063=VERTEX_POINT('',#17019);
#5064=VERTEX_POINT('',#17021);
#5065=VERTEX_POINT('',#17024);
#5066=VERTEX_POINT('',#17025);
#5067=VERTEX_POINT('',#17027);
#5068=VERTEX_POINT('',#17029);
#5069=VERTEX_POINT('',#17032);
#5070=VERTEX_POINT('',#17033);
#5071=VERTEX_POINT('',#17035);
#5072=VERTEX_POINT('',#17037);
#5073=VERTEX_POINT('',#17040);
#5074=VERTEX_POINT('',#17041);
#5075=VERTEX_POINT('',#17043);
#5076=VERTEX_POINT('',#17045);
#5077=VERTEX_POINT('',#17048);
#5078=VERTEX_POINT('',#17049);
#5079=VERTEX_POINT('',#17051);
#5080=VERTEX_POINT('',#17053);
#5081=VERTEX_POINT('',#17056);
#5082=VERTEX_POINT('',#17057);
#5083=VERTEX_POINT('',#17059);
#5084=VERTEX_POINT('',#17061);
#5085=VERTEX_POINT('',#17064);
#5086=VERTEX_POINT('',#17067);
#5087=VERTEX_POINT('',#17068);
#5088=VERTEX_POINT('',#17070);
#5089=VERTEX_POINT('',#17072);
#5090=VERTEX_POINT('',#17076);
#5091=VERTEX_POINT('',#17078);
#5092=VERTEX_POINT('',#17082);
#5093=VERTEX_POINT('',#17084);
#5094=VERTEX_POINT('',#17092);
#5095=VERTEX_POINT('',#17093);
#5096=VERTEX_POINT('',#17095);
#5097=VERTEX_POINT('',#17097);
#5098=VERTEX_POINT('',#17101);
#5099=VERTEX_POINT('',#17103);
#5100=VERTEX_POINT('',#17107);
#5101=VERTEX_POINT('',#17109);
#5102=VERTEX_POINT('',#17117);
#5103=VERTEX_POINT('',#17119);
#5104=VERTEX_POINT('',#17122);
#5105=VERTEX_POINT('',#17289);
#5106=VERTEX_POINT('',#17291);
#5107=VERTEX_POINT('',#17299);
#5108=VERTEX_POINT('',#17300);
#5109=VERTEX_POINT('',#17302);
#5110=VERTEX_POINT('',#17304);
#5111=VERTEX_POINT('',#17307);
#5112=VERTEX_POINT('',#17308);
#5113=VERTEX_POINT('',#17310);
#5114=VERTEX_POINT('',#17312);
#5115=VERTEX_POINT('',#17316);
#5116=VERTEX_POINT('',#17318);
#5117=VERTEX_POINT('',#17322);
#5118=VERTEX_POINT('',#17326);
#5119=VERTEX_POINT('',#17328);
#5120=VERTEX_POINT('',#17332);
#5121=VERTEX_POINT('',#17336);
#5122=VERTEX_POINT('',#17342);
#5123=VERTEX_POINT('',#17350);
#5124=VERTEX_POINT('',#17351);
#5125=VERTEX_POINT('',#17353);
#5126=VERTEX_POINT('',#17355);
#5127=VERTEX_POINT('',#17358);
#5128=VERTEX_POINT('',#17359);
#5129=VERTEX_POINT('',#17361);
#5130=VERTEX_POINT('',#17363);
#5131=VERTEX_POINT('',#17367);
#5132=VERTEX_POINT('',#17369);
#5133=VERTEX_POINT('',#17373);
#5134=VERTEX_POINT('',#17377);
#5135=VERTEX_POINT('',#17379);
#5136=VERTEX_POINT('',#17383);
#5137=VERTEX_POINT('',#17387);
#5138=VERTEX_POINT('',#17393);
#5139=VERTEX_POINT('',#17401);
#5140=VERTEX_POINT('',#17402);
#5141=VERTEX_POINT('',#17404);
#5142=VERTEX_POINT('',#17406);
#5143=VERTEX_POINT('',#17409);
#5144=VERTEX_POINT('',#17410);
#5145=VERTEX_POINT('',#17412);
#5146=VERTEX_POINT('',#17414);
#5147=VERTEX_POINT('',#17418);
#5148=VERTEX_POINT('',#17419);
#5149=VERTEX_POINT('',#17421);
#5150=VERTEX_POINT('',#17423);
#5151=VERTEX_POINT('',#17426);
#5152=VERTEX_POINT('',#17427);
#5153=VERTEX_POINT('',#17429);
#5154=VERTEX_POINT('',#17431);
#5155=VERTEX_POINT('',#17452);
#5156=VERTEX_POINT('',#17453);
#5157=VERTEX_POINT('',#17455);
#5158=VERTEX_POINT('',#17457);
#5159=VERTEX_POINT('',#17460);
#5160=VERTEX_POINT('',#17461);
#5161=VERTEX_POINT('',#17463);
#5162=VERTEX_POINT('',#17465);
#5163=VERTEX_POINT('',#17469);
#5164=VERTEX_POINT('',#17471);
#5165=VERTEX_POINT('',#17475);
#5166=VERTEX_POINT('',#17479);
#5167=VERTEX_POINT('',#17481);
#5168=VERTEX_POINT('',#17485);
#5169=VERTEX_POINT('',#17489);
#5170=VERTEX_POINT('',#17495);
#5171=VERTEX_POINT('',#17503);
#5172=VERTEX_POINT('',#17504);
#5173=VERTEX_POINT('',#17506);
#5174=VERTEX_POINT('',#17508);
#5175=VERTEX_POINT('',#17512);
#5176=VERTEX_POINT('',#17514);
#5177=VERTEX_POINT('',#17518);
#5178=VERTEX_POINT('',#17520);
#5179=VERTEX_POINT('',#17522);
#5180=VERTEX_POINT('',#17524);
#5181=VERTEX_POINT('',#17526);
#5182=VERTEX_POINT('',#17528);
#5183=VERTEX_POINT('',#17530);
#5184=VERTEX_POINT('',#17532);
#5185=VERTEX_POINT('',#17534);
#5186=VERTEX_POINT('',#17536);
#5187=VERTEX_POINT('',#17538);
#5188=VERTEX_POINT('',#17540);
#5189=VERTEX_POINT('',#17542);
#5190=VERTEX_POINT('',#17544);
#5191=VERTEX_POINT('',#17546);
#5192=VERTEX_POINT('',#17549);
#5193=VERTEX_POINT('',#17550);
#5194=VERTEX_POINT('',#17552);
#5195=VERTEX_POINT('',#17554);
#5196=VERTEX_POINT('',#17557);
#5197=VERTEX_POINT('',#17559);
#5198=VERTEX_POINT('',#17562);
#5199=VERTEX_POINT('',#17564);
#5200=VERTEX_POINT('',#17568);
#5201=VERTEX_POINT('',#17572);
#5202=VERTEX_POINT('',#17574);
#5203=VERTEX_POINT('',#17576);
#5204=VERTEX_POINT('',#17578);
#5205=VERTEX_POINT('',#17580);
#5206=VERTEX_POINT('',#17582);
#5207=VERTEX_POINT('',#17585);
#5208=VERTEX_POINT('',#17587);
#5209=VERTEX_POINT('',#17589);
#5210=VERTEX_POINT('',#17591);
#5211=VERTEX_POINT('',#17593);
#5212=VERTEX_POINT('',#17595);
#5213=VERTEX_POINT('',#17598);
#5214=VERTEX_POINT('',#17600);
#5215=VERTEX_POINT('',#17602);
#5216=VERTEX_POINT('',#17603);
#5217=VERTEX_POINT('',#17605);
#5218=VERTEX_POINT('',#17607);
#5219=VERTEX_POINT('',#17650);
#5220=VERTEX_POINT('',#17651);
#5221=VERTEX_POINT('',#17653);
#5222=VERTEX_POINT('',#17655);
#5223=VERTEX_POINT('',#17659);
#5224=VERTEX_POINT('',#17661);
#5225=VERTEX_POINT('',#17665);
#5226=VERTEX_POINT('',#17667);
#5227=VERTEX_POINT('',#17674);
#5228=VERTEX_POINT('',#17675);
#5229=VERTEX_POINT('',#17677);
#5230=VERTEX_POINT('',#17679);
#5231=VERTEX_POINT('',#17683);
#5232=VERTEX_POINT('',#17685);
#5233=VERTEX_POINT('',#17689);
#5234=VERTEX_POINT('',#17691);
#5235=VERTEX_POINT('',#17693);
#5236=VERTEX_POINT('',#17695);
#5237=VERTEX_POINT('',#17697);
#5238=VERTEX_POINT('',#17699);
#5239=VERTEX_POINT('',#17701);
#5240=VERTEX_POINT('',#17705);
#5241=VERTEX_POINT('',#17706);
#5242=VERTEX_POINT('',#17711);
#5243=VERTEX_POINT('',#17716);
#5244=VERTEX_POINT('',#17718);
#5245=VERTEX_POINT('',#17720);
#5246=VERTEX_POINT('',#17722);
#5247=VERTEX_POINT('',#17737);
#5248=VERTEX_POINT('',#17739);
#5249=VERTEX_POINT('',#17743);
#5250=VERTEX_POINT('',#17744);
#5251=VERTEX_POINT('',#17746);
#5252=VERTEX_POINT('',#17748);
#5253=VERTEX_POINT('',#17752);
#5254=VERTEX_POINT('',#17754);
#5255=VERTEX_POINT('',#17758);
#5256=VERTEX_POINT('',#17760);
#5257=VERTEX_POINT('',#17770);
#5258=VERTEX_POINT('',#17771);
#5259=VERTEX_POINT('',#17773);
#5260=VERTEX_POINT('',#17775);
#5261=VERTEX_POINT('',#17779);
#5262=VERTEX_POINT('',#17781);
#5263=VERTEX_POINT('',#17785);
#5264=VERTEX_POINT('',#17787);
#5265=VERTEX_POINT('',#17794);
#5266=VERTEX_POINT('',#17795);
#5267=VERTEX_POINT('',#17797);
#5268=VERTEX_POINT('',#17799);
#5269=VERTEX_POINT('',#17803);
#5270=VERTEX_POINT('',#17805);
#5271=VERTEX_POINT('',#17809);
#5272=VERTEX_POINT('',#17813);
#5273=VERTEX_POINT('',#17821);
#5274=VERTEX_POINT('',#17822);
#5275=VERTEX_POINT('',#17824);
#5276=VERTEX_POINT('',#17826);
#5277=VERTEX_POINT('',#17830);
#5278=VERTEX_POINT('',#17832);
#5279=VERTEX_POINT('',#17836);
#5280=VERTEX_POINT('',#17838);
#5281=VERTEX_POINT('',#17845);
#5282=VERTEX_POINT('',#17846);
#5283=VERTEX_POINT('',#17848);
#5284=VERTEX_POINT('',#17850);
#5285=VERTEX_POINT('',#17854);
#5286=VERTEX_POINT('',#17856);
#5287=VERTEX_POINT('',#17860);
#5288=VERTEX_POINT('',#17864);
#5289=VERTEX_POINT('',#17872);
#5290=VERTEX_POINT('',#17873);
#5291=VERTEX_POINT('',#17875);
#5292=VERTEX_POINT('',#17877);
#5293=VERTEX_POINT('',#17880);
#5294=VERTEX_POINT('',#17881);
#5295=VERTEX_POINT('',#17883);
#5296=VERTEX_POINT('',#17885);
#5297=VERTEX_POINT('',#17889);
#5298=VERTEX_POINT('',#17891);
#5299=VERTEX_POINT('',#17895);
#5300=VERTEX_POINT('',#17899);
#5301=VERTEX_POINT('',#17901);
#5302=VERTEX_POINT('',#17905);
#5303=VERTEX_POINT('',#17909);
#5304=VERTEX_POINT('',#17913);
#5305=VERTEX_POINT('',#17924);
#5306=VERTEX_POINT('',#17925);
#5307=VERTEX_POINT('',#17927);
#5308=VERTEX_POINT('',#17929);
#5309=VERTEX_POINT('',#17933);
#5310=VERTEX_POINT('',#17935);
#5311=VERTEX_POINT('',#17939);
#5312=VERTEX_POINT('',#17941);
#5313=VERTEX_POINT('',#17943);
#5314=VERTEX_POINT('',#17947);
#5315=VERTEX_POINT('',#17949);
#5316=VERTEX_POINT('',#17951);
#5317=VERTEX_POINT('',#17953);
#5318=VERTEX_POINT('',#17955);
#5319=VERTEX_POINT('',#17957);
#5320=VERTEX_POINT('',#17959);
#5321=VERTEX_POINT('',#17961);
#5322=VERTEX_POINT('',#17963);
#5323=VERTEX_POINT('',#17969);
#5324=VERTEX_POINT('',#17971);
#5325=VERTEX_POINT('',#17977);
#5326=VERTEX_POINT('',#17979);
#5327=VERTEX_POINT('',#17983);
#5328=VERTEX_POINT('',#17985);
#5329=VERTEX_POINT('',#17987);
#5330=VERTEX_POINT('',#17989);
#5331=VERTEX_POINT('',#17991);
#5332=VERTEX_POINT('',#17993);
#5333=VERTEX_POINT('',#17995);
#5334=VERTEX_POINT('',#17997);
#5335=VERTEX_POINT('',#17999);
#5336=VERTEX_POINT('',#18001);
#5337=VERTEX_POINT('',#18005);
#5338=VERTEX_POINT('',#18006);
#5339=VERTEX_POINT('',#18011);
#5340=VERTEX_POINT('',#18016);
#5341=VERTEX_POINT('',#18018);
#5342=VERTEX_POINT('',#18020);
#5343=VERTEX_POINT('',#18022);
#5344=VERTEX_POINT('',#18024);
#5345=VERTEX_POINT('',#18048);
#5346=VERTEX_POINT('',#18049);
#5347=VERTEX_POINT('',#18051);
#5348=VERTEX_POINT('',#18053);
#5349=VERTEX_POINT('',#18055);
#5350=VERTEX_POINT('',#18057);
#5351=VERTEX_POINT('',#18059);
#5352=VERTEX_POINT('',#18061);
#5353=VERTEX_POINT('',#18063);
#5354=VERTEX_POINT('',#18065);
#5355=VERTEX_POINT('',#18067);
#5356=VERTEX_POINT('',#18069);
#5357=VERTEX_POINT('',#18071);
#5358=VERTEX_POINT('',#18073);
#5359=VERTEX_POINT('',#18075);
#5360=VERTEX_POINT('',#18077);
#5361=VERTEX_POINT('',#18079);
#5362=VERTEX_POINT('',#18081);
#5363=VERTEX_POINT('',#18083);
#5364=VERTEX_POINT('',#18085);
#5365=VERTEX_POINT('',#18089);
#5366=VERTEX_POINT('',#18091);
#5367=VERTEX_POINT('',#18095);
#5368=VERTEX_POINT('',#18099);
#5369=VERTEX_POINT('',#18103);
#5370=VERTEX_POINT('',#18107);
#5371=VERTEX_POINT('',#18111);
#5372=VERTEX_POINT('',#18115);
#5373=VERTEX_POINT('',#18119);
#5374=VERTEX_POINT('',#18123);
#5375=VERTEX_POINT('',#18127);
#5376=VERTEX_POINT('',#18131);
#5377=VERTEX_POINT('',#18133);
#5378=VERTEX_POINT('',#18135);
#5379=VERTEX_POINT('',#18137);
#5380=VERTEX_POINT('',#18139);
#5381=VERTEX_POINT('',#18141);
#5382=VERTEX_POINT('',#18143);
#5383=VERTEX_POINT('',#18145);
#5384=VERTEX_POINT('',#18147);
#5385=VERTEX_POINT('',#18170);
#5386=VERTEX_POINT('',#18171);
#5387=VERTEX_POINT('',#18173);
#5388=VERTEX_POINT('',#18177);
#5389=VERTEX_POINT('',#18179);
#5390=VERTEX_POINT('',#18183);
#5391=VERTEX_POINT('',#18184);
#5392=VERTEX_POINT('',#18186);
#5393=VERTEX_POINT('',#18188);
#5394=VERTEX_POINT('',#18192);
#5395=VERTEX_POINT('',#18194);
#5396=VERTEX_POINT('',#18198);
#5397=VERTEX_POINT('',#18200);
#5398=VERTEX_POINT('',#18204);
#5399=VERTEX_POINT('',#18205);
#5400=VERTEX_POINT('',#18207);
#5401=VERTEX_POINT('',#18209);
#5402=VERTEX_POINT('',#18213);
#5403=VERTEX_POINT('',#18215);
#5404=VERTEX_POINT('',#18219);
#5405=VERTEX_POINT('',#18221);
#5406=VERTEX_POINT('',#18225);
#5407=VERTEX_POINT('',#18227);
#5408=VERTEX_POINT('',#18229);
#5409=VERTEX_POINT('',#18231);
#5410=VERTEX_POINT('',#18233);
#5411=VERTEX_POINT('',#18236);
#5412=VERTEX_POINT('',#18238);
#5413=VERTEX_POINT('',#18240);
#5414=VERTEX_POINT('',#18242);
#5415=VERTEX_POINT('',#18244);
#5416=VERTEX_POINT('',#18246);
#5417=VERTEX_POINT('',#18248);
#5418=VERTEX_POINT('',#18250);
#5419=VERTEX_POINT('',#18252);
#5420=VERTEX_POINT('',#18254);
#5421=VERTEX_POINT('',#18256);
#5422=VERTEX_POINT('',#18258);
#5423=VERTEX_POINT('',#18260);
#5424=VERTEX_POINT('',#18262);
#5425=VERTEX_POINT('',#18264);
#5426=VERTEX_POINT('',#18269);
#5427=VERTEX_POINT('',#18271);
#5428=VERTEX_POINT('',#18273);
#5429=VERTEX_POINT('',#18275);
#5430=VERTEX_POINT('',#18277);
#5431=VERTEX_POINT('',#18279);
#5432=VERTEX_POINT('',#18284);
#5433=VERTEX_POINT('',#18286);
#5434=VERTEX_POINT('',#18288);
#5435=VERTEX_POINT('',#18290);
#5436=VERTEX_POINT('',#18292);
#5437=VERTEX_POINT('',#18295);
#5438=VERTEX_POINT('',#18297);
#5439=VERTEX_POINT('',#18300);
#5440=VERTEX_POINT('',#18302);
#5441=VERTEX_POINT('',#18304);
#5442=VERTEX_POINT('',#18306);
#5443=VERTEX_POINT('',#18308);
#5444=VERTEX_POINT('',#18311);
#5445=VERTEX_POINT('',#18313);
#5446=VERTEX_POINT('',#18315);
#5447=VERTEX_POINT('',#18317);
#5448=VERTEX_POINT('',#18330);
#5449=VERTEX_POINT('',#18332);
#5450=VERTEX_POINT('',#18367);
#5451=VERTEX_POINT('',#18368);
#5452=VERTEX_POINT('',#18370);
#5453=VERTEX_POINT('',#18372);
#5454=VERTEX_POINT('',#18376);
#5455=VERTEX_POINT('',#18378);
#5456=VERTEX_POINT('',#18382);
#5457=VERTEX_POINT('',#18383);
#5458=VERTEX_POINT('',#18385);
#5459=VERTEX_POINT('',#18387);
#5460=VERTEX_POINT('',#18391);
#5461=VERTEX_POINT('',#18393);
#5462=VERTEX_POINT('',#18398);
#5463=VERTEX_POINT('',#18400);
#5464=VERTEX_POINT('',#18402);
#5465=VERTEX_POINT('',#18404);
#5466=VERTEX_POINT('',#18406);
#5467=VERTEX_POINT('',#18408);
#5468=VERTEX_POINT('',#18410);
#5469=VERTEX_POINT('',#18412);
#5470=VERTEX_POINT('',#18414);
#5471=VERTEX_POINT('',#18416);
#5472=VERTEX_POINT('',#18422);
#5473=VERTEX_POINT('',#18424);
#5474=VERTEX_POINT('',#18428);
#5475=VERTEX_POINT('',#18432);
#5476=VERTEX_POINT('',#18436);
#5477=VERTEX_POINT('',#18438);
#5478=VERTEX_POINT('',#18442);
#5479=VERTEX_POINT('',#18446);
#5480=VERTEX_POINT('',#18452);
#5481=VERTEX_POINT('',#18456);
#5482=VERTEX_POINT('',#18466);
#5483=VERTEX_POINT('',#18467);
#5484=VERTEX_POINT('',#18469);
#5485=VERTEX_POINT('',#18471);
#5486=VERTEX_POINT('',#18473);
#5487=VERTEX_POINT('',#18477);
#5488=VERTEX_POINT('',#18479);
#5489=VERTEX_POINT('',#18481);
#5490=VERTEX_POINT('',#18483);
#5491=VERTEX_POINT('',#18485);
#5492=VERTEX_POINT('',#18489);
#5493=VERTEX_POINT('',#18491);
#5494=VERTEX_POINT('',#18493);
#5495=VERTEX_POINT('',#18495);
#5496=VERTEX_POINT('',#18499);
#5497=VERTEX_POINT('',#18503);
#5498=VERTEX_POINT('',#18505);
#5499=VERTEX_POINT('',#18509);
#5500=VERTEX_POINT('',#18513);
#5501=VERTEX_POINT('',#18514);
#5502=VERTEX_POINT('',#18516);
#5503=VERTEX_POINT('',#18518);
#5504=VERTEX_POINT('',#18522);
#5505=VERTEX_POINT('',#18523);
#5506=VERTEX_POINT('',#18525);
#5507=VERTEX_POINT('',#18527);
#5508=VERTEX_POINT('',#18534);
#5509=VERTEX_POINT('',#18535);
#5510=VERTEX_POINT('',#18538);
#5511=VERTEX_POINT('',#18542);
#5512=VERTEX_POINT('',#18543);
#5513=VERTEX_POINT('',#18548);
#5514=VERTEX_POINT('',#18549);
#5515=VERTEX_POINT('',#18554);
#5516=VERTEX_POINT('',#18558);
#5517=VERTEX_POINT('',#18569);
#5518=VERTEX_POINT('',#18579);
#5519=VERTEX_POINT('',#18580);
#5520=VERTEX_POINT('',#18582);
#5521=VERTEX_POINT('',#18584);
#5522=VERTEX_POINT('',#18586);
#5523=VERTEX_POINT('',#18588);
#5524=VERTEX_POINT('',#18590);
#5525=VERTEX_POINT('',#18592);
#5526=VERTEX_POINT('',#18594);
#5527=VERTEX_POINT('',#18596);
#5528=VERTEX_POINT('',#18600);
#5529=VERTEX_POINT('',#18602);
#5530=VERTEX_POINT('',#18604);
#5531=VERTEX_POINT('',#18606);
#5532=VERTEX_POINT('',#18608);
#5533=VERTEX_POINT('',#18610);
#5534=VERTEX_POINT('',#18614);
#5535=VERTEX_POINT('',#18615);
#5536=VERTEX_POINT('',#18622);
#5537=VERTEX_POINT('',#18626);
#5538=VERTEX_POINT('',#18630);
#5539=VERTEX_POINT('',#18631);
#5540=VERTEX_POINT('',#18633);
#5541=VERTEX_POINT('',#18635);
#5542=VERTEX_POINT('',#18645);
#5543=VERTEX_POINT('',#18649);
#5544=VERTEX_POINT('',#18651);
#5545=VERTEX_POINT('',#18653);
#5546=VERTEX_POINT('',#18655);
#5547=VERTEX_POINT('',#18657);
#5548=VERTEX_POINT('',#18659);
#5549=VERTEX_POINT('',#18661);
#5550=VERTEX_POINT('',#18663);
#5551=VERTEX_POINT('',#18667);
#5552=VERTEX_POINT('',#18668);
#5553=VERTEX_POINT('',#18670);
#5554=VERTEX_POINT('',#18672);
#5555=VERTEX_POINT('',#18674);
#5556=VERTEX_POINT('',#18676);
#5557=VERTEX_POINT('',#18678);
#5558=VERTEX_POINT('',#18680);
#5559=VERTEX_POINT('',#18682);
#5560=VERTEX_POINT('',#18684);
#5561=VERTEX_POINT('',#18688);
#5562=VERTEX_POINT('',#18690);
#5563=VERTEX_POINT('',#18694);
#5564=VERTEX_POINT('',#18698);
#5565=VERTEX_POINT('',#18702);
#5566=VERTEX_POINT('',#18706);
#5567=VERTEX_POINT('',#18710);
#5568=VERTEX_POINT('',#18714);
#5569=VERTEX_POINT('',#18721);
#5570=VERTEX_POINT('',#18723);
#5571=VERTEX_POINT('',#18725);
#5572=VERTEX_POINT('',#18727);
#5573=VERTEX_POINT('',#18729);
#5574=VERTEX_POINT('',#18731);
#5575=VERTEX_POINT('',#18733);
#5576=VERTEX_POINT('',#18735);
#5577=VERTEX_POINT('',#18737);
#5578=VERTEX_POINT('',#18761);
#5579=VERTEX_POINT('',#18762);
#5580=VERTEX_POINT('',#18764);
#5581=VERTEX_POINT('',#18766);
#5582=VERTEX_POINT('',#18768);
#5583=VERTEX_POINT('',#18770);
#5584=VERTEX_POINT('',#18772);
#5585=VERTEX_POINT('',#18774);
#5586=VERTEX_POINT('',#18778);
#5587=VERTEX_POINT('',#18780);
#5588=VERTEX_POINT('',#18782);
#5589=VERTEX_POINT('',#18784);
#5590=VERTEX_POINT('',#18786);
#5591=VERTEX_POINT('',#18788);
#5592=VERTEX_POINT('',#18790);
#5593=VERTEX_POINT('',#18792);
#5594=VERTEX_POINT('',#18796);
#5595=VERTEX_POINT('',#18798);
#5596=VERTEX_POINT('',#18801);
#5597=VERTEX_POINT('',#18803);
#5598=VERTEX_POINT('',#18807);
#5599=VERTEX_POINT('',#18811);
#5600=VERTEX_POINT('',#18812);
#5601=VERTEX_POINT('',#18819);
#5602=VERTEX_POINT('',#18820);
#5603=VERTEX_POINT('',#18825);
#5604=VERTEX_POINT('',#18831);
#5605=VERTEX_POINT('',#18835);
#5606=VERTEX_POINT('',#18836);
#5607=VERTEX_POINT('',#18838);
#5608=VERTEX_POINT('',#18840);
#5609=VERTEX_POINT('',#18844);
#5610=VERTEX_POINT('',#18860);
#5611=VERTEX_POINT('',#18861);
#5612=VERTEX_POINT('',#18863);
#5613=VERTEX_POINT('',#18865);
#5614=VERTEX_POINT('',#18869);
#5615=VERTEX_POINT('',#18871);
#5616=VERTEX_POINT('',#18875);
#5617=VERTEX_POINT('',#18877);
#5618=EDGE_CURVE('',#4620,#4621,#2116,.T.);
#5619=EDGE_CURVE('',#4621,#4622,#2117,.T.);
#5620=EDGE_CURVE('',#4622,#4623,#2118,.T.);
#5621=EDGE_CURVE('',#4623,#4620,#2119,.T.);
#5622=EDGE_CURVE('',#4624,#4625,#2120,.T.);
#5623=EDGE_CURVE('',#4625,#4626,#2121,.T.);
#5624=EDGE_CURVE('',#4626,#4627,#2122,.T.);
#5625=EDGE_CURVE('',#4627,#4624,#2123,.T.);
#5626=EDGE_CURVE('',#4628,#4629,#2124,.T.);
#5627=EDGE_CURVE('',#4629,#4630,#2125,.T.);
#5628=EDGE_CURVE('',#4630,#4631,#2126,.T.);
#5629=EDGE_CURVE('',#4631,#4628,#2127,.T.);
#5630=EDGE_CURVE('',#4632,#4633,#2128,.T.);
#5631=EDGE_CURVE('',#4633,#4634,#2129,.T.);
#5632=EDGE_CURVE('',#4634,#4635,#2130,.T.);
#5633=EDGE_CURVE('',#4635,#4632,#2131,.T.);
#5634=EDGE_CURVE('',#4624,#4633,#2132,.T.);
#5635=EDGE_CURVE('',#4634,#4627,#2133,.T.);
#5636=EDGE_CURVE('',#4635,#4626,#2134,.T.);
#5637=EDGE_CURVE('',#4632,#4625,#2135,.T.);
#5638=EDGE_CURVE('',#4620,#4629,#2136,.T.);
#5639=EDGE_CURVE('',#4630,#4623,#2137,.T.);
#5640=EDGE_CURVE('',#4631,#4622,#2138,.T.);
#5641=EDGE_CURVE('',#4628,#4621,#2139,.T.);
#5642=EDGE_CURVE('',#4636,#4637,#2140,.T.);
#5643=EDGE_CURVE('',#4637,#4638,#2141,.T.);
#5644=EDGE_CURVE('',#4638,#4639,#2142,.T.);
#5645=EDGE_CURVE('',#4639,#4636,#2143,.T.);
#5646=EDGE_CURVE('',#4640,#4641,#2144,.T.);
#5647=EDGE_CURVE('',#4641,#4642,#2145,.T.);
#5648=EDGE_CURVE('',#4642,#4643,#2146,.T.);
#5649=EDGE_CURVE('',#4643,#4640,#2147,.T.);
#5650=EDGE_CURVE('',#4644,#4645,#2148,.T.);
#5651=EDGE_CURVE('',#4645,#4646,#2149,.T.);
#5652=EDGE_CURVE('',#4646,#4647,#2150,.T.);
#5653=EDGE_CURVE('',#4647,#4644,#2151,.T.);
#5654=EDGE_CURVE('',#4648,#4649,#2152,.T.);
#5655=EDGE_CURVE('',#4649,#4650,#2153,.T.);
#5656=EDGE_CURVE('',#4650,#4651,#2154,.T.);
#5657=EDGE_CURVE('',#4651,#4648,#2155,.T.);
#5658=EDGE_CURVE('',#4640,#4649,#2156,.T.);
#5659=EDGE_CURVE('',#4650,#4643,#2157,.T.);
#5660=EDGE_CURVE('',#4651,#4642,#2158,.T.);
#5661=EDGE_CURVE('',#4648,#4641,#2159,.T.);
#5662=EDGE_CURVE('',#4636,#4645,#2160,.T.);
#5663=EDGE_CURVE('',#4646,#4639,#2161,.T.);
#5664=EDGE_CURVE('',#4647,#4638,#2162,.T.);
#5665=EDGE_CURVE('',#4644,#4637,#2163,.T.);
#5666=EDGE_CURVE('',#4652,#4652,#203,.T.);
#5667=EDGE_CURVE('',#4652,#4653,#2164,.T.);
#5668=EDGE_CURVE('',#4653,#4653,#204,.T.);
#5669=EDGE_CURVE('',#4654,#4654,#205,.T.);
#5670=EDGE_CURVE('',#4654,#4655,#2165,.T.);
#5671=EDGE_CURVE('',#4655,#4655,#206,.T.);
#5672=EDGE_CURVE('',#4656,#4657,#2166,.T.);
#5673=EDGE_CURVE('',#4656,#4658,#2167,.T.);
#5674=EDGE_CURVE('',#4659,#4658,#2168,.T.);
#5675=EDGE_CURVE('',#4657,#4659,#2169,.T.);
#5676=EDGE_CURVE('',#4660,#4661,#2170,.T.);
#5677=EDGE_CURVE('',#4661,#4662,#2171,.T.);
#5678=EDGE_CURVE('',#4663,#4662,#2172,.T.);
#5679=EDGE_CURVE('',#4660,#4663,#2173,.T.);
#5680=EDGE_CURVE('',#4658,#4663,#2174,.T.);
#5681=EDGE_CURVE('',#4662,#4659,#2175,.T.);
#5682=EDGE_CURVE('',#4664,#4665,#2176,.T.);
#5683=EDGE_CURVE('',#4664,#4666,#2177,.T.);
#5684=EDGE_CURVE('',#4667,#4666,#2178,.T.);
#5685=EDGE_CURVE('',#4665,#4667,#2179,.T.);
#5686=EDGE_CURVE('',#4668,#4669,#2180,.T.);
#5687=EDGE_CURVE('',#4668,#4670,#2181,.T.);
#5688=EDGE_CURVE('',#4671,#4670,#2182,.T.);
#5689=EDGE_CURVE('',#4669,#4671,#2183,.T.);
#5690=EDGE_CURVE('',#4666,#4671,#2184,.T.);
#5691=EDGE_CURVE('',#4670,#4667,#2185,.T.);
#5692=EDGE_CURVE('',#4661,#4669,#2186,.T.);
#5693=EDGE_CURVE('',#4657,#4664,#2187,.T.);
#5694=EDGE_CURVE('',#4660,#4668,#2188,.T.);
#5695=EDGE_CURVE('',#4665,#4656,#2189,.T.);
#5696=EDGE_CURVE('',#4672,#4673,#189,.T.);
#5697=EDGE_CURVE('',#4672,#4674,#2190,.T.);
#5698=EDGE_CURVE('',#4674,#4673,#2191,.T.);
#5699=EDGE_CURVE('',#4673,#4675,#190,.T.);
#5700=EDGE_CURVE('',#4673,#4676,#2192,.T.);
#5701=EDGE_CURVE('',#4676,#4675,#2193,.T.);
#5702=EDGE_CURVE('',#4677,#4672,#191,.T.);
#5703=EDGE_CURVE('',#4677,#4674,#2194,.T.);
#5704=EDGE_CURVE('',#4678,#4678,#207,.T.);
#5705=EDGE_CURVE('',#4678,#4679,#2195,.T.);
#5706=EDGE_CURVE('',#4679,#4679,#208,.T.);
#5707=EDGE_CURVE('',#4675,#4680,#192,.T.);
#5708=EDGE_CURVE('',#4680,#4681,#185,.T.);
#5709=EDGE_CURVE('',#4681,#4682,#186,.T.);
#5710=EDGE_CURVE('',#4682,#4683,#2196,.T.);
#5711=EDGE_CURVE('',#4683,#4684,#209,.T.);
#5712=EDGE_CURVE('',#4684,#4685,#2197,.T.);
#5713=EDGE_CURVE('',#4685,#4677,#193,.T.);
#5714=EDGE_CURVE('',#4686,#4686,#210,.T.);
#5715=EDGE_CURVE('',#4686,#4687,#2198,.T.);
#5716=EDGE_CURVE('',#4687,#4687,#211,.T.);
#5717=EDGE_CURVE('',#4688,#4689,#212,.T.);
#5718=EDGE_CURVE('',#4688,#4677,#2199,.T.);
#5719=EDGE_CURVE('',#4685,#4690,#2200,.T.);
#5720=EDGE_CURVE('',#4690,#4691,#2201,.T.);
#5721=EDGE_CURVE('',#4689,#4691,#2202,.T.);
#5722=EDGE_CURVE('',#4692,#4693,#213,.T.);
#5723=EDGE_CURVE('',#4693,#4688,#2203,.T.);
#5724=EDGE_CURVE('',#4689,#4692,#2204,.T.);
#5725=EDGE_CURVE('',#4693,#4676,#2205,.T.);
#5726=EDGE_CURVE('',#4694,#4692,#2206,.T.);
#5727=EDGE_CURVE('',#4694,#4680,#2207,.T.);
#5728=EDGE_CURVE('',#4682,#4694,#214,.T.);
#5729=EDGE_CURVE('',#4681,#4695,#2208,.T.);
#5730=EDGE_CURVE('',#4695,#4695,#215,.T.);
#5731=EDGE_CURVE('',#4696,#4696,#216,.T.);
#5732=EDGE_CURVE('',#4696,#4697,#2209,.T.);
#5733=EDGE_CURVE('',#4697,#4697,#217,.T.);
#5734=EDGE_CURVE('',#4683,#4691,#2210,.T.);
#5735=EDGE_CURVE('',#4690,#4684,#2211,.T.);
#5736=EDGE_CURVE('',#4698,#4699,#2212,.T.);
#5737=EDGE_CURVE('',#4699,#4700,#2213,.T.);
#5738=EDGE_CURVE('',#4700,#4701,#2214,.T.);
#5739=EDGE_CURVE('',#4701,#4698,#2215,.T.);
#5740=EDGE_CURVE('',#4702,#4703,#2216,.T.);
#5741=EDGE_CURVE('',#4703,#4704,#2217,.T.);
#5742=EDGE_CURVE('',#4704,#4705,#2218,.T.);
#5743=EDGE_CURVE('',#4705,#4702,#2219,.T.);
#5744=EDGE_CURVE('',#4706,#4703,#2220,.T.);
#5745=EDGE_CURVE('',#4707,#4706,#2221,.T.);
#5746=EDGE_CURVE('',#4704,#4707,#2222,.T.);
#5747=EDGE_CURVE('',#4708,#4707,#2223,.T.);
#5748=EDGE_CURVE('',#4705,#4708,#2224,.T.);
#5749=EDGE_CURVE('',#4709,#4708,#2225,.T.);
#5750=EDGE_CURVE('',#4702,#4709,#2226,.T.);
#5751=EDGE_CURVE('',#4706,#4709,#2227,.T.);
#5752=EDGE_CURVE('',#4710,#4699,#2228,.T.);
#5753=EDGE_CURVE('',#4711,#4710,#2229,.T.);
#5754=EDGE_CURVE('',#4700,#4711,#2230,.T.);
#5755=EDGE_CURVE('',#4712,#4711,#2231,.T.);
#5756=EDGE_CURVE('',#4701,#4712,#2232,.T.);
#5757=EDGE_CURVE('',#4713,#4712,#2233,.T.);
#5758=EDGE_CURVE('',#4698,#4713,#2234,.T.);
#5759=EDGE_CURVE('',#4710,#4713,#2235,.T.);
#5760=EDGE_CURVE('',#4714,#4714,#218,.T.);
#5761=EDGE_CURVE('',#4714,#4715,#2236,.T.);
#5762=EDGE_CURVE('',#4715,#4715,#219,.T.);
#5763=EDGE_CURVE('',#4716,#4716,#220,.T.);
#5764=EDGE_CURVE('',#4716,#4717,#2237,.T.);
#5765=EDGE_CURVE('',#4717,#4717,#221,.T.);
#5766=EDGE_CURVE('',#4718,#4719,#2238,.T.);
#5767=EDGE_CURVE('',#4719,#4720,#2239,.T.);
#5768=EDGE_CURVE('',#4720,#4721,#2240,.T.);
#5769=EDGE_CURVE('',#4718,#4721,#2241,.T.);
#5770=EDGE_CURVE('',#4722,#4723,#2242,.T.);
#5771=EDGE_CURVE('',#4722,#4724,#2243,.T.);
#5772=EDGE_CURVE('',#4724,#4725,#2244,.T.);
#5773=EDGE_CURVE('',#4723,#4725,#2245,.T.);
#5774=EDGE_CURVE('',#4721,#4724,#2246,.T.);
#5775=EDGE_CURVE('',#4725,#4720,#2247,.T.);
#5776=EDGE_CURVE('',#4726,#4727,#2248,.T.);
#5777=EDGE_CURVE('',#4727,#4728,#2249,.T.);
#5778=EDGE_CURVE('',#4728,#4729,#2250,.T.);
#5779=EDGE_CURVE('',#4726,#4729,#2251,.T.);
#5780=EDGE_CURVE('',#4730,#4731,#2252,.T.);
#5781=EDGE_CURVE('',#4731,#4732,#2253,.T.);
#5782=EDGE_CURVE('',#4732,#4733,#2254,.T.);
#5783=EDGE_CURVE('',#4730,#4733,#2255,.T.);
#5784=EDGE_CURVE('',#4733,#4728,#2256,.T.);
#5785=EDGE_CURVE('',#4729,#4732,#2257,.T.);
#5786=EDGE_CURVE('',#4723,#4731,#2258,.T.);
#5787=EDGE_CURVE('',#4719,#4726,#2259,.T.);
#5788=EDGE_CURVE('',#4722,#4730,#2260,.T.);
#5789=EDGE_CURVE('',#4727,#4718,#2261,.T.);
#5790=EDGE_CURVE('',#4734,#4734,#222,.T.);
#5791=EDGE_CURVE('',#4734,#4735,#2262,.T.);
#5792=EDGE_CURVE('',#4735,#4735,#223,.T.);
#5793=EDGE_CURVE('',#4736,#4737,#2263,.T.);
#5794=EDGE_CURVE('',#4737,#4738,#2264,.T.);
#5795=EDGE_CURVE('',#4739,#4738,#2265,.T.);
#5796=EDGE_CURVE('',#4736,#4739,#2266,.T.);
#5797=EDGE_CURVE('',#4740,#4736,#2267,.T.);
#5798=EDGE_CURVE('',#4741,#4739,#2268,.T.);
#5799=EDGE_CURVE('',#4740,#4741,#2269,.T.);
#5800=EDGE_CURVE('',#4742,#4740,#2270,.T.);
#5801=EDGE_CURVE('',#4743,#4741,#2271,.T.);
#5802=EDGE_CURVE('',#4742,#4743,#2272,.T.);
#5803=EDGE_CURVE('',#4744,#4742,#2273,.T.);
#5804=EDGE_CURVE('',#4745,#4743,#2274,.T.);
#5805=EDGE_CURVE('',#4744,#4745,#2275,.T.);
#5806=EDGE_CURVE('',#4746,#4744,#2276,.T.);
#5807=EDGE_CURVE('',#4747,#4745,#2277,.T.);
#5808=EDGE_CURVE('',#4746,#4747,#2278,.T.);
#5809=EDGE_CURVE('',#4737,#4746,#2279,.T.);
#5810=EDGE_CURVE('',#4738,#4747,#2280,.T.);
#5811=EDGE_CURVE('',#4748,#4749,#194,.T.);
#5812=EDGE_CURVE('',#4750,#4749,#2281,.T.);
#5813=EDGE_CURVE('',#4748,#4750,#2282,.T.);
#5814=EDGE_CURVE('',#4749,#4751,#195,.T.);
#5815=EDGE_CURVE('',#4752,#4751,#2283,.T.);
#5816=EDGE_CURVE('',#4749,#4752,#2284,.T.);
#5817=EDGE_CURVE('',#4753,#4748,#196,.T.);
#5818=EDGE_CURVE('',#4753,#4750,#2285,.T.);
#5819=EDGE_CURVE('',#4754,#4754,#224,.T.);
#5820=EDGE_CURVE('',#4754,#4755,#2286,.T.);
#5821=EDGE_CURVE('',#4755,#4755,#225,.T.);
#5822=EDGE_CURVE('',#4751,#4756,#197,.T.);
#5823=EDGE_CURVE('',#4757,#4753,#198,.T.);
#5824=EDGE_CURVE('',#4758,#4757,#2287,.T.);
#5825=EDGE_CURVE('',#4759,#4758,#226,.T.);
#5826=EDGE_CURVE('',#4760,#4759,#2288,.T.);
#5827=EDGE_CURVE('',#4761,#4760,#187,.T.);
#5828=EDGE_CURVE('',#4756,#4761,#188,.T.);
#5829=EDGE_CURVE('',#4762,#4762,#227,.T.);
#5830=EDGE_CURVE('',#4762,#4763,#2289,.T.);
#5831=EDGE_CURVE('',#4763,#4763,#228,.T.);
#5832=EDGE_CURVE('',#4764,#4765,#229,.T.);
#5833=EDGE_CURVE('',#4765,#4766,#2290,.T.);
#5834=EDGE_CURVE('',#4767,#4766,#2291,.T.);
#5835=EDGE_CURVE('',#4757,#4767,#2292,.T.);
#5836=EDGE_CURVE('',#4764,#4753,#2293,.T.);
#5837=EDGE_CURVE('',#4768,#4769,#230,.T.);
#5838=EDGE_CURVE('',#4765,#4768,#2294,.T.);
#5839=EDGE_CURVE('',#4769,#4764,#2295,.T.);
#5840=EDGE_CURVE('',#4769,#4752,#2296,.T.);
#5841=EDGE_CURVE('',#4770,#4756,#2297,.T.);
#5842=EDGE_CURVE('',#4770,#4768,#2298,.T.);
#5843=EDGE_CURVE('',#4760,#4770,#231,.T.);
#5844=EDGE_CURVE('',#4761,#4771,#2299,.T.);
#5845=EDGE_CURVE('',#4771,#4771,#232,.T.);
#5846=EDGE_CURVE('',#4772,#4772,#233,.T.);
#5847=EDGE_CURVE('',#4772,#4773,#2300,.T.);
#5848=EDGE_CURVE('',#4773,#4773,#234,.T.);
#5849=EDGE_CURVE('',#4759,#4766,#2301,.T.);
#5850=EDGE_CURVE('',#4767,#4758,#2302,.T.);
#5851=EDGE_CURVE('',#4774,#4774,#235,.T.);
#5852=EDGE_CURVE('',#4774,#4775,#2303,.T.);
#5853=EDGE_CURVE('',#4775,#4775,#236,.T.);
#5854=EDGE_CURVE('',#4776,#4777,#2304,.T.);
#5855=EDGE_CURVE('',#4776,#4778,#2305,.T.);
#5856=EDGE_CURVE('',#4778,#4779,#2306,.T.);
#5857=EDGE_CURVE('',#4777,#4779,#2307,.T.);
#5858=EDGE_CURVE('',#4780,#4776,#2308,.T.);
#5859=EDGE_CURVE('',#4780,#4781,#2309,.T.);
#5860=EDGE_CURVE('',#4781,#4778,#2310,.T.);
#5861=EDGE_CURVE('',#4782,#4780,#2311,.T.);
#5862=EDGE_CURVE('',#4782,#4783,#2312,.T.);
#5863=EDGE_CURVE('',#4783,#4781,#2313,.T.);
#5864=EDGE_CURVE('',#4784,#4782,#2314,.T.);
#5865=EDGE_CURVE('',#4784,#4785,#2315,.T.);
#5866=EDGE_CURVE('',#4785,#4783,#2316,.T.);
#5867=EDGE_CURVE('',#4786,#4784,#2317,.T.);
#5868=EDGE_CURVE('',#4786,#4787,#2318,.T.);
#5869=EDGE_CURVE('',#4787,#4785,#2319,.T.);
#5870=EDGE_CURVE('',#4777,#4786,#2320,.T.);
#5871=EDGE_CURVE('',#4779,#4787,#2321,.T.);
#5872=EDGE_CURVE('',#4788,#4788,#237,.T.);
#5873=EDGE_CURVE('',#4788,#4789,#2322,.T.);
#5874=EDGE_CURVE('',#4789,#4789,#238,.T.);
#5875=EDGE_CURVE('',#4790,#4790,#239,.T.);
#5876=EDGE_CURVE('',#4790,#4791,#2323,.T.);
#5877=EDGE_CURVE('',#4791,#4791,#240,.T.);
#5878=EDGE_CURVE('',#4792,#4792,#241,.T.);
#5879=EDGE_CURVE('',#4792,#4793,#2324,.T.);
#5880=EDGE_CURVE('',#4793,#4793,#242,.T.);
#5881=EDGE_CURVE('',#4794,#4794,#243,.T.);
#5882=EDGE_CURVE('',#4794,#4795,#2325,.T.);
#5883=EDGE_CURVE('',#4795,#4795,#244,.T.);
#5884=EDGE_CURVE('',#4796,#4796,#245,.T.);
#5885=EDGE_CURVE('',#4797,#4797,#246,.T.);
#5886=EDGE_CURVE('',#4797,#4796,#2326,.T.);
#5887=EDGE_CURVE('',#4798,#4799,#2327,.T.);
#5888=EDGE_CURVE('',#4800,#4798,#2328,.T.);
#5889=EDGE_CURVE('',#4801,#4800,#2329,.T.);
#5890=EDGE_CURVE('',#4799,#4801,#247,.T.);
#5891=EDGE_CURVE('',#4802,#4803,#2330,.T.);
#5892=EDGE_CURVE('',#4804,#4802,#248,.T.);
#5893=EDGE_CURVE('',#4805,#4804,#2331,.T.);
#5894=EDGE_CURVE('',#4803,#4805,#2332,.T.);
#5895=EDGE_CURVE('',#4806,#4805,#2333,.T.);
#5896=EDGE_CURVE('',#4807,#4806,#2334,.T.);
#5897=EDGE_CURVE('',#4803,#4807,#2335,.T.);
#5898=EDGE_CURVE('',#4804,#4808,#2336,.T.);
#5899=EDGE_CURVE('',#4808,#4809,#2337,.T.);
#5900=EDGE_CURVE('',#4809,#4801,#2338,.T.);
#5901=EDGE_CURVE('',#4800,#4810,#2339,.T.);
#5902=EDGE_CURVE('',#4810,#4806,#249,.T.);
#5903=EDGE_CURVE('',#4811,#4811,#250,.T.);
#5904=EDGE_CURVE('',#4812,#4813,#2340,.T.);
#5905=EDGE_CURVE('',#4812,#4813,#251,.T.);
#5906=EDGE_CURVE('',#4814,#4808,#252,.T.);
#5907=EDGE_CURVE('',#4809,#4814,#253,.T.);
#5908=EDGE_CURVE('',#4815,#4815,#254,.T.);
#5909=EDGE_CURVE('',#4815,#4814,#2341,.T.);
#5910=EDGE_CURVE('',#4812,#4802,#2342,.T.);
#5911=EDGE_CURVE('',#4799,#4813,#2343,.T.);
#5912=EDGE_CURVE('',#4811,#4816,#2344,.T.);
#5913=EDGE_CURVE('',#4816,#4816,#255,.T.);
#5914=EDGE_CURVE('',#4817,#4807,#256,.T.);
#5915=EDGE_CURVE('',#4817,#4810,#2345,.T.);
#5916=EDGE_CURVE('',#4798,#4817,#2346,.T.);
#5917=EDGE_CURVE('',#4818,#4819,#2347,.T.);
#5918=EDGE_CURVE('',#4819,#4820,#257,.T.);
#5919=EDGE_CURVE('',#4820,#4821,#2348,.T.);
#5920=EDGE_CURVE('',#4821,#4818,#2349,.T.);
#5921=EDGE_CURVE('',#4822,#4823,#2350,.T.);
#5922=EDGE_CURVE('',#4823,#4824,#2351,.T.);
#5923=EDGE_CURVE('',#4824,#4825,#2352,.T.);
#5924=EDGE_CURVE('',#4825,#4822,#258,.T.);
#5925=EDGE_CURVE('',#4823,#4826,#2353,.T.);
#5926=EDGE_CURVE('',#4826,#4827,#2354,.T.);
#5927=EDGE_CURVE('',#4827,#4824,#2355,.T.);
#5928=EDGE_CURVE('',#4828,#4827,#259,.T.);
#5929=EDGE_CURVE('',#4821,#4828,#2356,.T.);
#5930=EDGE_CURVE('',#4829,#4820,#2357,.T.);
#5931=EDGE_CURVE('',#4830,#4829,#2358,.T.);
#5932=EDGE_CURVE('',#4825,#4830,#2359,.T.);
#5933=EDGE_CURVE('',#4831,#4831,#260,.T.);
#5934=EDGE_CURVE('',#4832,#4833,#2360,.T.);
#5935=EDGE_CURVE('',#4832,#4833,#261,.T.);
#5936=EDGE_CURVE('',#4829,#4834,#262,.T.);
#5937=EDGE_CURVE('',#4834,#4830,#263,.T.);
#5938=EDGE_CURVE('',#4835,#4835,#264,.T.);
#5939=EDGE_CURVE('',#4835,#4834,#2361,.T.);
#5940=EDGE_CURVE('',#4819,#4833,#2362,.T.);
#5941=EDGE_CURVE('',#4832,#4822,#2363,.T.);
#5942=EDGE_CURVE('',#4831,#4836,#2364,.T.);
#5943=EDGE_CURVE('',#4836,#4836,#265,.T.);
#5944=EDGE_CURVE('',#4837,#4826,#266,.T.);
#5945=EDGE_CURVE('',#4837,#4828,#2365,.T.);
#5946=EDGE_CURVE('',#4818,#4837,#2366,.T.);
#5947=EDGE_CURVE('',#4838,#4838,#267,.T.);
#5948=EDGE_CURVE('',#4838,#4839,#2367,.T.);
#5949=EDGE_CURVE('',#4839,#4839,#268,.T.);
#5950=EDGE_CURVE('',#4840,#4840,#269,.T.);
#5951=EDGE_CURVE('',#4840,#4841,#2368,.T.);
#5952=EDGE_CURVE('',#4841,#4841,#270,.T.);
#5953=EDGE_CURVE('',#4842,#4842,#271,.T.);
#5954=EDGE_CURVE('',#4842,#4843,#2369,.T.);
#5955=EDGE_CURVE('',#4843,#4843,#272,.T.);
#5956=EDGE_CURVE('',#4844,#4844,#273,.T.);
#5957=EDGE_CURVE('',#4844,#4845,#2370,.T.);
#5958=EDGE_CURVE('',#4845,#4845,#274,.T.);
#5959=EDGE_CURVE('',#4846,#4846,#275,.T.);
#5960=EDGE_CURVE('',#4847,#4847,#276,.T.);
#5961=EDGE_CURVE('',#4847,#4846,#2371,.T.);
#5962=EDGE_CURVE('',#4848,#4848,#277,.T.);
#5963=EDGE_CURVE('',#4849,#4849,#278,.T.);
#5964=EDGE_CURVE('',#4850,#4851,#279,.T.);
#5965=EDGE_CURVE('',#4852,#4850,#2372,.T.);
#5966=EDGE_CURVE('',#4852,#4853,#280,.T.);
#5967=EDGE_CURVE('',#4853,#4851,#2373,.T.);
#5968=EDGE_CURVE('',#4854,#4854,#199,.T.);
#5969=EDGE_CURVE('',#4855,#4856,#200,.T.);
#5970=EDGE_CURVE('',#4857,#4855,#201,.T.);
#5971=EDGE_CURVE('',#4857,#4854,#2374,.T.);
#5972=EDGE_CURVE('',#4856,#4857,#202,.T.);
#5973=EDGE_CURVE('',#4858,#4859,#281,.T.);
#5974=EDGE_CURVE('',#4858,#4860,#2375,.T.);
#5975=EDGE_CURVE('',#4860,#4861,#282,.T.);
#5976=EDGE_CURVE('',#4861,#4859,#2376,.T.);
#5977=EDGE_CURVE('',#4859,#4850,#2377,.T.);
#5978=EDGE_CURVE('',#4851,#4858,#2378,.T.);
#5979=EDGE_CURVE('',#4862,#4862,#283,.T.);
#5980=EDGE_CURVE('',#4853,#4860,#2379,.T.);
#5981=EDGE_CURVE('',#4852,#4861,#2380,.T.);
#5982=EDGE_CURVE('',#4849,#4862,#2381,.T.);
#5983=EDGE_CURVE('',#4848,#4852,#2382,.T.);
#5984=EDGE_CURVE('',#4863,#4864,#2383,.T.);
#5985=EDGE_CURVE('',#4864,#4865,#2384,.T.);
#5986=EDGE_CURVE('',#4865,#4866,#2385,.T.);
#5987=EDGE_CURVE('',#4866,#4863,#2386,.T.);
#5988=EDGE_CURVE('',#4867,#4868,#2387,.T.);
#5989=EDGE_CURVE('',#4868,#4869,#2388,.T.);
#5990=EDGE_CURVE('',#4869,#4870,#2389,.T.);
#5991=EDGE_CURVE('',#4870,#4867,#2390,.T.);
#5992=EDGE_CURVE('',#4871,#4872,#2391,.T.);
#5993=EDGE_CURVE('',#4872,#4873,#2392,.T.);
#5994=EDGE_CURVE('',#4873,#4874,#2393,.T.);
#5995=EDGE_CURVE('',#4874,#4871,#2394,.T.);
#5996=EDGE_CURVE('',#4875,#4876,#2395,.T.);
#5997=EDGE_CURVE('',#4876,#4877,#2396,.T.);
#5998=EDGE_CURVE('',#4877,#4878,#2397,.T.);
#5999=EDGE_CURVE('',#4878,#4875,#2398,.T.);
#6000=EDGE_CURVE('',#4867,#4876,#2399,.T.);
#6001=EDGE_CURVE('',#4877,#4870,#2400,.T.);
#6002=EDGE_CURVE('',#4878,#4869,#2401,.T.);
#6003=EDGE_CURVE('',#4875,#4868,#2402,.T.);
#6004=EDGE_CURVE('',#4863,#4872,#2403,.T.);
#6005=EDGE_CURVE('',#4873,#4866,#2404,.T.);
#6006=EDGE_CURVE('',#4874,#4865,#2405,.T.);
#6007=EDGE_CURVE('',#4871,#4864,#2406,.T.);
#6008=EDGE_CURVE('',#4879,#4880,#2407,.T.);
#6009=EDGE_CURVE('',#4880,#4881,#2408,.T.);
#6010=EDGE_CURVE('',#4881,#4882,#2409,.T.);
#6011=EDGE_CURVE('',#4882,#4879,#2410,.T.);
#6012=EDGE_CURVE('',#4883,#4884,#2411,.T.);
#6013=EDGE_CURVE('',#4884,#4885,#2412,.T.);
#6014=EDGE_CURVE('',#4885,#4886,#2413,.T.);
#6015=EDGE_CURVE('',#4886,#4883,#2414,.T.);
#6016=EDGE_CURVE('',#4887,#4888,#2415,.T.);
#6017=EDGE_CURVE('',#4888,#4889,#2416,.T.);
#6018=EDGE_CURVE('',#4889,#4890,#2417,.T.);
#6019=EDGE_CURVE('',#4890,#4887,#2418,.T.);
#6020=EDGE_CURVE('',#4891,#4892,#2419,.T.);
#6021=EDGE_CURVE('',#4892,#4893,#2420,.T.);
#6022=EDGE_CURVE('',#4893,#4894,#2421,.T.);
#6023=EDGE_CURVE('',#4894,#4891,#2422,.T.);
#6024=EDGE_CURVE('',#4891,#4884,#2423,.T.);
#6025=EDGE_CURVE('',#4885,#4894,#2424,.T.);
#6026=EDGE_CURVE('',#4886,#4893,#2425,.T.);
#6027=EDGE_CURVE('',#4883,#4892,#2426,.T.);
#6028=EDGE_CURVE('',#4887,#4880,#2427,.T.);
#6029=EDGE_CURVE('',#4881,#4890,#2428,.T.);
#6030=EDGE_CURVE('',#4882,#4889,#2429,.T.);
#6031=EDGE_CURVE('',#4879,#4888,#2430,.T.);
#6032=EDGE_CURVE('',#4895,#4896,#2431,.T.);
#6033=EDGE_CURVE('',#4896,#4897,#2432,.T.);
#6034=EDGE_CURVE('',#4897,#4898,#2433,.T.);
#6035=EDGE_CURVE('',#4898,#4895,#2434,.T.);
#6036=EDGE_CURVE('',#4899,#4900,#2435,.T.);
#6037=EDGE_CURVE('',#4900,#4901,#2436,.T.);
#6038=EDGE_CURVE('',#4901,#4902,#2437,.T.);
#6039=EDGE_CURVE('',#4902,#4899,#2438,.T.);
#6040=EDGE_CURVE('',#4903,#4904,#2439,.T.);
#6041=EDGE_CURVE('',#4904,#4905,#2440,.T.);
#6042=EDGE_CURVE('',#4905,#4906,#2441,.T.);
#6043=EDGE_CURVE('',#4906,#4903,#2442,.T.);
#6044=EDGE_CURVE('',#4907,#4908,#2443,.T.);
#6045=EDGE_CURVE('',#4908,#4909,#2444,.T.);
#6046=EDGE_CURVE('',#4909,#4910,#2445,.T.);
#6047=EDGE_CURVE('',#4910,#4907,#2446,.T.);
#6048=EDGE_CURVE('',#4907,#4900,#2447,.T.);
#6049=EDGE_CURVE('',#4901,#4910,#2448,.T.);
#6050=EDGE_CURVE('',#4902,#4909,#2449,.T.);
#6051=EDGE_CURVE('',#4899,#4908,#2450,.T.);
#6052=EDGE_CURVE('',#4903,#4896,#2451,.T.);
#6053=EDGE_CURVE('',#4897,#4906,#2452,.T.);
#6054=EDGE_CURVE('',#4898,#4905,#2453,.T.);
#6055=EDGE_CURVE('',#4895,#4904,#2454,.T.);
#6056=EDGE_CURVE('',#4911,#4911,#284,.T.);
#6057=EDGE_CURVE('',#4912,#4912,#285,.T.);
#6058=EDGE_CURVE('',#4913,#4913,#286,.T.);
#6059=EDGE_CURVE('',#4913,#4911,#287,.T.);
#6060=EDGE_CURVE('',#4914,#4914,#288,.T.);
#6061=EDGE_CURVE('',#4914,#4912,#2455,.T.);
#6062=EDGE_CURVE('',#4915,#4915,#289,.T.);
#6063=EDGE_CURVE('',#4916,#4916,#290,.T.);
#6064=EDGE_CURVE('',#4917,#4917,#291,.T.);
#6065=EDGE_CURVE('',#4917,#4915,#292,.T.);
#6066=EDGE_CURVE('',#4918,#4918,#293,.T.);
#6067=EDGE_CURVE('',#4918,#4916,#2456,.T.);
#6068=EDGE_CURVE('',#4919,#4919,#294,.T.);
#6069=EDGE_CURVE('',#4919,#4920,#295,.T.);
#6070=EDGE_CURVE('',#4920,#4921,#296,.T.);
#6071=EDGE_CURVE('',#4921,#4920,#297,.T.);
#6072=EDGE_CURVE('',#4921,#4922,#2457,.T.);
#6073=EDGE_CURVE('',#4922,#4922,#298,.T.);
#6074=EDGE_CURVE('',#4923,#4924,#2458,.T.);
#6075=EDGE_CURVE('',#4925,#4923,#299,.T.);
#6076=EDGE_CURVE('',#4926,#4925,#2459,.T.);
#6077=EDGE_CURVE('',#4924,#4926,#300,.T.);
#6078=EDGE_CURVE('',#4927,#4928,#301,.T.);
#6079=EDGE_CURVE('',#4929,#4927,#2460,.T.);
#6080=EDGE_CURVE('',#4930,#4929,#302,.T.);
#6081=EDGE_CURVE('',#4928,#4930,#2461,.T.);
#6082=EDGE_CURVE('',#4931,#4932,#303,.T.);
#6083=EDGE_CURVE('',#4933,#4931,#2462,.T.);
#6084=EDGE_CURVE('',#4934,#4933,#304,.T.);
#6085=EDGE_CURVE('',#4932,#4934,#2463,.T.);
#6086=EDGE_CURVE('',#4935,#4936,#305,.T.);
#6087=EDGE_CURVE('',#4937,#4935,#2464,.T.);
#6088=EDGE_CURVE('',#4938,#4937,#306,.T.);
#6089=EDGE_CURVE('',#4936,#4938,#2465,.T.);
#6090=EDGE_CURVE('',#4939,#4940,#307,.T.);
#6091=EDGE_CURVE('',#4941,#4939,#2466,.T.);
#6092=EDGE_CURVE('',#4942,#4941,#308,.T.);
#6093=EDGE_CURVE('',#4940,#4942,#2467,.T.);
#6094=EDGE_CURVE('',#4943,#4944,#309,.T.);
#6095=EDGE_CURVE('',#4945,#4943,#2468,.T.);
#6096=EDGE_CURVE('',#4946,#4945,#310,.T.);
#6097=EDGE_CURVE('',#4944,#4946,#2469,.T.);
#6098=EDGE_CURVE('',#4947,#4948,#311,.T.);
#6099=EDGE_CURVE('',#4949,#4947,#2470,.T.);
#6100=EDGE_CURVE('',#4950,#4949,#312,.T.);
#6101=EDGE_CURVE('',#4948,#4950,#2471,.T.);
#6102=EDGE_CURVE('',#4951,#4952,#313,.T.);
#6103=EDGE_CURVE('',#4953,#4951,#2472,.T.);
#6104=EDGE_CURVE('',#4954,#4953,#314,.T.);
#6105=EDGE_CURVE('',#4952,#4954,#2473,.T.);
#6106=EDGE_CURVE('',#4955,#4956,#315,.T.);
#6107=EDGE_CURVE('',#4957,#4955,#2474,.T.);
#6108=EDGE_CURVE('',#4958,#4957,#316,.T.);
#6109=EDGE_CURVE('',#4956,#4958,#2475,.T.);
#6110=EDGE_CURVE('',#4959,#4960,#317,.T.);
#6111=EDGE_CURVE('',#4961,#4959,#2476,.T.);
#6112=EDGE_CURVE('',#4962,#4961,#318,.T.);
#6113=EDGE_CURVE('',#4960,#4962,#2477,.T.);
#6114=EDGE_CURVE('',#4963,#4964,#319,.T.);
#6115=EDGE_CURVE('',#4965,#4963,#2478,.T.);
#6116=EDGE_CURVE('',#4966,#4965,#320,.T.);
#6117=EDGE_CURVE('',#4964,#4966,#2479,.T.);
#6118=EDGE_CURVE('',#4967,#4968,#321,.T.);
#6119=EDGE_CURVE('',#4969,#4967,#2480,.T.);
#6120=EDGE_CURVE('',#4970,#4969,#322,.T.);
#6121=EDGE_CURVE('',#4968,#4970,#2481,.T.);
#6122=EDGE_CURVE('',#4971,#4972,#323,.T.);
#6123=EDGE_CURVE('',#4973,#4971,#2482,.T.);
#6124=EDGE_CURVE('',#4974,#4973,#324,.T.);
#6125=EDGE_CURVE('',#4972,#4974,#2483,.T.);
#6126=EDGE_CURVE('',#4975,#4976,#325,.T.);
#6127=EDGE_CURVE('',#4977,#4975,#2484,.T.);
#6128=EDGE_CURVE('',#4978,#4977,#326,.T.);
#6129=EDGE_CURVE('',#4976,#4978,#2485,.T.);
#6130=EDGE_CURVE('',#4979,#4980,#327,.T.);
#6131=EDGE_CURVE('',#4981,#4979,#2486,.T.);
#6132=EDGE_CURVE('',#4982,#4981,#328,.T.);
#6133=EDGE_CURVE('',#4980,#4982,#2487,.T.);
#6134=EDGE_CURVE('',#4983,#4984,#329,.T.);
#6135=EDGE_CURVE('',#4985,#4983,#2488,.T.);
#6136=EDGE_CURVE('',#4986,#4985,#330,.T.);
#6137=EDGE_CURVE('',#4984,#4986,#2489,.T.);
#6138=EDGE_CURVE('',#4987,#4988,#331,.T.);
#6139=EDGE_CURVE('',#4989,#4987,#2490,.T.);
#6140=EDGE_CURVE('',#4990,#4989,#332,.T.);
#6141=EDGE_CURVE('',#4988,#4990,#2491,.T.);
#6142=EDGE_CURVE('',#4991,#4992,#333,.T.);
#6143=EDGE_CURVE('',#4993,#4991,#2492,.T.);
#6144=EDGE_CURVE('',#4994,#4993,#334,.T.);
#6145=EDGE_CURVE('',#4992,#4994,#2493,.T.);
#6146=EDGE_CURVE('',#4995,#4996,#335,.T.);
#6147=EDGE_CURVE('',#4997,#4995,#2494,.T.);
#6148=EDGE_CURVE('',#4998,#4997,#336,.T.);
#6149=EDGE_CURVE('',#4996,#4998,#2495,.T.);
#6150=EDGE_CURVE('',#4999,#5000,#337,.T.);
#6151=EDGE_CURVE('',#5001,#4999,#2496,.T.);
#6152=EDGE_CURVE('',#5002,#5001,#338,.T.);
#6153=EDGE_CURVE('',#5000,#5002,#2497,.T.);
#6154=EDGE_CURVE('',#5003,#5003,#339,.T.);
#6155=EDGE_CURVE('',#5004,#5004,#340,.T.);
#6156=EDGE_CURVE('',#5004,#4922,#341,.T.);
#6157=EDGE_CURVE('',#5005,#5006,#2498,.T.);
#6158=EDGE_CURVE('',#5006,#5007,#342,.T.);
#6159=EDGE_CURVE('',#5007,#5008,#2499,.T.);
#6160=EDGE_CURVE('',#5008,#5005,#343,.T.);
#6161=EDGE_CURVE('',#5009,#5010,#2500,.T.);
#6162=EDGE_CURVE('',#5010,#5011,#344,.T.);
#6163=EDGE_CURVE('',#5011,#5012,#2501,.T.);
#6164=EDGE_CURVE('',#5012,#5009,#345,.T.);
#6165=EDGE_CURVE('',#5013,#5014,#2502,.T.);
#6166=EDGE_CURVE('',#5014,#5015,#346,.T.);
#6167=EDGE_CURVE('',#5015,#5016,#2503,.T.);
#6168=EDGE_CURVE('',#5016,#5013,#347,.T.);
#6169=EDGE_CURVE('',#5017,#5018,#2504,.T.);
#6170=EDGE_CURVE('',#5018,#5019,#348,.T.);
#6171=EDGE_CURVE('',#5019,#5020,#2505,.T.);
#6172=EDGE_CURVE('',#5020,#5017,#349,.T.);
#6173=EDGE_CURVE('',#5021,#5022,#2506,.T.);
#6174=EDGE_CURVE('',#5022,#5023,#350,.T.);
#6175=EDGE_CURVE('',#5023,#5024,#2507,.T.);
#6176=EDGE_CURVE('',#5024,#5021,#351,.T.);
#6177=EDGE_CURVE('',#5025,#5026,#2508,.T.);
#6178=EDGE_CURVE('',#5026,#5027,#352,.T.);
#6179=EDGE_CURVE('',#5027,#5028,#2509,.T.);
#6180=EDGE_CURVE('',#5028,#5025,#353,.T.);
#6181=EDGE_CURVE('',#5029,#5030,#2510,.T.);
#6182=EDGE_CURVE('',#5030,#5031,#354,.T.);
#6183=EDGE_CURVE('',#5031,#5032,#2511,.T.);
#6184=EDGE_CURVE('',#5032,#5029,#355,.T.);
#6185=EDGE_CURVE('',#5033,#5034,#2512,.T.);
#6186=EDGE_CURVE('',#5034,#5035,#356,.T.);
#6187=EDGE_CURVE('',#5035,#5036,#2513,.T.);
#6188=EDGE_CURVE('',#5036,#5033,#357,.T.);
#6189=EDGE_CURVE('',#5037,#5038,#2514,.T.);
#6190=EDGE_CURVE('',#5038,#5039,#358,.T.);
#6191=EDGE_CURVE('',#5039,#5040,#2515,.T.);
#6192=EDGE_CURVE('',#5040,#5037,#359,.T.);
#6193=EDGE_CURVE('',#5041,#5042,#2516,.T.);
#6194=EDGE_CURVE('',#5042,#5043,#360,.T.);
#6195=EDGE_CURVE('',#5043,#5044,#2517,.T.);
#6196=EDGE_CURVE('',#5044,#5041,#361,.T.);
#6197=EDGE_CURVE('',#5045,#5046,#2518,.T.);
#6198=EDGE_CURVE('',#5046,#5047,#362,.T.);
#6199=EDGE_CURVE('',#5047,#5048,#2519,.T.);
#6200=EDGE_CURVE('',#5048,#5045,#363,.T.);
#6201=EDGE_CURVE('',#5049,#5050,#364,.T.);
#6202=EDGE_CURVE('',#5050,#5051,#2520,.T.);
#6203=EDGE_CURVE('',#5051,#5052,#365,.T.);
#6204=EDGE_CURVE('',#5052,#5049,#2521,.T.);
#6205=EDGE_CURVE('',#5053,#5054,#2522,.T.);
#6206=EDGE_CURVE('',#5054,#5055,#366,.T.);
#6207=EDGE_CURVE('',#5055,#5056,#2523,.T.);
#6208=EDGE_CURVE('',#5056,#5053,#367,.T.);
#6209=EDGE_CURVE('',#5057,#5058,#2524,.T.);
#6210=EDGE_CURVE('',#5058,#5059,#368,.T.);
#6211=EDGE_CURVE('',#5059,#5060,#2525,.T.);
#6212=EDGE_CURVE('',#5060,#5057,#369,.T.);
#6213=EDGE_CURVE('',#5061,#5062,#2526,.T.);
#6214=EDGE_CURVE('',#5062,#5063,#370,.T.);
#6215=EDGE_CURVE('',#5063,#5064,#2527,.T.);
#6216=EDGE_CURVE('',#5064,#5061,#371,.T.);
#6217=EDGE_CURVE('',#5065,#5066,#2528,.T.);
#6218=EDGE_CURVE('',#5066,#5067,#372,.T.);
#6219=EDGE_CURVE('',#5067,#5068,#2529,.T.);
#6220=EDGE_CURVE('',#5068,#5065,#373,.T.);
#6221=EDGE_CURVE('',#5069,#5070,#2530,.T.);
#6222=EDGE_CURVE('',#5070,#5071,#374,.T.);
#6223=EDGE_CURVE('',#5071,#5072,#2531,.T.);
#6224=EDGE_CURVE('',#5072,#5069,#375,.T.);
#6225=EDGE_CURVE('',#5073,#5074,#2532,.T.);
#6226=EDGE_CURVE('',#5074,#5075,#376,.T.);
#6227=EDGE_CURVE('',#5075,#5076,#2533,.T.);
#6228=EDGE_CURVE('',#5076,#5073,#377,.T.);
#6229=EDGE_CURVE('',#5077,#5078,#2534,.T.);
#6230=EDGE_CURVE('',#5078,#5079,#378,.T.);
#6231=EDGE_CURVE('',#5079,#5080,#2535,.T.);
#6232=EDGE_CURVE('',#5080,#5077,#379,.T.);
#6233=EDGE_CURVE('',#5081,#5082,#2536,.T.);
#6234=EDGE_CURVE('',#5082,#5083,#380,.T.);
#6235=EDGE_CURVE('',#5083,#5084,#2537,.T.);
#6236=EDGE_CURVE('',#5084,#5081,#381,.T.);
#6237=EDGE_CURVE('',#5085,#5085,#382,.T.);
#6238=EDGE_CURVE('',#5086,#5087,#2538,.T.);
#6239=EDGE_CURVE('',#5086,#5088,#2539,.T.);
#6240=EDGE_CURVE('',#5089,#5088,#2540,.T.);
#6241=EDGE_CURVE('',#5087,#5089,#2541,.T.);
#6242=EDGE_CURVE('',#5087,#5090,#383,.T.);
#6243=EDGE_CURVE('',#5091,#5089,#384,.T.);
#6244=EDGE_CURVE('',#5090,#5091,#2542,.T.);
#6245=EDGE_CURVE('',#5090,#5092,#2543,.T.);
#6246=EDGE_CURVE('',#5093,#5091,#2544,.T.);
#6247=EDGE_CURVE('',#5092,#5093,#2545,.T.);
#6248=EDGE_CURVE('',#5092,#5086,#385,.T.);
#6249=EDGE_CURVE('',#5088,#5093,#386,.T.);
#6250=EDGE_CURVE('',#5094,#5095,#2546,.T.);
#6251=EDGE_CURVE('',#5094,#5096,#2547,.T.);
#6252=EDGE_CURVE('',#5097,#5096,#2548,.T.);
#6253=EDGE_CURVE('',#5095,#5097,#2549,.T.);
#6254=EDGE_CURVE('',#5095,#5098,#387,.T.);
#6255=EDGE_CURVE('',#5099,#5097,#388,.T.);
#6256=EDGE_CURVE('',#5098,#5099,#2550,.T.);
#6257=EDGE_CURVE('',#5098,#5100,#2551,.T.);
#6258=EDGE_CURVE('',#5101,#5099,#2552,.T.);
#6259=EDGE_CURVE('',#5100,#5101,#2553,.T.);
#6260=EDGE_CURVE('',#5100,#5094,#389,.T.);
#6261=EDGE_CURVE('',#5096,#5101,#390,.T.);
#6262=EDGE_CURVE('',#5102,#5102,#391,.T.);
#6263=EDGE_CURVE('',#5103,#5103,#392,.T.);
#6264=EDGE_CURVE('',#5104,#5104,#393,.T.);
#6265=EDGE_CURVE('',#5104,#5102,#2554,.T.);
#6266=EDGE_CURVE('',#5103,#5085,#2555,.T.);
#6267=EDGE_CURVE('',#5052,#4923,#2556,.T.);
#6268=EDGE_CURVE('',#5051,#4925,#2557,.T.);
#6269=EDGE_CURVE('',#5049,#4924,#2558,.T.);
#6270=EDGE_CURVE('',#5044,#4927,#2559,.T.);
#6271=EDGE_CURVE('',#5043,#4929,#2560,.T.);
#6272=EDGE_CURVE('',#4928,#5041,#2561,.T.);
#6273=EDGE_CURVE('',#5028,#4931,#2562,.T.);
#6274=EDGE_CURVE('',#5027,#4933,#2563,.T.);
#6275=EDGE_CURVE('',#4932,#5025,#2564,.T.);
#6276=EDGE_CURVE('',#5012,#4935,#2565,.T.);
#6277=EDGE_CURVE('',#5011,#4937,#2566,.T.);
#6278=EDGE_CURVE('',#4936,#5009,#2567,.T.);
#6279=EDGE_CURVE('',#5064,#4939,#2568,.T.);
#6280=EDGE_CURVE('',#5063,#4941,#2569,.T.);
#6281=EDGE_CURVE('',#4940,#5061,#2570,.T.);
#6282=EDGE_CURVE('',#5036,#4943,#2571,.T.);
#6283=EDGE_CURVE('',#5035,#4945,#2572,.T.);
#6284=EDGE_CURVE('',#4944,#5033,#2573,.T.);
#6285=EDGE_CURVE('',#5068,#4947,#2574,.T.);
#6286=EDGE_CURVE('',#5067,#4949,#2575,.T.);
#6287=EDGE_CURVE('',#4948,#5065,#2576,.T.);
#6288=EDGE_CURVE('',#5060,#4951,#2577,.T.);
#6289=EDGE_CURVE('',#5059,#4953,#2578,.T.);
#6290=EDGE_CURVE('',#4952,#5057,#2579,.T.);
#6291=EDGE_CURVE('',#5032,#4955,#2580,.T.);
#6292=EDGE_CURVE('',#5031,#4957,#2581,.T.);
#6293=EDGE_CURVE('',#4956,#5029,#2582,.T.);
#6294=EDGE_CURVE('',#5076,#4959,#2583,.T.);
#6295=EDGE_CURVE('',#5075,#4961,#2584,.T.);
#6296=EDGE_CURVE('',#4960,#5073,#2585,.T.);
#6297=EDGE_CURVE('',#5056,#4963,#2586,.T.);
#6298=EDGE_CURVE('',#5055,#4965,#2587,.T.);
#6299=EDGE_CURVE('',#4964,#5053,#2588,.T.);
#6300=EDGE_CURVE('',#5040,#4967,#2589,.T.);
#6301=EDGE_CURVE('',#5039,#4969,#2590,.T.);
#6302=EDGE_CURVE('',#4968,#5037,#2591,.T.);
#6303=EDGE_CURVE('',#5084,#4971,#2592,.T.);
#6304=EDGE_CURVE('',#5083,#4973,#2593,.T.);
#6305=EDGE_CURVE('',#4972,#5081,#2594,.T.);
#6306=EDGE_CURVE('',#5008,#4975,#2595,.T.);
#6307=EDGE_CURVE('',#5007,#4977,#2596,.T.);
#6308=EDGE_CURVE('',#4976,#5005,#2597,.T.);
#6309=EDGE_CURVE('',#5080,#4979,#2598,.T.);
#6310=EDGE_CURVE('',#5079,#4981,#2599,.T.);
#6311=EDGE_CURVE('',#4980,#5077,#2600,.T.);
#6312=EDGE_CURVE('',#5020,#4983,#2601,.T.);
#6313=EDGE_CURVE('',#5019,#4985,#2602,.T.);
#6314=EDGE_CURVE('',#4984,#5017,#2603,.T.);
#6315=EDGE_CURVE('',#5024,#4987,#2604,.T.);
#6316=EDGE_CURVE('',#5023,#4989,#2605,.T.);
#6317=EDGE_CURVE('',#4988,#5021,#2606,.T.);
#6318=EDGE_CURVE('',#5072,#4991,#2607,.T.);
#6319=EDGE_CURVE('',#5071,#4993,#2608,.T.);
#6320=EDGE_CURVE('',#4992,#5069,#2609,.T.);
#6321=EDGE_CURVE('',#5048,#4995,#2610,.T.);
#6322=EDGE_CURVE('',#5047,#4997,#2611,.T.);
#6323=EDGE_CURVE('',#4996,#5045,#2612,.T.);
#6324=EDGE_CURVE('',#5016,#4999,#2613,.T.);
#6325=EDGE_CURVE('',#5015,#5001,#2614,.T.);
#6326=EDGE_CURVE('',#5000,#5013,#2615,.T.);
#6327=EDGE_CURVE('',#5042,#4930,#2616,.T.);
#6328=EDGE_CURVE('',#5026,#4934,#2617,.T.);
#6329=EDGE_CURVE('',#5010,#4938,#2618,.T.);
#6330=EDGE_CURVE('',#5062,#4942,#2619,.T.);
#6331=EDGE_CURVE('',#5034,#4946,#2620,.T.);
#6332=EDGE_CURVE('',#5066,#4950,#2621,.T.);
#6333=EDGE_CURVE('',#5058,#4954,#2622,.T.);
#6334=EDGE_CURVE('',#5030,#4958,#2623,.T.);
#6335=EDGE_CURVE('',#5074,#4962,#2624,.T.);
#6336=EDGE_CURVE('',#5054,#4966,#2625,.T.);
#6337=EDGE_CURVE('',#5038,#4970,#2626,.T.);
#6338=EDGE_CURVE('',#5082,#4974,#2627,.T.);
#6339=EDGE_CURVE('',#5006,#4978,#2628,.T.);
#6340=EDGE_CURVE('',#5078,#4982,#2629,.T.);
#6341=EDGE_CURVE('',#5018,#4986,#2630,.T.);
#6342=EDGE_CURVE('',#5022,#4990,#2631,.T.);
#6343=EDGE_CURVE('',#5070,#4994,#2632,.T.);
#6344=EDGE_CURVE('',#5046,#4998,#2633,.T.);
#6345=EDGE_CURVE('',#5014,#5002,#2634,.T.);
#6346=EDGE_CURVE('',#4926,#5050,#2635,.T.);
#6347=EDGE_CURVE('',#5105,#5105,#394,.T.);
#6348=EDGE_CURVE('',#5105,#5106,#2636,.T.);
#6349=EDGE_CURVE('',#5106,#5106,#395,.T.);
#6350=EDGE_CURVE('',#5106,#5003,#2637,.T.);
#6351=EDGE_CURVE('',#5107,#5108,#2638,.T.);
#6352=EDGE_CURVE('',#5109,#5107,#2639,.T.);
#6353=EDGE_CURVE('',#5110,#5109,#2640,.T.);
#6354=EDGE_CURVE('',#5108,#5110,#2641,.T.);
#6355=EDGE_CURVE('',#5111,#5112,#2642,.T.);
#6356=EDGE_CURVE('',#5113,#5111,#2643,.T.);
#6357=EDGE_CURVE('',#5114,#5113,#2644,.T.);
#6358=EDGE_CURVE('',#5112,#5114,#2645,.T.);
#6359=EDGE_CURVE('',#5115,#5114,#2646,.T.);
#6360=EDGE_CURVE('',#5116,#5115,#2647,.T.);
#6361=EDGE_CURVE('',#5112,#5116,#2648,.T.);
#6362=EDGE_CURVE('',#5117,#5113,#2649,.T.);
#6363=EDGE_CURVE('',#5115,#5117,#2650,.T.);
#6364=EDGE_CURVE('',#5118,#5110,#2651,.T.);
#6365=EDGE_CURVE('',#5119,#5118,#2652,.T.);
#6366=EDGE_CURVE('',#5108,#5119,#2653,.T.);
#6367=EDGE_CURVE('',#5120,#5109,#2654,.T.);
#6368=EDGE_CURVE('',#5118,#5120,#2655,.T.);
#6369=EDGE_CURVE('',#5121,#5111,#2656,.T.);
#6370=EDGE_CURVE('',#5117,#5121,#2657,.T.);
#6371=EDGE_CURVE('',#5121,#5116,#2658,.T.);
#6372=EDGE_CURVE('',#5122,#5107,#2659,.T.);
#6373=EDGE_CURVE('',#5120,#5122,#2660,.T.);
#6374=EDGE_CURVE('',#5122,#5119,#2661,.T.);
#6375=EDGE_CURVE('',#5123,#5124,#2662,.T.);
#6376=EDGE_CURVE('',#5125,#5123,#2663,.T.);
#6377=EDGE_CURVE('',#5126,#5125,#2664,.T.);
#6378=EDGE_CURVE('',#5124,#5126,#2665,.T.);
#6379=EDGE_CURVE('',#5127,#5128,#2666,.T.);
#6380=EDGE_CURVE('',#5129,#5127,#2667,.T.);
#6381=EDGE_CURVE('',#5130,#5129,#2668,.T.);
#6382=EDGE_CURVE('',#5128,#5130,#2669,.T.);
#6383=EDGE_CURVE('',#5124,#5131,#2670,.T.);
#6384=EDGE_CURVE('',#5132,#5131,#2671,.T.);
#6385=EDGE_CURVE('',#5123,#5132,#2672,.T.);
#6386=EDGE_CURVE('',#5126,#5133,#2673,.T.);
#6387=EDGE_CURVE('',#5131,#5133,#2674,.T.);
#6388=EDGE_CURVE('',#5129,#5134,#2675,.T.);
#6389=EDGE_CURVE('',#5135,#5134,#2676,.T.);
#6390=EDGE_CURVE('',#5130,#5135,#2677,.T.);
#6391=EDGE_CURVE('',#5127,#5136,#2678,.T.);
#6392=EDGE_CURVE('',#5134,#5136,#2679,.T.);
#6393=EDGE_CURVE('',#5128,#5137,#2680,.T.);
#6394=EDGE_CURVE('',#5136,#5137,#2681,.T.);
#6395=EDGE_CURVE('',#5137,#5135,#2682,.T.);
#6396=EDGE_CURVE('',#5138,#5132,#2683,.T.);
#6397=EDGE_CURVE('',#5125,#5138,#2684,.T.);
#6398=EDGE_CURVE('',#5133,#5138,#2685,.T.);
#6399=EDGE_CURVE('',#5139,#5140,#2686,.T.);
#6400=EDGE_CURVE('',#5140,#5141,#2687,.T.);
#6401=EDGE_CURVE('',#5141,#5142,#2688,.T.);
#6402=EDGE_CURVE('',#5142,#5139,#2689,.T.);
#6403=EDGE_CURVE('',#5143,#5144,#2690,.T.);
#6404=EDGE_CURVE('',#5144,#5145,#2691,.T.);
#6405=EDGE_CURVE('',#5145,#5146,#2692,.T.);
#6406=EDGE_CURVE('',#5146,#5143,#2693,.T.);
#6407=EDGE_CURVE('',#5147,#5148,#2694,.T.);
#6408=EDGE_CURVE('',#5148,#5149,#2695,.T.);
#6409=EDGE_CURVE('',#5149,#5150,#2696,.T.);
#6410=EDGE_CURVE('',#5150,#5147,#2697,.T.);
#6411=EDGE_CURVE('',#5151,#5152,#2698,.T.);
#6412=EDGE_CURVE('',#5152,#5153,#2699,.T.);
#6413=EDGE_CURVE('',#5153,#5154,#2700,.T.);
#6414=EDGE_CURVE('',#5154,#5151,#2701,.T.);
#6415=EDGE_CURVE('',#5143,#5152,#2702,.T.);
#6416=EDGE_CURVE('',#5153,#5146,#2703,.T.);
#6417=EDGE_CURVE('',#5154,#5145,#2704,.T.);
#6418=EDGE_CURVE('',#5151,#5144,#2705,.T.);
#6419=EDGE_CURVE('',#5139,#5148,#2706,.T.);
#6420=EDGE_CURVE('',#5149,#5142,#2707,.T.);
#6421=EDGE_CURVE('',#5150,#5141,#2708,.T.);
#6422=EDGE_CURVE('',#5147,#5140,#2709,.T.);
#6423=EDGE_CURVE('',#5155,#5156,#2710,.T.);
#6424=EDGE_CURVE('',#5156,#5157,#2711,.T.);
#6425=EDGE_CURVE('',#5157,#5158,#2712,.T.);
#6426=EDGE_CURVE('',#5158,#5155,#2713,.T.);
#6427=EDGE_CURVE('',#5159,#5160,#2714,.T.);
#6428=EDGE_CURVE('',#5160,#5161,#2715,.T.);
#6429=EDGE_CURVE('',#5161,#5162,#2716,.T.);
#6430=EDGE_CURVE('',#5162,#5159,#2717,.T.);
#6431=EDGE_CURVE('',#5155,#5163,#2718,.T.);
#6432=EDGE_CURVE('',#5163,#5164,#2719,.T.);
#6433=EDGE_CURVE('',#5156,#5164,#2720,.T.);
#6434=EDGE_CURVE('',#5164,#5165,#2721,.T.);
#6435=EDGE_CURVE('',#5157,#5165,#2722,.T.);
#6436=EDGE_CURVE('',#5161,#5166,#2723,.T.);
#6437=EDGE_CURVE('',#5166,#5167,#2724,.T.);
#6438=EDGE_CURVE('',#5162,#5167,#2725,.T.);
#6439=EDGE_CURVE('',#5167,#5168,#2726,.T.);
#6440=EDGE_CURVE('',#5159,#5168,#2727,.T.);
#6441=EDGE_CURVE('',#5168,#5169,#2728,.T.);
#6442=EDGE_CURVE('',#5160,#5169,#2729,.T.);
#6443=EDGE_CURVE('',#5169,#5166,#2730,.T.);
#6444=EDGE_CURVE('',#5158,#5170,#2731,.T.);
#6445=EDGE_CURVE('',#5170,#5163,#2732,.T.);
#6446=EDGE_CURVE('',#5165,#5170,#2733,.T.);
#6447=EDGE_CURVE('',#5171,#5172,#396,.T.);
#6448=EDGE_CURVE('',#5172,#5173,#2734,.T.);
#6449=EDGE_CURVE('',#5173,#5174,#397,.T.);
#6450=EDGE_CURVE('',#5174,#5171,#2735,.T.);
#6451=EDGE_CURVE('',#5172,#5175,#2736,.T.);
#6452=EDGE_CURVE('',#5176,#5175,#2737,.T.);
#6453=EDGE_CURVE('',#5176,#5173,#2738,.T.);
#6454=EDGE_CURVE('',#5171,#5177,#2739,.T.);
#6455=EDGE_CURVE('',#5178,#5177,#398,.T.);
#6456=EDGE_CURVE('',#5178,#5179,#2740,.T.);
#6457=EDGE_CURVE('',#5180,#5179,#399,.T.);
#6458=EDGE_CURVE('',#5180,#5181,#2741,.T.);
#6459=EDGE_CURVE('',#5181,#5182,#2742,.T.);
#6460=EDGE_CURVE('',#5182,#5183,#2743,.T.);
#6461=EDGE_CURVE('',#5184,#5183,#400,.T.);
#6462=EDGE_CURVE('',#5184,#5185,#2744,.T.);
#6463=EDGE_CURVE('',#5186,#5185,#401,.T.);
#6464=EDGE_CURVE('',#5186,#5187,#2745,.T.);
#6465=EDGE_CURVE('',#5188,#5187,#402,.T.);
#6466=EDGE_CURVE('',#5188,#5189,#2746,.T.);
#6467=EDGE_CURVE('',#5190,#5189,#403,.T.);
#6468=EDGE_CURVE('',#5190,#5191,#2747,.T.);
#6469=EDGE_CURVE('',#5175,#5191,#404,.T.);
#6470=EDGE_CURVE('',#5192,#5193,#405,.T.);
#6471=EDGE_CURVE('',#5193,#5194,#2748,.T.);
#6472=EDGE_CURVE('',#5194,#5195,#406,.T.);
#6473=EDGE_CURVE('',#5195,#5192,#2749,.T.);
#6474=EDGE_CURVE('',#5196,#5196,#407,.T.);
#6475=EDGE_CURVE('',#5197,#5197,#408,.T.);
#6476=EDGE_CURVE('',#5183,#5198,#2750,.T.);
#6477=EDGE_CURVE('',#5198,#5199,#409,.T.);
#6478=EDGE_CURVE('',#5199,#5184,#2751,.T.);
#6479=EDGE_CURVE('',#5199,#5200,#2752,.T.);
#6480=EDGE_CURVE('',#5185,#5200,#2753,.T.);
#6481=EDGE_CURVE('',#5201,#5176,#410,.T.);
#6482=EDGE_CURVE('',#5202,#5201,#2754,.T.);
#6483=EDGE_CURVE('',#5203,#5202,#411,.T.);
#6484=EDGE_CURVE('',#5204,#5203,#2755,.T.);
#6485=EDGE_CURVE('',#5205,#5204,#412,.T.);
#6486=EDGE_CURVE('',#5206,#5205,#2756,.T.);
#6487=EDGE_CURVE('',#5200,#5206,#413,.T.);
#6488=EDGE_CURVE('',#5198,#5207,#2757,.T.);
#6489=EDGE_CURVE('',#5207,#5208,#2758,.T.);
#6490=EDGE_CURVE('',#5208,#5209,#2759,.T.);
#6491=EDGE_CURVE('',#5210,#5209,#414,.T.);
#6492=EDGE_CURVE('',#5210,#5211,#2760,.T.);
#6493=EDGE_CURVE('',#5212,#5211,#415,.T.);
#6494=EDGE_CURVE('',#5212,#5174,#2761,.T.);
#6495=EDGE_CURVE('',#5213,#5213,#416,.T.);
#6496=EDGE_CURVE('',#5214,#5214,#417,.T.);
#6497=EDGE_CURVE('',#5215,#5216,#418,.T.);
#6498=EDGE_CURVE('',#5216,#5217,#2762,.T.);
#6499=EDGE_CURVE('',#5217,#5218,#419,.T.);
#6500=EDGE_CURVE('',#5218,#5215,#2763,.T.);
#6501=EDGE_CURVE('',#5209,#5180,#2764,.T.);
#6502=EDGE_CURVE('',#5179,#5210,#2765,.T.);
#6503=EDGE_CURVE('',#5211,#5178,#2766,.T.);
#6504=EDGE_CURVE('',#5189,#5203,#2767,.T.);
#6505=EDGE_CURVE('',#5202,#5190,#2768,.T.);
#6506=EDGE_CURVE('',#5191,#5201,#2769,.T.);
#6507=EDGE_CURVE('',#5187,#5205,#2770,.T.);
#6508=EDGE_CURVE('',#5204,#5188,#2771,.T.);
#6509=EDGE_CURVE('',#5206,#5186,#2772,.T.);
#6510=EDGE_CURVE('',#5177,#5212,#2773,.T.);
#6511=EDGE_CURVE('',#5218,#5194,#2774,.T.);
#6512=EDGE_CURVE('',#5217,#5195,#2775,.T.);
#6513=EDGE_CURVE('',#5216,#5192,#2776,.T.);
#6514=EDGE_CURVE('',#5215,#5193,#2777,.T.);
#6515=EDGE_CURVE('',#5208,#5181,#2778,.T.);
#6516=EDGE_CURVE('',#5182,#5207,#2779,.T.);
#6517=EDGE_CURVE('',#5196,#5213,#2780,.T.);
#6518=EDGE_CURVE('',#5197,#5214,#2781,.T.);
#6519=EDGE_CURVE('',#5219,#5220,#420,.T.);
#6520=EDGE_CURVE('',#5221,#5219,#2782,.T.);
#6521=EDGE_CURVE('',#5222,#5221,#421,.T.);
#6522=EDGE_CURVE('',#5222,#5220,#2783,.T.);
#6523=EDGE_CURVE('',#5220,#5223,#2784,.T.);
#6524=EDGE_CURVE('',#5224,#5222,#2785,.T.);
#6525=EDGE_CURVE('',#5224,#5223,#2786,.T.);
#6526=EDGE_CURVE('',#5223,#5225,#422,.T.);
#6527=EDGE_CURVE('',#5226,#5224,#423,.T.);
#6528=EDGE_CURVE('',#5226,#5225,#2787,.T.);
#6529=EDGE_CURVE('',#5225,#5219,#2788,.T.);
#6530=EDGE_CURVE('',#5221,#5226,#2789,.T.);
#6531=EDGE_CURVE('',#5227,#5228,#424,.T.);
#6532=EDGE_CURVE('',#5228,#5229,#2790,.T.);
#6533=EDGE_CURVE('',#5229,#5230,#425,.T.);
#6534=EDGE_CURVE('',#5230,#5227,#2791,.T.);
#6535=EDGE_CURVE('',#5231,#5230,#2792,.T.);
#6536=EDGE_CURVE('',#5231,#5232,#2793,.T.);
#6537=EDGE_CURVE('',#5232,#5227,#2794,.T.);
#6538=EDGE_CURVE('',#5233,#5229,#2795,.T.);
#6539=EDGE_CURVE('',#5233,#5234,#2796,.T.);
#6540=EDGE_CURVE('',#5234,#5235,#2797,.T.);
#6541=EDGE_CURVE('',#5235,#5236,#2798,.T.);
#6542=EDGE_CURVE('',#5236,#5237,#2799,.T.);
#6543=EDGE_CURVE('',#5238,#5237,#426,.T.);
#6544=EDGE_CURVE('',#5239,#5238,#2800,.T.);
#6545=EDGE_CURVE('',#5239,#5231,#427,.T.);
#6546=EDGE_CURVE('',#5240,#5241,#428,.T.);
#6547=EDGE_CURVE('',#5241,#5238,#2801,.T.);
#6548=EDGE_CURVE('',#5237,#5240,#2802,.T.);
#6549=EDGE_CURVE('',#5242,#5241,#2803,.T.);
#6550=EDGE_CURVE('',#5242,#5239,#2804,.T.);
#6551=EDGE_CURVE('',#5232,#5242,#429,.T.);
#6552=EDGE_CURVE('',#5240,#5243,#2805,.T.);
#6553=EDGE_CURVE('',#5243,#5244,#2806,.T.);
#6554=EDGE_CURVE('',#5244,#5245,#2807,.T.);
#6555=EDGE_CURVE('',#5245,#5246,#2808,.T.);
#6556=EDGE_CURVE('',#5246,#5228,#2809,.T.);
#6557=EDGE_CURVE('',#5235,#5244,#2810,.T.);
#6558=EDGE_CURVE('',#5245,#5234,#2811,.T.);
#6559=EDGE_CURVE('',#5246,#5233,#2812,.T.);
#6560=EDGE_CURVE('',#5236,#5243,#2813,.T.);
#6561=EDGE_CURVE('',#5247,#5247,#430,.T.);
#6562=EDGE_CURVE('',#5247,#5248,#2814,.T.);
#6563=EDGE_CURVE('',#5248,#5248,#431,.T.);
#6564=EDGE_CURVE('',#5249,#5250,#2815,.T.);
#6565=EDGE_CURVE('',#5250,#5251,#2816,.T.);
#6566=EDGE_CURVE('',#5252,#5251,#2817,.T.);
#6567=EDGE_CURVE('',#5249,#5252,#2818,.T.);
#6568=EDGE_CURVE('',#5253,#5249,#2819,.T.);
#6569=EDGE_CURVE('',#5254,#5252,#2820,.T.);
#6570=EDGE_CURVE('',#5253,#5254,#2821,.T.);
#6571=EDGE_CURVE('',#5255,#5253,#2822,.T.);
#6572=EDGE_CURVE('',#5256,#5254,#2823,.T.);
#6573=EDGE_CURVE('',#5255,#5256,#2824,.T.);
#6574=EDGE_CURVE('',#5250,#5255,#2825,.T.);
#6575=EDGE_CURVE('',#5251,#5256,#2826,.T.);
#6576=EDGE_CURVE('',#5257,#5258,#2827,.T.);
#6577=EDGE_CURVE('',#5259,#5257,#2828,.T.);
#6578=EDGE_CURVE('',#5260,#5259,#2829,.T.);
#6579=EDGE_CURVE('',#5260,#5258,#2830,.T.);
#6580=EDGE_CURVE('',#5258,#5261,#2831,.T.);
#6581=EDGE_CURVE('',#5262,#5260,#2832,.T.);
#6582=EDGE_CURVE('',#5262,#5261,#2833,.T.);
#6583=EDGE_CURVE('',#5261,#5263,#2834,.T.);
#6584=EDGE_CURVE('',#5264,#5262,#2835,.T.);
#6585=EDGE_CURVE('',#5264,#5263,#2836,.T.);
#6586=EDGE_CURVE('',#5263,#5257,#2837,.T.);
#6587=EDGE_CURVE('',#5259,#5264,#2838,.T.);
#6588=EDGE_CURVE('',#5265,#5266,#2839,.T.);
#6589=EDGE_CURVE('',#5266,#5267,#2840,.T.);
#6590=EDGE_CURVE('',#5267,#5268,#2841,.T.);
#6591=EDGE_CURVE('',#5268,#5265,#2842,.T.);
#6592=EDGE_CURVE('',#5266,#5269,#2843,.T.);
#6593=EDGE_CURVE('',#5270,#5269,#2844,.T.);
#6594=EDGE_CURVE('',#5267,#5270,#2845,.T.);
#6595=EDGE_CURVE('',#5271,#5270,#2846,.T.);
#6596=EDGE_CURVE('',#5268,#5271,#2847,.T.);
#6597=EDGE_CURVE('',#5272,#5271,#2848,.T.);
#6598=EDGE_CURVE('',#5265,#5272,#2849,.T.);
#6599=EDGE_CURVE('',#5269,#5272,#2850,.T.);
#6600=EDGE_CURVE('',#5273,#5274,#2851,.T.);
#6601=EDGE_CURVE('',#5275,#5273,#2852,.T.);
#6602=EDGE_CURVE('',#5276,#5275,#2853,.T.);
#6603=EDGE_CURVE('',#5276,#5274,#2854,.T.);
#6604=EDGE_CURVE('',#5274,#5277,#2855,.T.);
#6605=EDGE_CURVE('',#5278,#5276,#2856,.T.);
#6606=EDGE_CURVE('',#5278,#5277,#2857,.T.);
#6607=EDGE_CURVE('',#5277,#5279,#2858,.T.);
#6608=EDGE_CURVE('',#5280,#5278,#2859,.T.);
#6609=EDGE_CURVE('',#5280,#5279,#2860,.T.);
#6610=EDGE_CURVE('',#5279,#5273,#2861,.T.);
#6611=EDGE_CURVE('',#5275,#5280,#2862,.T.);
#6612=EDGE_CURVE('',#5281,#5282,#2863,.T.);
#6613=EDGE_CURVE('',#5282,#5283,#2864,.T.);
#6614=EDGE_CURVE('',#5283,#5284,#2865,.T.);
#6615=EDGE_CURVE('',#5284,#5281,#2866,.T.);
#6616=EDGE_CURVE('',#5282,#5285,#2867,.T.);
#6617=EDGE_CURVE('',#5286,#5285,#2868,.T.);
#6618=EDGE_CURVE('',#5283,#5286,#2869,.T.);
#6619=EDGE_CURVE('',#5287,#5286,#2870,.T.);
#6620=EDGE_CURVE('',#5284,#5287,#2871,.T.);
#6621=EDGE_CURVE('',#5288,#5287,#2872,.T.);
#6622=EDGE_CURVE('',#5281,#5288,#2873,.T.);
#6623=EDGE_CURVE('',#5285,#5288,#2874,.T.);
#6624=EDGE_CURVE('',#5289,#5290,#2875,.T.);
#6625=EDGE_CURVE('',#5291,#5289,#2876,.T.);
#6626=EDGE_CURVE('',#5292,#5291,#2877,.T.);
#6627=EDGE_CURVE('',#5290,#5292,#2878,.T.);
#6628=EDGE_CURVE('',#5293,#5294,#2879,.T.);
#6629=EDGE_CURVE('',#5295,#5293,#2880,.T.);
#6630=EDGE_CURVE('',#5296,#5295,#2881,.T.);
#6631=EDGE_CURVE('',#5294,#5296,#2882,.T.);
#6632=EDGE_CURVE('',#5297,#5296,#2883,.T.);
#6633=EDGE_CURVE('',#5297,#5298,#2884,.T.);
#6634=EDGE_CURVE('',#5298,#5294,#2885,.T.);
#6635=EDGE_CURVE('',#5299,#5295,#2886,.T.);
#6636=EDGE_CURVE('',#5299,#5297,#2887,.T.);
#6637=EDGE_CURVE('',#5300,#5292,#2888,.T.);
#6638=EDGE_CURVE('',#5300,#5301,#2889,.T.);
#6639=EDGE_CURVE('',#5301,#5290,#2890,.T.);
#6640=EDGE_CURVE('',#5302,#5291,#2891,.T.);
#6641=EDGE_CURVE('',#5302,#5300,#2892,.T.);
#6642=EDGE_CURVE('',#5293,#5303,#2893,.T.);
#6643=EDGE_CURVE('',#5303,#5299,#2894,.T.);
#6644=EDGE_CURVE('',#5289,#5304,#2895,.T.);
#6645=EDGE_CURVE('',#5304,#5302,#2896,.T.);
#6646=EDGE_CURVE('',#5298,#5303,#2897,.T.);
#6647=EDGE_CURVE('',#5301,#5304,#2898,.T.);
#6648=EDGE_CURVE('',#5305,#5306,#2899,.T.);
#6649=EDGE_CURVE('',#5307,#5305,#2900,.T.);
#6650=EDGE_CURVE('',#5308,#5307,#2901,.T.);
#6651=EDGE_CURVE('',#5306,#5308,#2902,.T.);
#6652=EDGE_CURVE('',#5305,#5309,#2903,.T.);
#6653=EDGE_CURVE('',#5309,#5310,#2904,.T.);
#6654=EDGE_CURVE('',#5307,#5310,#2905,.T.);
#6655=EDGE_CURVE('',#5311,#5306,#2906,.T.);
#6656=EDGE_CURVE('',#5312,#5311,#2907,.T.);
#6657=EDGE_CURVE('',#5313,#5312,#2908,.T.);
#6658=EDGE_CURVE('',#5309,#5313,#2909,.T.);
#6659=EDGE_CURVE('',#5314,#5313,#2910,.T.);
#6660=EDGE_CURVE('',#5314,#5315,#2911,.T.);
#6661=EDGE_CURVE('',#5315,#5316,#2912,.T.);
#6662=EDGE_CURVE('',#5316,#5317,#2913,.T.);
#6663=EDGE_CURVE('',#5317,#5318,#2914,.T.);
#6664=EDGE_CURVE('',#5318,#5319,#432,.T.);
#6665=EDGE_CURVE('',#5319,#5320,#2915,.T.);
#6666=EDGE_CURVE('',#5320,#5321,#2916,.T.);
#6667=EDGE_CURVE('',#5321,#5322,#2917,.T.);
#6668=EDGE_CURVE('',#5310,#5322,#2918,.T.);
#6669=EDGE_CURVE('',#5322,#5308,#2919,.T.);
#6670=EDGE_CURVE('',#5323,#5311,#2920,.T.);
#6671=EDGE_CURVE('',#5324,#5323,#2921,.T.);
#6672=EDGE_CURVE('',#5324,#5312,#2922,.T.);
#6673=EDGE_CURVE('',#5314,#5324,#2923,.T.);
#6674=EDGE_CURVE('',#5325,#5323,#2924,.T.);
#6675=EDGE_CURVE('',#5326,#5325,#2925,.T.);
#6676=EDGE_CURVE('',#5315,#5326,#2926,.T.);
#6677=EDGE_CURVE('',#5325,#5327,#2927,.T.);
#6678=EDGE_CURVE('',#5327,#5328,#2928,.T.);
#6679=EDGE_CURVE('',#5328,#5329,#2929,.T.);
#6680=EDGE_CURVE('',#5329,#5330,#2930,.T.);
#6681=EDGE_CURVE('',#5330,#5331,#2931,.T.);
#6682=EDGE_CURVE('',#5331,#5332,#2932,.T.);
#6683=EDGE_CURVE('',#5332,#5333,#2933,.T.);
#6684=EDGE_CURVE('',#5333,#5334,#2934,.T.);
#6685=EDGE_CURVE('',#5334,#5335,#2935,.T.);
#6686=EDGE_CURVE('',#5335,#5336,#2936,.T.);
#6687=EDGE_CURVE('',#5336,#5326,#2937,.T.);
#6688=EDGE_CURVE('',#5337,#5338,#433,.T.);
#6689=EDGE_CURVE('',#5319,#5337,#2938,.T.);
#6690=EDGE_CURVE('',#5338,#5318,#2939,.T.);
#6691=EDGE_CURVE('',#5337,#5339,#2940,.T.);
#6692=EDGE_CURVE('',#5339,#5329,#2941,.T.);
#6693=EDGE_CURVE('',#5328,#5320,#2942,.T.);
#6694=EDGE_CURVE('',#5338,#5340,#2943,.T.);
#6695=EDGE_CURVE('',#5341,#5340,#2944,.T.);
#6696=EDGE_CURVE('',#5342,#5341,#2945,.T.);
#6697=EDGE_CURVE('',#5343,#5342,#2946,.T.);
#6698=EDGE_CURVE('',#5344,#5343,#2947,.T.);
#6699=EDGE_CURVE('',#5339,#5344,#2948,.T.);
#6700=EDGE_CURVE('',#5336,#5316,#2949,.T.);
#6701=EDGE_CURVE('',#5327,#5321,#2950,.T.);
#6702=EDGE_CURVE('',#5335,#5317,#2951,.T.);
#6703=EDGE_CURVE('',#5340,#5334,#2952,.T.);
#6704=EDGE_CURVE('',#5341,#5333,#2953,.T.);
#6705=EDGE_CURVE('',#5342,#5332,#2954,.T.);
#6706=EDGE_CURVE('',#5343,#5331,#2955,.T.);
#6707=EDGE_CURVE('',#5344,#5330,#2956,.T.);
#6708=EDGE_CURVE('',#5345,#5346,#2957,.T.);
#6709=EDGE_CURVE('',#5347,#5345,#2958,.T.);
#6710=EDGE_CURVE('',#5348,#5347,#2959,.T.);
#6711=EDGE_CURVE('',#5349,#5348,#2960,.T.);
#6712=EDGE_CURVE('',#5350,#5349,#2961,.T.);
#6713=EDGE_CURVE('',#5351,#5350,#2962,.T.);
#6714=EDGE_CURVE('',#5352,#5351,#2963,.T.);
#6715=EDGE_CURVE('',#5353,#5352,#2964,.T.);
#6716=EDGE_CURVE('',#5354,#5353,#2965,.T.);
#6717=EDGE_CURVE('',#5355,#5354,#2966,.T.);
#6718=EDGE_CURVE('',#5356,#5355,#2967,.T.);
#6719=EDGE_CURVE('',#5357,#5356,#2968,.T.);
#6720=EDGE_CURVE('',#5358,#5357,#2969,.T.);
#6721=EDGE_CURVE('',#5359,#5358,#2970,.T.);
#6722=EDGE_CURVE('',#5360,#5359,#2971,.T.);
#6723=EDGE_CURVE('',#5361,#5360,#2972,.T.);
#6724=EDGE_CURVE('',#5362,#5361,#2973,.T.);
#6725=EDGE_CURVE('',#5363,#5362,#2974,.T.);
#6726=EDGE_CURVE('',#5364,#5363,#2975,.T.);
#6727=EDGE_CURVE('',#5346,#5364,#2976,.T.);
#6728=EDGE_CURVE('',#5354,#5365,#2977,.T.);
#6729=EDGE_CURVE('',#5365,#5366,#2978,.T.);
#6730=EDGE_CURVE('',#5355,#5366,#2979,.T.);
#6731=EDGE_CURVE('',#5367,#5353,#2980,.T.);
#6732=EDGE_CURVE('',#5367,#5365,#2981,.T.);
#6733=EDGE_CURVE('',#5368,#5352,#2982,.T.);
#6734=EDGE_CURVE('',#5368,#5367,#2983,.T.);
#6735=EDGE_CURVE('',#5369,#5351,#2984,.T.);
#6736=EDGE_CURVE('',#5369,#5368,#2985,.T.);
#6737=EDGE_CURVE('',#5370,#5350,#2986,.T.);
#6738=EDGE_CURVE('',#5370,#5369,#2987,.T.);
#6739=EDGE_CURVE('',#5349,#5371,#2988,.T.);
#6740=EDGE_CURVE('',#5371,#5370,#2989,.T.);
#6741=EDGE_CURVE('',#5348,#5372,#2990,.T.);
#6742=EDGE_CURVE('',#5372,#5371,#2991,.T.);
#6743=EDGE_CURVE('',#5347,#5373,#2992,.T.);
#6744=EDGE_CURVE('',#5373,#5372,#2993,.T.);
#6745=EDGE_CURVE('',#5345,#5374,#2994,.T.);
#6746=EDGE_CURVE('',#5374,#5373,#2995,.T.);
#6747=EDGE_CURVE('',#5375,#5346,#2996,.T.);
#6748=EDGE_CURVE('',#5375,#5374,#2997,.T.);
#6749=EDGE_CURVE('',#5376,#5375,#2998,.T.);
#6750=EDGE_CURVE('',#5377,#5376,#2999,.T.);
#6751=EDGE_CURVE('',#5378,#5377,#3000,.T.);
#6752=EDGE_CURVE('',#5379,#5378,#3001,.T.);
#6753=EDGE_CURVE('',#5380,#5379,#3002,.T.);
#6754=EDGE_CURVE('',#5381,#5380,#3003,.T.);
#6755=EDGE_CURVE('',#5382,#5381,#3004,.T.);
#6756=EDGE_CURVE('',#5383,#5382,#3005,.T.);
#6757=EDGE_CURVE('',#5384,#5383,#3006,.T.);
#6758=EDGE_CURVE('',#5366,#5384,#3007,.T.);
#6759=EDGE_CURVE('',#5356,#5384,#3008,.T.);
#6760=EDGE_CURVE('',#5357,#5383,#3009,.T.);
#6761=EDGE_CURVE('',#5358,#5382,#3010,.T.);
#6762=EDGE_CURVE('',#5359,#5381,#3011,.T.);
#6763=EDGE_CURVE('',#5380,#5360,#3012,.T.);
#6764=EDGE_CURVE('',#5379,#5361,#3013,.T.);
#6765=EDGE_CURVE('',#5378,#5362,#3014,.T.);
#6766=EDGE_CURVE('',#5377,#5363,#3015,.T.);
#6767=EDGE_CURVE('',#5376,#5364,#3016,.T.);
#6768=EDGE_CURVE('',#5385,#5386,#3017,.T.);
#6769=EDGE_CURVE('',#5385,#5387,#3018,.T.);
#6770=EDGE_CURVE('',#5386,#5387,#3019,.T.);
#6771=EDGE_CURVE('',#5388,#5385,#3020,.T.);
#6772=EDGE_CURVE('',#5388,#5389,#3021,.T.);
#6773=EDGE_CURVE('',#5389,#5387,#3022,.T.);
#6774=EDGE_CURVE('',#5390,#5391,#3023,.T.);
#6775=EDGE_CURVE('',#5390,#5392,#3024,.T.);
#6776=EDGE_CURVE('',#5393,#5392,#3025,.T.);
#6777=EDGE_CURVE('',#5391,#5393,#3026,.T.);
#6778=EDGE_CURVE('',#5394,#5390,#3027,.T.);
#6779=EDGE_CURVE('',#5394,#5395,#3028,.T.);
#6780=EDGE_CURVE('',#5392,#5395,#3029,.T.);
#6781=EDGE_CURVE('',#5396,#5394,#3030,.T.);
#6782=EDGE_CURVE('',#5396,#5397,#3031,.T.);
#6783=EDGE_CURVE('',#5395,#5397,#3032,.T.);
#6784=EDGE_CURVE('',#5398,#5399,#3033,.T.);
#6785=EDGE_CURVE('',#5398,#5400,#3034,.T.);
#6786=EDGE_CURVE('',#5401,#5400,#3035,.T.);
#6787=EDGE_CURVE('',#5399,#5401,#3036,.T.);
#6788=EDGE_CURVE('',#5402,#5398,#3037,.T.);
#6789=EDGE_CURVE('',#5402,#5403,#3038,.T.);
#6790=EDGE_CURVE('',#5400,#5403,#3039,.T.);
#6791=EDGE_CURVE('',#5404,#5402,#3040,.T.);
#6792=EDGE_CURVE('',#5404,#5405,#3041,.T.);
#6793=EDGE_CURVE('',#5403,#5405,#3042,.T.);
#6794=EDGE_CURVE('',#5393,#5406,#3043,.T.);
#6795=EDGE_CURVE('',#5397,#5407,#3044,.T.);
#6796=EDGE_CURVE('',#5408,#5407,#3045,.T.);
#6797=EDGE_CURVE('',#5409,#5408,#3046,.T.);
#6798=EDGE_CURVE('',#5410,#5409,#3047,.T.);
#6799=EDGE_CURVE('',#5410,#5401,#3048,.T.);
#6800=EDGE_CURVE('',#5405,#5411,#3049,.T.);
#6801=EDGE_CURVE('',#5412,#5411,#3050,.T.);
#6802=EDGE_CURVE('',#5413,#5412,#3051,.T.);
#6803=EDGE_CURVE('',#5414,#5413,#3052,.T.);
#6804=EDGE_CURVE('',#5415,#5414,#3053,.T.);
#6805=EDGE_CURVE('',#5415,#5416,#3054,.T.);
#6806=EDGE_CURVE('',#5416,#5417,#3055,.T.);
#6807=EDGE_CURVE('',#5417,#5418,#3056,.T.);
#6808=EDGE_CURVE('',#5419,#5418,#3057,.T.);
#6809=EDGE_CURVE('',#5420,#5419,#3058,.T.);
#6810=EDGE_CURVE('',#5420,#5421,#3059,.T.);
#6811=EDGE_CURVE('',#5421,#5422,#3060,.T.);
#6812=EDGE_CURVE('',#5423,#5422,#3061,.T.);
#6813=EDGE_CURVE('',#5424,#5423,#3062,.T.);
#6814=EDGE_CURVE('',#5425,#5424,#3063,.T.);
#6815=EDGE_CURVE('',#5406,#5425,#3064,.T.);
#6816=EDGE_CURVE('',#5421,#5389,#3065,.T.);
#6817=EDGE_CURVE('',#5426,#5420,#3066,.T.);
#6818=EDGE_CURVE('',#5427,#5426,#3067,.T.);
#6819=EDGE_CURVE('',#5428,#5427,#3068,.T.);
#6820=EDGE_CURVE('',#5429,#5428,#3069,.T.);
#6821=EDGE_CURVE('',#5430,#5429,#3070,.T.);
#6822=EDGE_CURVE('',#5431,#5430,#3071,.T.);
#6823=EDGE_CURVE('',#5417,#5431,#3072,.T.);
#6824=EDGE_CURVE('',#5387,#5416,#3073,.T.);
#6825=EDGE_CURVE('',#5391,#5432,#3074,.T.);
#6826=EDGE_CURVE('',#5433,#5432,#3075,.T.);
#6827=EDGE_CURVE('',#5434,#5433,#3076,.T.);
#6828=EDGE_CURVE('',#5435,#5434,#3077,.T.);
#6829=EDGE_CURVE('',#5436,#5435,#3078,.T.);
#6830=EDGE_CURVE('',#5436,#5427,#3079,.T.);
#6831=EDGE_CURVE('',#5426,#5437,#3080,.T.);
#6832=EDGE_CURVE('',#5438,#5437,#3081,.T.);
#6833=EDGE_CURVE('',#5431,#5438,#3082,.T.);
#6834=EDGE_CURVE('',#5430,#5439,#3083,.T.);
#6835=EDGE_CURVE('',#5440,#5439,#3084,.T.);
#6836=EDGE_CURVE('',#5441,#5440,#3085,.T.);
#6837=EDGE_CURVE('',#5442,#5441,#3086,.T.);
#6838=EDGE_CURVE('',#5443,#5442,#3087,.T.);
#6839=EDGE_CURVE('',#5404,#5443,#3088,.T.);
#6840=EDGE_CURVE('',#5399,#5444,#3089,.T.);
#6841=EDGE_CURVE('',#5445,#5444,#3090,.T.);
#6842=EDGE_CURVE('',#5446,#5445,#3091,.T.);
#6843=EDGE_CURVE('',#5447,#5446,#3092,.T.);
#6844=EDGE_CURVE('',#5447,#5396,#3093,.T.);
#6845=EDGE_CURVE('',#5437,#5419,#3094,.T.);
#6846=EDGE_CURVE('',#5418,#5438,#3095,.T.);
#6847=EDGE_CURVE('',#5422,#5388,#3096,.T.);
#6848=EDGE_CURVE('',#5386,#5415,#3097,.T.);
#6849=EDGE_CURVE('',#5448,#5428,#3098,.T.);
#6850=EDGE_CURVE('',#5449,#5448,#3099,.T.);
#6851=EDGE_CURVE('',#5449,#5429,#3100,.T.);
#6852=EDGE_CURVE('',#5448,#5436,#3101,.T.);
#6853=EDGE_CURVE('',#5439,#5449,#3102,.T.);
#6854=EDGE_CURVE('',#5410,#5444,#3103,.T.);
#6855=EDGE_CURVE('',#5411,#5443,#3104,.T.);
#6856=EDGE_CURVE('',#5412,#5442,#3105,.T.);
#6857=EDGE_CURVE('',#5413,#5441,#3106,.T.);
#6858=EDGE_CURVE('',#5440,#5414,#3107,.T.);
#6859=EDGE_CURVE('',#5423,#5435,#3108,.T.);
#6860=EDGE_CURVE('',#5434,#5424,#3109,.T.);
#6861=EDGE_CURVE('',#5425,#5433,#3110,.T.);
#6862=EDGE_CURVE('',#5406,#5432,#3111,.T.);
#6863=EDGE_CURVE('',#5409,#5445,#3112,.T.);
#6864=EDGE_CURVE('',#5408,#5446,#3113,.T.);
#6865=EDGE_CURVE('',#5407,#5447,#3114,.T.);
#6866=EDGE_CURVE('',#5450,#5451,#3115,.T.);
#6867=EDGE_CURVE('',#5452,#5451,#3116,.T.);
#6868=EDGE_CURVE('',#5452,#5453,#3117,.T.);
#6869=EDGE_CURVE('',#5450,#5453,#3118,.T.);
#6870=EDGE_CURVE('',#5454,#5451,#3119,.T.);
#6871=EDGE_CURVE('',#5455,#5454,#3120,.T.);
#6872=EDGE_CURVE('',#5452,#5455,#3121,.T.);
#6873=EDGE_CURVE('',#5456,#5457,#3122,.T.);
#6874=EDGE_CURVE('',#5457,#5458,#3123,.T.);
#6875=EDGE_CURVE('',#5458,#5459,#3124,.T.);
#6876=EDGE_CURVE('',#5459,#5456,#3125,.T.);
#6877=EDGE_CURVE('',#5454,#5460,#3126,.T.);
#6878=EDGE_CURVE('',#5460,#5461,#3127,.T.);
#6879=EDGE_CURVE('',#5461,#5455,#3128,.T.);
#6880=EDGE_CURVE('',#5450,#5456,#3129,.T.);
#6881=EDGE_CURVE('',#5459,#5462,#3130,.T.);
#6882=EDGE_CURVE('',#5463,#5462,#3131,.T.);
#6883=EDGE_CURVE('',#5464,#5463,#3132,.T.);
#6884=EDGE_CURVE('',#5464,#5465,#3133,.T.);
#6885=EDGE_CURVE('',#5465,#5466,#3134,.T.);
#6886=EDGE_CURVE('',#5467,#5466,#3135,.T.);
#6887=EDGE_CURVE('',#5468,#5467,#3136,.T.);
#6888=EDGE_CURVE('',#5468,#5469,#3137,.T.);
#6889=EDGE_CURVE('',#5469,#5470,#3138,.T.);
#6890=EDGE_CURVE('',#5471,#5470,#3139,.T.);
#6891=EDGE_CURVE('',#5460,#5471,#3140,.T.);
#6892=EDGE_CURVE('',#5457,#5453,#3141,.T.);
#6893=EDGE_CURVE('',#5468,#5472,#3142,.T.);
#6894=EDGE_CURVE('',#5473,#5467,#3143,.T.);
#6895=EDGE_CURVE('',#5472,#5473,#3144,.T.);
#6896=EDGE_CURVE('',#5466,#5474,#3145,.T.);
#6897=EDGE_CURVE('',#5474,#5473,#3146,.T.);
#6898=EDGE_CURVE('',#5475,#5472,#3147,.T.);
#6899=EDGE_CURVE('',#5475,#5469,#3148,.T.);
#6900=EDGE_CURVE('',#5464,#5476,#3149,.T.);
#6901=EDGE_CURVE('',#5477,#5463,#3150,.T.);
#6902=EDGE_CURVE('',#5476,#5477,#3151,.T.);
#6903=EDGE_CURVE('',#5462,#5478,#3152,.T.);
#6904=EDGE_CURVE('',#5478,#5477,#3153,.T.);
#6905=EDGE_CURVE('',#5479,#5476,#3154,.T.);
#6906=EDGE_CURVE('',#5479,#5465,#3155,.T.);
#6907=EDGE_CURVE('',#5479,#5474,#3156,.T.);
#6908=EDGE_CURVE('',#5475,#5480,#3157,.T.);
#6909=EDGE_CURVE('',#5470,#5480,#3158,.T.);
#6910=EDGE_CURVE('',#5480,#5481,#3159,.T.);
#6911=EDGE_CURVE('',#5481,#5471,#3160,.T.);
#6912=EDGE_CURVE('',#5458,#5478,#3161,.T.);
#6913=EDGE_CURVE('',#5481,#5461,#3162,.T.);
#6914=EDGE_CURVE('',#5482,#5483,#3163,.T.);
#6915=EDGE_CURVE('',#5484,#5482,#3164,.T.);
#6916=EDGE_CURVE('',#5485,#5484,#3165,.T.);
#6917=EDGE_CURVE('',#5486,#5485,#3166,.T.);
#6918=EDGE_CURVE('',#5483,#5486,#3167,.T.);
#6919=EDGE_CURVE('',#5484,#5487,#3168,.T.);
#6920=EDGE_CURVE('',#5488,#5487,#3169,.T.);
#6921=EDGE_CURVE('',#5488,#5489,#3170,.T.);
#6922=EDGE_CURVE('',#5490,#5489,#3171,.T.);
#6923=EDGE_CURVE('',#5491,#5490,#3172,.T.);
#6924=EDGE_CURVE('',#5485,#5491,#3173,.T.);
#6925=EDGE_CURVE('',#5492,#5482,#3174,.T.);
#6926=EDGE_CURVE('',#5492,#5493,#3175,.T.);
#6927=EDGE_CURVE('',#5494,#5493,#3176,.T.);
#6928=EDGE_CURVE('',#5495,#5494,#3177,.T.);
#6929=EDGE_CURVE('',#5487,#5495,#3178,.T.);
#6930=EDGE_CURVE('',#5483,#5496,#3179,.T.);
#6931=EDGE_CURVE('',#5492,#5496,#3180,.T.);
#6932=EDGE_CURVE('',#5497,#5495,#3181,.T.);
#6933=EDGE_CURVE('',#5497,#5498,#3182,.T.);
#6934=EDGE_CURVE('',#5488,#5498,#3183,.T.);
#6935=EDGE_CURVE('',#5498,#5499,#3184,.T.);
#6936=EDGE_CURVE('',#5489,#5499,#3185,.T.);
#6937=EDGE_CURVE('',#5500,#5501,#3186,.T.);
#6938=EDGE_CURVE('',#5500,#5502,#3187,.T.);
#6939=EDGE_CURVE('',#5503,#5502,#3188,.T.);
#6940=EDGE_CURVE('',#5501,#5503,#3189,.T.);
#6941=EDGE_CURVE('',#5504,#5505,#3190,.T.);
#6942=EDGE_CURVE('',#5504,#5506,#3191,.T.);
#6943=EDGE_CURVE('',#5506,#5507,#3192,.T.);
#6944=EDGE_CURVE('',#5505,#5507,#3193,.T.);
#6945=EDGE_CURVE('',#5500,#5505,#3194,.T.);
#6946=EDGE_CURVE('',#5501,#5504,#3195,.T.);
#6947=EDGE_CURVE('',#5508,#5509,#3196,.T.);
#6948=EDGE_CURVE('',#5509,#5494,#3197,.T.);
#6949=EDGE_CURVE('',#5493,#5510,#3198,.T.);
#6950=EDGE_CURVE('',#5510,#5508,#3199,.T.);
#6951=EDGE_CURVE('',#5511,#5512,#3200,.T.);
#6952=EDGE_CURVE('',#5512,#5492,#3201,.T.);
#6953=EDGE_CURVE('',#5511,#5496,#3202,.T.);
#6954=EDGE_CURVE('',#5513,#5514,#3203,.T.);
#6955=EDGE_CURVE('',#5514,#5508,#3204,.T.);
#6956=EDGE_CURVE('',#5513,#5510,#3205,.T.);
#6957=EDGE_CURVE('',#5513,#5515,#3206,.T.);
#6958=EDGE_CURVE('',#5515,#5512,#3207,.T.);
#6959=EDGE_CURVE('',#5515,#5516,#3208,.T.);
#6960=EDGE_CURVE('',#5516,#5511,#3209,.T.);
#6961=EDGE_CURVE('',#5514,#5516,#3210,.T.);
#6962=EDGE_CURVE('',#5507,#5491,#3211,.T.);
#6963=EDGE_CURVE('',#5502,#5490,#3212,.T.);
#6964=EDGE_CURVE('',#5499,#5503,#3213,.T.);
#6965=EDGE_CURVE('',#5506,#5517,#3214,.T.);
#6966=EDGE_CURVE('',#5517,#5491,#3215,.T.);
#6967=EDGE_CURVE('',#5497,#5509,#3216,.T.);
#6968=EDGE_CURVE('',#5486,#5517,#3217,.T.);
#6969=EDGE_CURVE('',#5518,#5519,#3218,.T.);
#6970=EDGE_CURVE('',#5519,#5520,#3219,.T.);
#6971=EDGE_CURVE('',#5521,#5520,#3220,.T.);
#6972=EDGE_CURVE('',#5522,#5521,#3221,.T.);
#6973=EDGE_CURVE('',#5523,#5522,#3222,.T.);
#6974=EDGE_CURVE('',#5523,#5524,#3223,.T.);
#6975=EDGE_CURVE('',#5524,#5525,#3224,.T.);
#6976=EDGE_CURVE('',#5525,#5526,#3225,.T.);
#6977=EDGE_CURVE('',#5526,#5527,#3226,.T.);
#6978=EDGE_CURVE('',#5527,#5518,#3227,.T.);
#6979=EDGE_CURVE('',#5528,#5526,#3228,.T.);
#6980=EDGE_CURVE('',#5525,#5529,#3229,.T.);
#6981=EDGE_CURVE('',#5529,#5530,#3230,.T.);
#6982=EDGE_CURVE('',#5531,#5530,#3231,.T.);
#6983=EDGE_CURVE('',#5531,#5532,#3232,.T.);
#6984=EDGE_CURVE('',#5532,#5533,#3233,.T.);
#6985=EDGE_CURVE('',#5533,#5528,#3234,.T.);
#6986=EDGE_CURVE('',#5534,#5535,#3235,.T.);
#6987=EDGE_CURVE('',#5518,#5534,#3236,.T.);
#6988=EDGE_CURVE('',#5527,#5535,#3237,.T.);
#6989=EDGE_CURVE('',#5535,#5528,#3238,.T.);
#6990=EDGE_CURVE('',#5536,#5534,#3239,.T.);
#6991=EDGE_CURVE('',#5519,#5536,#3240,.T.);
#6992=EDGE_CURVE('',#5536,#5537,#3241,.T.);
#6993=EDGE_CURVE('',#5520,#5537,#3242,.T.);
#6994=EDGE_CURVE('',#5538,#5539,#3243,.T.);
#6995=EDGE_CURVE('',#5538,#5540,#3244,.T.);
#6996=EDGE_CURVE('',#5541,#5540,#3245,.T.);
#6997=EDGE_CURVE('',#5539,#5541,#3246,.T.);
#6998=EDGE_CURVE('',#5539,#5533,#3247,.T.);
#6999=EDGE_CURVE('',#5537,#5541,#3248,.T.);
#7000=EDGE_CURVE('',#5532,#5538,#3249,.T.);
#7001=EDGE_CURVE('',#5540,#5531,#3250,.T.);
#7002=EDGE_CURVE('',#5530,#5542,#3251,.T.);
#7003=EDGE_CURVE('',#5542,#5521,#3252,.T.);
#7004=EDGE_CURVE('',#5543,#5524,#3253,.T.);
#7005=EDGE_CURVE('',#5544,#5523,#3254,.T.);
#7006=EDGE_CURVE('',#5545,#5544,#3255,.T.);
#7007=EDGE_CURVE('',#5546,#5545,#3256,.T.);
#7008=EDGE_CURVE('',#5547,#5546,#3257,.T.);
#7009=EDGE_CURVE('',#5548,#5547,#3258,.T.);
#7010=EDGE_CURVE('',#5549,#5548,#3259,.T.);
#7011=EDGE_CURVE('',#5550,#5549,#3260,.T.);
#7012=EDGE_CURVE('',#5543,#5550,#3261,.T.);
#7013=EDGE_CURVE('',#5551,#5552,#3262,.T.);
#7014=EDGE_CURVE('',#5553,#5552,#3263,.T.);
#7015=EDGE_CURVE('',#5554,#5553,#3264,.T.);
#7016=EDGE_CURVE('',#5555,#5554,#3265,.T.);
#7017=EDGE_CURVE('',#5556,#5555,#3266,.T.);
#7018=EDGE_CURVE('',#5557,#5556,#3267,.T.);
#7019=EDGE_CURVE('',#5558,#5557,#3268,.T.);
#7020=EDGE_CURVE('',#5559,#5558,#3269,.T.);
#7021=EDGE_CURVE('',#5560,#5559,#3270,.T.);
#7022=EDGE_CURVE('',#5551,#5560,#3271,.T.);
#7023=EDGE_CURVE('',#5550,#5561,#3272,.T.);
#7024=EDGE_CURVE('',#5562,#5561,#3273,.T.);
#7025=EDGE_CURVE('',#5543,#5562,#3274,.T.);
#7026=EDGE_CURVE('',#5549,#5563,#3275,.T.);
#7027=EDGE_CURVE('',#5561,#5563,#3276,.T.);
#7028=EDGE_CURVE('',#5564,#5548,#3277,.T.);
#7029=EDGE_CURVE('',#5563,#5564,#3278,.T.);
#7030=EDGE_CURVE('',#5565,#5547,#3279,.T.);
#7031=EDGE_CURVE('',#5564,#5565,#3280,.T.);
#7032=EDGE_CURVE('',#5546,#5566,#3281,.T.);
#7033=EDGE_CURVE('',#5565,#5566,#3282,.T.);
#7034=EDGE_CURVE('',#5567,#5545,#3283,.T.);
#7035=EDGE_CURVE('',#5566,#5567,#3284,.T.);
#7036=EDGE_CURVE('',#5544,#5568,#3285,.T.);
#7037=EDGE_CURVE('',#5567,#5568,#3286,.T.);
#7038=EDGE_CURVE('',#5568,#5522,#3287,.T.);
#7039=EDGE_CURVE('',#5569,#5542,#3288,.T.);
#7040=EDGE_CURVE('',#5569,#5570,#3289,.T.);
#7041=EDGE_CURVE('',#5570,#5571,#3290,.T.);
#7042=EDGE_CURVE('',#5571,#5572,#3291,.T.);
#7043=EDGE_CURVE('',#5572,#5573,#3292,.T.);
#7044=EDGE_CURVE('',#5573,#5574,#3293,.T.);
#7045=EDGE_CURVE('',#5574,#5575,#3294,.T.);
#7046=EDGE_CURVE('',#5575,#5576,#3295,.T.);
#7047=EDGE_CURVE('',#5576,#5577,#3296,.T.);
#7048=EDGE_CURVE('',#5577,#5562,#3297,.T.);
#7049=EDGE_CURVE('',#5569,#5560,#3298,.T.);
#7050=EDGE_CURVE('',#5551,#5529,#3299,.T.);
#7051=EDGE_CURVE('',#5559,#5570,#3300,.T.);
#7052=EDGE_CURVE('',#5556,#5573,#3301,.T.);
#7053=EDGE_CURVE('',#5557,#5572,#3302,.T.);
#7054=EDGE_CURVE('',#5555,#5574,#3303,.T.);
#7055=EDGE_CURVE('',#5554,#5575,#3304,.T.);
#7056=EDGE_CURVE('',#5558,#5571,#3305,.T.);
#7057=EDGE_CURVE('',#5552,#5577,#3306,.T.);
#7058=EDGE_CURVE('',#5576,#5553,#3307,.T.);
#7059=EDGE_CURVE('',#5578,#5579,#3308,.T.);
#7060=EDGE_CURVE('',#5580,#5579,#3309,.T.);
#7061=EDGE_CURVE('',#5580,#5581,#3310,.T.);
#7062=EDGE_CURVE('',#5582,#5581,#3311,.T.);
#7063=EDGE_CURVE('',#5583,#5582,#3312,.T.);
#7064=EDGE_CURVE('',#5584,#5583,#3313,.T.);
#7065=EDGE_CURVE('',#5584,#5585,#3314,.T.);
#7066=EDGE_CURVE('',#5585,#5578,#3315,.T.);
#7067=EDGE_CURVE('',#5586,#5584,#3316,.T.);
#7068=EDGE_CURVE('',#5583,#5587,#3317,.T.);
#7069=EDGE_CURVE('',#5587,#5588,#3318,.T.);
#7070=EDGE_CURVE('',#5588,#5589,#3319,.T.);
#7071=EDGE_CURVE('',#5589,#5590,#3320,.T.);
#7072=EDGE_CURVE('',#5590,#5591,#3321,.T.);
#7073=EDGE_CURVE('',#5591,#5592,#3322,.T.);
#7074=EDGE_CURVE('',#5592,#5593,#3323,.T.);
#7075=EDGE_CURVE('',#5593,#5586,#3324,.T.);
#7076=EDGE_CURVE('',#5594,#5589,#3325,.T.);
#7077=EDGE_CURVE('',#5588,#5595,#3326,.T.);
#7078=EDGE_CURVE('',#5581,#5595,#3327,.T.);
#7079=EDGE_CURVE('',#5596,#5580,#3328,.T.);
#7080=EDGE_CURVE('',#5596,#5597,#3329,.T.);
#7081=EDGE_CURVE('',#5597,#5594,#3330,.T.);
#7082=EDGE_CURVE('',#5598,#5586,#3331,.T.);
#7083=EDGE_CURVE('',#5585,#5598,#3332,.T.);
#7084=EDGE_CURVE('',#5599,#5600,#3333,.T.);
#7085=EDGE_CURVE('',#5579,#5599,#3334,.T.);
#7086=EDGE_CURVE('',#5578,#5600,#3335,.T.);
#7087=EDGE_CURVE('',#5600,#5598,#3336,.T.);
#7088=EDGE_CURVE('',#5601,#5602,#3337,.T.);
#7089=EDGE_CURVE('',#5597,#5601,#3338,.T.);
#7090=EDGE_CURVE('',#5602,#5596,#3339,.T.);
#7091=EDGE_CURVE('',#5590,#5603,#3340,.T.);
#7092=EDGE_CURVE('',#5594,#5603,#3341,.T.);
#7093=EDGE_CURVE('',#5603,#5601,#3342,.T.);
#7094=EDGE_CURVE('',#5599,#5604,#3343,.T.);
#7095=EDGE_CURVE('',#5604,#5602,#3344,.T.);
#7096=EDGE_CURVE('',#5605,#5606,#3345,.T.);
#7097=EDGE_CURVE('',#5606,#5607,#3346,.T.);
#7098=EDGE_CURVE('',#5607,#5608,#3347,.T.);
#7099=EDGE_CURVE('',#5608,#5605,#3348,.T.);
#7100=EDGE_CURVE('',#5595,#5609,#3349,.T.);
#7101=EDGE_CURVE('',#5609,#5582,#3350,.T.);
#7102=EDGE_CURVE('',#5606,#5593,#3351,.T.);
#7103=EDGE_CURVE('',#5604,#5605,#3352,.T.);
#7104=EDGE_CURVE('',#5591,#5608,#3353,.T.);
#7105=EDGE_CURVE('',#5592,#5607,#3354,.T.);
#7106=EDGE_CURVE('',#5609,#5587,#3355,.T.);
#7107=EDGE_CURVE('',#5610,#5611,#3356,.T.);
#7108=EDGE_CURVE('',#5611,#5612,#3357,.T.);
#7109=EDGE_CURVE('',#5613,#5612,#3358,.T.);
#7110=EDGE_CURVE('',#5610,#5613,#3359,.T.);
#7111=EDGE_CURVE('',#5614,#5610,#3360,.T.);
#7112=EDGE_CURVE('',#5615,#5613,#3361,.T.);
#7113=EDGE_CURVE('',#5614,#5615,#3362,.T.);
#7114=EDGE_CURVE('',#5616,#5614,#3363,.T.);
#7115=EDGE_CURVE('',#5617,#5615,#3364,.T.);
#7116=EDGE_CURVE('',#5616,#5617,#3365,.T.);
#7117=EDGE_CURVE('',#5611,#5616,#3366,.T.);
#7118=EDGE_CURVE('',#5612,#5617,#3367,.T.);
#7119=ORIENTED_EDGE('',*,*,#5618,.T.);
#7120=ORIENTED_EDGE('',*,*,#5619,.T.);
#7121=ORIENTED_EDGE('',*,*,#5620,.T.);
#7122=ORIENTED_EDGE('',*,*,#5621,.T.);
#7123=ORIENTED_EDGE('',*,*,#5622,.T.);
#7124=ORIENTED_EDGE('',*,*,#5623,.T.);
#7125=ORIENTED_EDGE('',*,*,#5624,.T.);
#7126=ORIENTED_EDGE('',*,*,#5625,.T.);
#7127=ORIENTED_EDGE('',*,*,#5626,.T.);
#7128=ORIENTED_EDGE('',*,*,#5627,.T.);
#7129=ORIENTED_EDGE('',*,*,#5628,.T.);
#7130=ORIENTED_EDGE('',*,*,#5629,.T.);
#7131=ORIENTED_EDGE('',*,*,#5630,.T.);
#7132=ORIENTED_EDGE('',*,*,#5631,.T.);
#7133=ORIENTED_EDGE('',*,*,#5632,.T.);
#7134=ORIENTED_EDGE('',*,*,#5633,.T.);
#7135=ORIENTED_EDGE('',*,*,#5634,.F.);
#7136=ORIENTED_EDGE('',*,*,#5625,.F.);
#7137=ORIENTED_EDGE('',*,*,#5635,.F.);
#7138=ORIENTED_EDGE('',*,*,#5631,.F.);
#7139=ORIENTED_EDGE('',*,*,#5635,.T.);
#7140=ORIENTED_EDGE('',*,*,#5624,.F.);
#7141=ORIENTED_EDGE('',*,*,#5636,.F.);
#7142=ORIENTED_EDGE('',*,*,#5632,.F.);
#7143=ORIENTED_EDGE('',*,*,#5636,.T.);
#7144=ORIENTED_EDGE('',*,*,#5623,.F.);
#7145=ORIENTED_EDGE('',*,*,#5637,.F.);
#7146=ORIENTED_EDGE('',*,*,#5633,.F.);
#7147=ORIENTED_EDGE('',*,*,#5637,.T.);
#7148=ORIENTED_EDGE('',*,*,#5622,.F.);
#7149=ORIENTED_EDGE('',*,*,#5634,.T.);
#7150=ORIENTED_EDGE('',*,*,#5630,.F.);
#7151=ORIENTED_EDGE('',*,*,#5638,.F.);
#7152=ORIENTED_EDGE('',*,*,#5621,.F.);
#7153=ORIENTED_EDGE('',*,*,#5639,.F.);
#7154=ORIENTED_EDGE('',*,*,#5627,.F.);
#7155=ORIENTED_EDGE('',*,*,#5639,.T.);
#7156=ORIENTED_EDGE('',*,*,#5620,.F.);
#7157=ORIENTED_EDGE('',*,*,#5640,.F.);
#7158=ORIENTED_EDGE('',*,*,#5628,.F.);
#7159=ORIENTED_EDGE('',*,*,#5640,.T.);
#7160=ORIENTED_EDGE('',*,*,#5619,.F.);
#7161=ORIENTED_EDGE('',*,*,#5641,.F.);
#7162=ORIENTED_EDGE('',*,*,#5629,.F.);
#7163=ORIENTED_EDGE('',*,*,#5641,.T.);
#7164=ORIENTED_EDGE('',*,*,#5618,.F.);
#7165=ORIENTED_EDGE('',*,*,#5638,.T.);
#7166=ORIENTED_EDGE('',*,*,#5626,.F.);
#7167=ORIENTED_EDGE('',*,*,#5642,.T.);
#7168=ORIENTED_EDGE('',*,*,#5643,.T.);
#7169=ORIENTED_EDGE('',*,*,#5644,.T.);
#7170=ORIENTED_EDGE('',*,*,#5645,.T.);
#7171=ORIENTED_EDGE('',*,*,#5646,.T.);
#7172=ORIENTED_EDGE('',*,*,#5647,.T.);
#7173=ORIENTED_EDGE('',*,*,#5648,.T.);
#7174=ORIENTED_EDGE('',*,*,#5649,.T.);
#7175=ORIENTED_EDGE('',*,*,#5650,.T.);
#7176=ORIENTED_EDGE('',*,*,#5651,.T.);
#7177=ORIENTED_EDGE('',*,*,#5652,.T.);
#7178=ORIENTED_EDGE('',*,*,#5653,.T.);
#7179=ORIENTED_EDGE('',*,*,#5654,.T.);
#7180=ORIENTED_EDGE('',*,*,#5655,.T.);
#7181=ORIENTED_EDGE('',*,*,#5656,.T.);
#7182=ORIENTED_EDGE('',*,*,#5657,.T.);
#7183=ORIENTED_EDGE('',*,*,#5658,.F.);
#7184=ORIENTED_EDGE('',*,*,#5649,.F.);
#7185=ORIENTED_EDGE('',*,*,#5659,.F.);
#7186=ORIENTED_EDGE('',*,*,#5655,.F.);
#7187=ORIENTED_EDGE('',*,*,#5659,.T.);
#7188=ORIENTED_EDGE('',*,*,#5648,.F.);
#7189=ORIENTED_EDGE('',*,*,#5660,.F.);
#7190=ORIENTED_EDGE('',*,*,#5656,.F.);
#7191=ORIENTED_EDGE('',*,*,#5660,.T.);
#7192=ORIENTED_EDGE('',*,*,#5647,.F.);
#7193=ORIENTED_EDGE('',*,*,#5661,.F.);
#7194=ORIENTED_EDGE('',*,*,#5657,.F.);
#7195=ORIENTED_EDGE('',*,*,#5661,.T.);
#7196=ORIENTED_EDGE('',*,*,#5646,.F.);
#7197=ORIENTED_EDGE('',*,*,#5658,.T.);
#7198=ORIENTED_EDGE('',*,*,#5654,.F.);
#7199=ORIENTED_EDGE('',*,*,#5662,.F.);
#7200=ORIENTED_EDGE('',*,*,#5645,.F.);
#7201=ORIENTED_EDGE('',*,*,#5663,.F.);
#7202=ORIENTED_EDGE('',*,*,#5651,.F.);
#7203=ORIENTED_EDGE('',*,*,#5663,.T.);
#7204=ORIENTED_EDGE('',*,*,#5644,.F.);
#7205=ORIENTED_EDGE('',*,*,#5664,.F.);
#7206=ORIENTED_EDGE('',*,*,#5652,.F.);
#7207=ORIENTED_EDGE('',*,*,#5664,.T.);
#7208=ORIENTED_EDGE('',*,*,#5643,.F.);
#7209=ORIENTED_EDGE('',*,*,#5665,.F.);
#7210=ORIENTED_EDGE('',*,*,#5653,.F.);
#7211=ORIENTED_EDGE('',*,*,#5665,.T.);
#7212=ORIENTED_EDGE('',*,*,#5642,.F.);
#7213=ORIENTED_EDGE('',*,*,#5662,.T.);
#7214=ORIENTED_EDGE('',*,*,#5650,.F.);
#7215=ORIENTED_EDGE('',*,*,#5666,.F.);
#7216=ORIENTED_EDGE('',*,*,#5667,.T.);
#7217=ORIENTED_EDGE('',*,*,#5668,.F.);
#7218=ORIENTED_EDGE('',*,*,#5667,.F.);
#7219=ORIENTED_EDGE('',*,*,#5669,.F.);
#7220=ORIENTED_EDGE('',*,*,#5670,.T.);
#7221=ORIENTED_EDGE('',*,*,#5671,.F.);
#7222=ORIENTED_EDGE('',*,*,#5670,.F.);
#7223=ORIENTED_EDGE('',*,*,#5672,.F.);
#7224=ORIENTED_EDGE('',*,*,#5673,.T.);
#7225=ORIENTED_EDGE('',*,*,#5674,.F.);
#7226=ORIENTED_EDGE('',*,*,#5675,.F.);
#7227=ORIENTED_EDGE('',*,*,#5669,.T.);
#7228=ORIENTED_EDGE('',*,*,#5676,.T.);
#7229=ORIENTED_EDGE('',*,*,#5677,.T.);
#7230=ORIENTED_EDGE('',*,*,#5678,.F.);
#7231=ORIENTED_EDGE('',*,*,#5679,.F.);
#7232=ORIENTED_EDGE('',*,*,#5671,.T.);
#7233=ORIENTED_EDGE('',*,*,#5680,.T.);
#7234=ORIENTED_EDGE('',*,*,#5678,.T.);
#7235=ORIENTED_EDGE('',*,*,#5681,.T.);
#7236=ORIENTED_EDGE('',*,*,#5674,.T.);
#7237=ORIENTED_EDGE('',*,*,#5682,.F.);
#7238=ORIENTED_EDGE('',*,*,#5683,.T.);
#7239=ORIENTED_EDGE('',*,*,#5684,.F.);
#7240=ORIENTED_EDGE('',*,*,#5685,.F.);
#7241=ORIENTED_EDGE('',*,*,#5668,.T.);
#7242=ORIENTED_EDGE('',*,*,#5686,.F.);
#7243=ORIENTED_EDGE('',*,*,#5687,.T.);
#7244=ORIENTED_EDGE('',*,*,#5688,.F.);
#7245=ORIENTED_EDGE('',*,*,#5689,.F.);
#7246=ORIENTED_EDGE('',*,*,#5666,.T.);
#7247=ORIENTED_EDGE('',*,*,#5684,.T.);
#7248=ORIENTED_EDGE('',*,*,#5690,.T.);
#7249=ORIENTED_EDGE('',*,*,#5688,.T.);
#7250=ORIENTED_EDGE('',*,*,#5691,.T.);
#7251=ORIENTED_EDGE('',*,*,#5692,.T.);
#7252=ORIENTED_EDGE('',*,*,#5689,.T.);
#7253=ORIENTED_EDGE('',*,*,#5690,.F.);
#7254=ORIENTED_EDGE('',*,*,#5683,.F.);
#7255=ORIENTED_EDGE('',*,*,#5693,.F.);
#7256=ORIENTED_EDGE('',*,*,#5675,.T.);
#7257=ORIENTED_EDGE('',*,*,#5681,.F.);
#7258=ORIENTED_EDGE('',*,*,#5677,.F.);
#7259=ORIENTED_EDGE('',*,*,#5694,.F.);
#7260=ORIENTED_EDGE('',*,*,#5679,.T.);
#7261=ORIENTED_EDGE('',*,*,#5680,.F.);
#7262=ORIENTED_EDGE('',*,*,#5673,.F.);
#7263=ORIENTED_EDGE('',*,*,#5695,.F.);
#7264=ORIENTED_EDGE('',*,*,#5685,.T.);
#7265=ORIENTED_EDGE('',*,*,#5691,.F.);
#7266=ORIENTED_EDGE('',*,*,#5687,.F.);
#7267=ORIENTED_EDGE('',*,*,#5682,.T.);
#7268=ORIENTED_EDGE('',*,*,#5695,.T.);
#7269=ORIENTED_EDGE('',*,*,#5672,.T.);
#7270=ORIENTED_EDGE('',*,*,#5693,.T.);
#7271=ORIENTED_EDGE('',*,*,#5692,.F.);
#7272=ORIENTED_EDGE('',*,*,#5676,.F.);
#7273=ORIENTED_EDGE('',*,*,#5694,.T.);
#7274=ORIENTED_EDGE('',*,*,#5686,.T.);
#7275=ORIENTED_EDGE('',*,*,#5696,.F.);
#7276=ORIENTED_EDGE('',*,*,#5697,.T.);
#7277=ORIENTED_EDGE('',*,*,#5698,.T.);
#7278=ORIENTED_EDGE('',*,*,#5699,.F.);
#7279=ORIENTED_EDGE('',*,*,#5700,.T.);
#7280=ORIENTED_EDGE('',*,*,#5701,.T.);
#7281=ORIENTED_EDGE('',*,*,#5702,.F.);
#7282=ORIENTED_EDGE('',*,*,#5703,.T.);
#7283=ORIENTED_EDGE('',*,*,#5697,.F.);
#7284=ORIENTED_EDGE('',*,*,#5704,.F.);
#7285=ORIENTED_EDGE('',*,*,#5705,.T.);
#7286=ORIENTED_EDGE('',*,*,#5706,.F.);
#7287=ORIENTED_EDGE('',*,*,#5705,.F.);
#7288=ORIENTED_EDGE('',*,*,#5707,.T.);
#7289=ORIENTED_EDGE('',*,*,#5708,.T.);
#7290=ORIENTED_EDGE('',*,*,#5709,.T.);
#7291=ORIENTED_EDGE('',*,*,#5710,.T.);
#7292=ORIENTED_EDGE('',*,*,#5711,.T.);
#7293=ORIENTED_EDGE('',*,*,#5712,.T.);
#7294=ORIENTED_EDGE('',*,*,#5713,.T.);
#7295=ORIENTED_EDGE('',*,*,#5702,.T.);
#7296=ORIENTED_EDGE('',*,*,#5696,.T.);
#7297=ORIENTED_EDGE('',*,*,#5699,.T.);
#7298=ORIENTED_EDGE('',*,*,#5714,.F.);
#7299=ORIENTED_EDGE('',*,*,#5715,.T.);
#7300=ORIENTED_EDGE('',*,*,#5716,.F.);
#7301=ORIENTED_EDGE('',*,*,#5715,.F.);
#7302=ORIENTED_EDGE('',*,*,#5717,.F.);
#7303=ORIENTED_EDGE('',*,*,#5718,.T.);
#7304=ORIENTED_EDGE('',*,*,#5713,.F.);
#7305=ORIENTED_EDGE('',*,*,#5719,.T.);
#7306=ORIENTED_EDGE('',*,*,#5720,.T.);
#7307=ORIENTED_EDGE('',*,*,#5721,.F.);
#7308=ORIENTED_EDGE('',*,*,#5714,.T.);
#7309=ORIENTED_EDGE('',*,*,#5722,.T.);
#7310=ORIENTED_EDGE('',*,*,#5723,.T.);
#7311=ORIENTED_EDGE('',*,*,#5717,.T.);
#7312=ORIENTED_EDGE('',*,*,#5724,.T.);
#7313=ORIENTED_EDGE('',*,*,#5723,.F.);
#7314=ORIENTED_EDGE('',*,*,#5725,.T.);
#7315=ORIENTED_EDGE('',*,*,#5700,.F.);
#7316=ORIENTED_EDGE('',*,*,#5698,.F.);
#7317=ORIENTED_EDGE('',*,*,#5703,.F.);
#7318=ORIENTED_EDGE('',*,*,#5718,.F.);
#7319=ORIENTED_EDGE('',*,*,#5722,.F.);
#7320=ORIENTED_EDGE('',*,*,#5726,.F.);
#7321=ORIENTED_EDGE('',*,*,#5727,.T.);
#7322=ORIENTED_EDGE('',*,*,#5707,.F.);
#7323=ORIENTED_EDGE('',*,*,#5701,.F.);
#7324=ORIENTED_EDGE('',*,*,#5725,.F.);
#7325=ORIENTED_EDGE('',*,*,#5716,.T.);
#7326=ORIENTED_EDGE('',*,*,#5728,.F.);
#7327=ORIENTED_EDGE('',*,*,#5709,.F.);
#7328=ORIENTED_EDGE('',*,*,#5729,.T.);
#7329=ORIENTED_EDGE('',*,*,#5730,.F.);
#7330=ORIENTED_EDGE('',*,*,#5729,.F.);
#7331=ORIENTED_EDGE('',*,*,#5708,.F.);
#7332=ORIENTED_EDGE('',*,*,#5727,.F.);
#7333=ORIENTED_EDGE('',*,*,#5730,.T.);
#7334=ORIENTED_EDGE('',*,*,#5731,.F.);
#7335=ORIENTED_EDGE('',*,*,#5732,.T.);
#7336=ORIENTED_EDGE('',*,*,#5733,.F.);
#7337=ORIENTED_EDGE('',*,*,#5732,.F.);
#7338=ORIENTED_EDGE('',*,*,#5724,.F.);
#7339=ORIENTED_EDGE('',*,*,#5721,.T.);
#7340=ORIENTED_EDGE('',*,*,#5734,.F.);
#7341=ORIENTED_EDGE('',*,*,#5710,.F.);
#7342=ORIENTED_EDGE('',*,*,#5728,.T.);
#7343=ORIENTED_EDGE('',*,*,#5726,.T.);
#7344=ORIENTED_EDGE('',*,*,#5734,.T.);
#7345=ORIENTED_EDGE('',*,*,#5720,.F.);
#7346=ORIENTED_EDGE('',*,*,#5735,.T.);
#7347=ORIENTED_EDGE('',*,*,#5711,.F.);
#7348=ORIENTED_EDGE('',*,*,#5735,.F.);
#7349=ORIENTED_EDGE('',*,*,#5719,.F.);
#7350=ORIENTED_EDGE('',*,*,#5712,.F.);
#7351=ORIENTED_EDGE('',*,*,#5706,.T.);
#7352=ORIENTED_EDGE('',*,*,#5733,.T.);
#7353=ORIENTED_EDGE('',*,*,#5704,.T.);
#7354=ORIENTED_EDGE('',*,*,#5731,.T.);
#7355=ORIENTED_EDGE('',*,*,#5736,.T.);
#7356=ORIENTED_EDGE('',*,*,#5737,.T.);
#7357=ORIENTED_EDGE('',*,*,#5738,.T.);
#7358=ORIENTED_EDGE('',*,*,#5739,.T.);
#7359=ORIENTED_EDGE('',*,*,#5740,.T.);
#7360=ORIENTED_EDGE('',*,*,#5741,.T.);
#7361=ORIENTED_EDGE('',*,*,#5742,.T.);
#7362=ORIENTED_EDGE('',*,*,#5743,.T.);
#7363=ORIENTED_EDGE('',*,*,#5744,.F.);
#7364=ORIENTED_EDGE('',*,*,#5745,.F.);
#7365=ORIENTED_EDGE('',*,*,#5746,.F.);
#7366=ORIENTED_EDGE('',*,*,#5741,.F.);
#7367=ORIENTED_EDGE('',*,*,#5746,.T.);
#7368=ORIENTED_EDGE('',*,*,#5747,.F.);
#7369=ORIENTED_EDGE('',*,*,#5748,.F.);
#7370=ORIENTED_EDGE('',*,*,#5742,.F.);
#7371=ORIENTED_EDGE('',*,*,#5748,.T.);
#7372=ORIENTED_EDGE('',*,*,#5749,.F.);
#7373=ORIENTED_EDGE('',*,*,#5750,.F.);
#7374=ORIENTED_EDGE('',*,*,#5743,.F.);
#7375=ORIENTED_EDGE('',*,*,#5750,.T.);
#7376=ORIENTED_EDGE('',*,*,#5751,.F.);
#7377=ORIENTED_EDGE('',*,*,#5744,.T.);
#7378=ORIENTED_EDGE('',*,*,#5740,.F.);
#7379=ORIENTED_EDGE('',*,*,#5752,.F.);
#7380=ORIENTED_EDGE('',*,*,#5753,.F.);
#7381=ORIENTED_EDGE('',*,*,#5754,.F.);
#7382=ORIENTED_EDGE('',*,*,#5737,.F.);
#7383=ORIENTED_EDGE('',*,*,#5754,.T.);
#7384=ORIENTED_EDGE('',*,*,#5755,.F.);
#7385=ORIENTED_EDGE('',*,*,#5756,.F.);
#7386=ORIENTED_EDGE('',*,*,#5738,.F.);
#7387=ORIENTED_EDGE('',*,*,#5756,.T.);
#7388=ORIENTED_EDGE('',*,*,#5757,.F.);
#7389=ORIENTED_EDGE('',*,*,#5758,.F.);
#7390=ORIENTED_EDGE('',*,*,#5739,.F.);
#7391=ORIENTED_EDGE('',*,*,#5758,.T.);
#7392=ORIENTED_EDGE('',*,*,#5759,.F.);
#7393=ORIENTED_EDGE('',*,*,#5752,.T.);
#7394=ORIENTED_EDGE('',*,*,#5736,.F.);
#7395=ORIENTED_EDGE('',*,*,#5759,.T.);
#7396=ORIENTED_EDGE('',*,*,#5757,.T.);
#7397=ORIENTED_EDGE('',*,*,#5755,.T.);
#7398=ORIENTED_EDGE('',*,*,#5753,.T.);
#7399=ORIENTED_EDGE('',*,*,#5751,.T.);
#7400=ORIENTED_EDGE('',*,*,#5749,.T.);
#7401=ORIENTED_EDGE('',*,*,#5747,.T.);
#7402=ORIENTED_EDGE('',*,*,#5745,.T.);
#7403=ORIENTED_EDGE('',*,*,#5760,.T.);
#7404=ORIENTED_EDGE('',*,*,#5761,.T.);
#7405=ORIENTED_EDGE('',*,*,#5762,.T.);
#7406=ORIENTED_EDGE('',*,*,#5761,.F.);
#7407=ORIENTED_EDGE('',*,*,#5763,.T.);
#7408=ORIENTED_EDGE('',*,*,#5764,.T.);
#7409=ORIENTED_EDGE('',*,*,#5765,.T.);
#7410=ORIENTED_EDGE('',*,*,#5764,.F.);
#7411=ORIENTED_EDGE('',*,*,#5766,.T.);
#7412=ORIENTED_EDGE('',*,*,#5767,.T.);
#7413=ORIENTED_EDGE('',*,*,#5768,.T.);
#7414=ORIENTED_EDGE('',*,*,#5769,.F.);
#7415=ORIENTED_EDGE('',*,*,#5763,.F.);
#7416=ORIENTED_EDGE('',*,*,#5770,.F.);
#7417=ORIENTED_EDGE('',*,*,#5771,.T.);
#7418=ORIENTED_EDGE('',*,*,#5772,.T.);
#7419=ORIENTED_EDGE('',*,*,#5773,.F.);
#7420=ORIENTED_EDGE('',*,*,#5765,.F.);
#7421=ORIENTED_EDGE('',*,*,#5774,.F.);
#7422=ORIENTED_EDGE('',*,*,#5768,.F.);
#7423=ORIENTED_EDGE('',*,*,#5775,.F.);
#7424=ORIENTED_EDGE('',*,*,#5772,.F.);
#7425=ORIENTED_EDGE('',*,*,#5776,.T.);
#7426=ORIENTED_EDGE('',*,*,#5777,.T.);
#7427=ORIENTED_EDGE('',*,*,#5778,.T.);
#7428=ORIENTED_EDGE('',*,*,#5779,.F.);
#7429=ORIENTED_EDGE('',*,*,#5762,.F.);
#7430=ORIENTED_EDGE('',*,*,#5780,.T.);
#7431=ORIENTED_EDGE('',*,*,#5781,.T.);
#7432=ORIENTED_EDGE('',*,*,#5782,.T.);
#7433=ORIENTED_EDGE('',*,*,#5783,.F.);
#7434=ORIENTED_EDGE('',*,*,#5760,.F.);
#7435=ORIENTED_EDGE('',*,*,#5778,.F.);
#7436=ORIENTED_EDGE('',*,*,#5784,.F.);
#7437=ORIENTED_EDGE('',*,*,#5782,.F.);
#7438=ORIENTED_EDGE('',*,*,#5785,.F.);
#7439=ORIENTED_EDGE('',*,*,#5786,.F.);
#7440=ORIENTED_EDGE('',*,*,#5773,.T.);
#7441=ORIENTED_EDGE('',*,*,#5775,.T.);
#7442=ORIENTED_EDGE('',*,*,#5767,.F.);
#7443=ORIENTED_EDGE('',*,*,#5787,.T.);
#7444=ORIENTED_EDGE('',*,*,#5779,.T.);
#7445=ORIENTED_EDGE('',*,*,#5785,.T.);
#7446=ORIENTED_EDGE('',*,*,#5781,.F.);
#7447=ORIENTED_EDGE('',*,*,#5788,.T.);
#7448=ORIENTED_EDGE('',*,*,#5783,.T.);
#7449=ORIENTED_EDGE('',*,*,#5784,.T.);
#7450=ORIENTED_EDGE('',*,*,#5777,.F.);
#7451=ORIENTED_EDGE('',*,*,#5789,.T.);
#7452=ORIENTED_EDGE('',*,*,#5769,.T.);
#7453=ORIENTED_EDGE('',*,*,#5774,.T.);
#7454=ORIENTED_EDGE('',*,*,#5771,.F.);
#7455=ORIENTED_EDGE('',*,*,#5776,.F.);
#7456=ORIENTED_EDGE('',*,*,#5787,.F.);
#7457=ORIENTED_EDGE('',*,*,#5766,.F.);
#7458=ORIENTED_EDGE('',*,*,#5789,.F.);
#7459=ORIENTED_EDGE('',*,*,#5786,.T.);
#7460=ORIENTED_EDGE('',*,*,#5780,.F.);
#7461=ORIENTED_EDGE('',*,*,#5788,.F.);
#7462=ORIENTED_EDGE('',*,*,#5770,.T.);
#7463=ORIENTED_EDGE('',*,*,#5790,.F.);
#7464=ORIENTED_EDGE('',*,*,#5791,.T.);
#7465=ORIENTED_EDGE('',*,*,#5792,.F.);
#7466=ORIENTED_EDGE('',*,*,#5791,.F.);
#7467=ORIENTED_EDGE('',*,*,#5790,.T.);
#7468=ORIENTED_EDGE('',*,*,#5793,.T.);
#7469=ORIENTED_EDGE('',*,*,#5794,.T.);
#7470=ORIENTED_EDGE('',*,*,#5795,.F.);
#7471=ORIENTED_EDGE('',*,*,#5796,.F.);
#7472=ORIENTED_EDGE('',*,*,#5797,.T.);
#7473=ORIENTED_EDGE('',*,*,#5796,.T.);
#7474=ORIENTED_EDGE('',*,*,#5798,.F.);
#7475=ORIENTED_EDGE('',*,*,#5799,.F.);
#7476=ORIENTED_EDGE('',*,*,#5800,.T.);
#7477=ORIENTED_EDGE('',*,*,#5799,.T.);
#7478=ORIENTED_EDGE('',*,*,#5801,.F.);
#7479=ORIENTED_EDGE('',*,*,#5802,.F.);
#7480=ORIENTED_EDGE('',*,*,#5803,.T.);
#7481=ORIENTED_EDGE('',*,*,#5802,.T.);
#7482=ORIENTED_EDGE('',*,*,#5804,.F.);
#7483=ORIENTED_EDGE('',*,*,#5805,.F.);
#7484=ORIENTED_EDGE('',*,*,#5806,.T.);
#7485=ORIENTED_EDGE('',*,*,#5805,.T.);
#7486=ORIENTED_EDGE('',*,*,#5807,.F.);
#7487=ORIENTED_EDGE('',*,*,#5808,.F.);
#7488=ORIENTED_EDGE('',*,*,#5809,.T.);
#7489=ORIENTED_EDGE('',*,*,#5808,.T.);
#7490=ORIENTED_EDGE('',*,*,#5810,.F.);
#7491=ORIENTED_EDGE('',*,*,#5794,.F.);
#7492=ORIENTED_EDGE('',*,*,#5810,.T.);
#7493=ORIENTED_EDGE('',*,*,#5807,.T.);
#7494=ORIENTED_EDGE('',*,*,#5804,.T.);
#7495=ORIENTED_EDGE('',*,*,#5801,.T.);
#7496=ORIENTED_EDGE('',*,*,#5798,.T.);
#7497=ORIENTED_EDGE('',*,*,#5795,.T.);
#7498=ORIENTED_EDGE('',*,*,#5809,.F.);
#7499=ORIENTED_EDGE('',*,*,#5793,.F.);
#7500=ORIENTED_EDGE('',*,*,#5797,.F.);
#7501=ORIENTED_EDGE('',*,*,#5800,.F.);
#7502=ORIENTED_EDGE('',*,*,#5803,.F.);
#7503=ORIENTED_EDGE('',*,*,#5806,.F.);
#7504=ORIENTED_EDGE('',*,*,#5792,.T.);
#7505=ORIENTED_EDGE('',*,*,#5811,.T.);
#7506=ORIENTED_EDGE('',*,*,#5812,.F.);
#7507=ORIENTED_EDGE('',*,*,#5813,.F.);
#7508=ORIENTED_EDGE('',*,*,#5814,.T.);
#7509=ORIENTED_EDGE('',*,*,#5815,.F.);
#7510=ORIENTED_EDGE('',*,*,#5816,.F.);
#7511=ORIENTED_EDGE('',*,*,#5817,.T.);
#7512=ORIENTED_EDGE('',*,*,#5813,.T.);
#7513=ORIENTED_EDGE('',*,*,#5818,.F.);
#7514=ORIENTED_EDGE('',*,*,#5819,.T.);
#7515=ORIENTED_EDGE('',*,*,#5820,.T.);
#7516=ORIENTED_EDGE('',*,*,#5821,.T.);
#7517=ORIENTED_EDGE('',*,*,#5820,.F.);
#7518=ORIENTED_EDGE('',*,*,#5822,.F.);
#7519=ORIENTED_EDGE('',*,*,#5814,.F.);
#7520=ORIENTED_EDGE('',*,*,#5811,.F.);
#7521=ORIENTED_EDGE('',*,*,#5817,.F.);
#7522=ORIENTED_EDGE('',*,*,#5823,.F.);
#7523=ORIENTED_EDGE('',*,*,#5824,.F.);
#7524=ORIENTED_EDGE('',*,*,#5825,.F.);
#7525=ORIENTED_EDGE('',*,*,#5826,.F.);
#7526=ORIENTED_EDGE('',*,*,#5827,.F.);
#7527=ORIENTED_EDGE('',*,*,#5828,.F.);
#7528=ORIENTED_EDGE('',*,*,#5829,.T.);
#7529=ORIENTED_EDGE('',*,*,#5830,.T.);
#7530=ORIENTED_EDGE('',*,*,#5831,.T.);
#7531=ORIENTED_EDGE('',*,*,#5830,.F.);
#7532=ORIENTED_EDGE('',*,*,#5832,.T.);
#7533=ORIENTED_EDGE('',*,*,#5833,.T.);
#7534=ORIENTED_EDGE('',*,*,#5834,.F.);
#7535=ORIENTED_EDGE('',*,*,#5835,.F.);
#7536=ORIENTED_EDGE('',*,*,#5823,.T.);
#7537=ORIENTED_EDGE('',*,*,#5836,.F.);
#7538=ORIENTED_EDGE('',*,*,#5829,.F.);
#7539=ORIENTED_EDGE('',*,*,#5837,.F.);
#7540=ORIENTED_EDGE('',*,*,#5838,.F.);
#7541=ORIENTED_EDGE('',*,*,#5832,.F.);
#7542=ORIENTED_EDGE('',*,*,#5839,.F.);
#7543=ORIENTED_EDGE('',*,*,#5839,.T.);
#7544=ORIENTED_EDGE('',*,*,#5836,.T.);
#7545=ORIENTED_EDGE('',*,*,#5818,.T.);
#7546=ORIENTED_EDGE('',*,*,#5812,.T.);
#7547=ORIENTED_EDGE('',*,*,#5816,.T.);
#7548=ORIENTED_EDGE('',*,*,#5840,.F.);
#7549=ORIENTED_EDGE('',*,*,#5837,.T.);
#7550=ORIENTED_EDGE('',*,*,#5840,.T.);
#7551=ORIENTED_EDGE('',*,*,#5815,.T.);
#7552=ORIENTED_EDGE('',*,*,#5822,.T.);
#7553=ORIENTED_EDGE('',*,*,#5841,.F.);
#7554=ORIENTED_EDGE('',*,*,#5842,.T.);
#7555=ORIENTED_EDGE('',*,*,#5831,.F.);
#7556=ORIENTED_EDGE('',*,*,#5843,.T.);
#7557=ORIENTED_EDGE('',*,*,#5841,.T.);
#7558=ORIENTED_EDGE('',*,*,#5828,.T.);
#7559=ORIENTED_EDGE('',*,*,#5844,.T.);
#7560=ORIENTED_EDGE('',*,*,#5845,.T.);
#7561=ORIENTED_EDGE('',*,*,#5844,.F.);
#7562=ORIENTED_EDGE('',*,*,#5827,.T.);
#7563=ORIENTED_EDGE('',*,*,#5845,.F.);
#7564=ORIENTED_EDGE('',*,*,#5846,.T.);
#7565=ORIENTED_EDGE('',*,*,#5847,.T.);
#7566=ORIENTED_EDGE('',*,*,#5848,.T.);
#7567=ORIENTED_EDGE('',*,*,#5847,.F.);
#7568=ORIENTED_EDGE('',*,*,#5838,.T.);
#7569=ORIENTED_EDGE('',*,*,#5842,.F.);
#7570=ORIENTED_EDGE('',*,*,#5843,.F.);
#7571=ORIENTED_EDGE('',*,*,#5826,.T.);
#7572=ORIENTED_EDGE('',*,*,#5849,.T.);
#7573=ORIENTED_EDGE('',*,*,#5833,.F.);
#7574=ORIENTED_EDGE('',*,*,#5849,.F.);
#7575=ORIENTED_EDGE('',*,*,#5825,.T.);
#7576=ORIENTED_EDGE('',*,*,#5850,.F.);
#7577=ORIENTED_EDGE('',*,*,#5834,.T.);
#7578=ORIENTED_EDGE('',*,*,#5850,.T.);
#7579=ORIENTED_EDGE('',*,*,#5824,.T.);
#7580=ORIENTED_EDGE('',*,*,#5835,.T.);
#7581=ORIENTED_EDGE('',*,*,#5821,.F.);
#7582=ORIENTED_EDGE('',*,*,#5848,.F.);
#7583=ORIENTED_EDGE('',*,*,#5819,.F.);
#7584=ORIENTED_EDGE('',*,*,#5846,.F.);
#7585=ORIENTED_EDGE('',*,*,#5851,.T.);
#7586=ORIENTED_EDGE('',*,*,#5852,.T.);
#7587=ORIENTED_EDGE('',*,*,#5853,.T.);
#7588=ORIENTED_EDGE('',*,*,#5852,.F.);
#7589=ORIENTED_EDGE('',*,*,#5851,.F.);
#7590=ORIENTED_EDGE('',*,*,#5854,.F.);
#7591=ORIENTED_EDGE('',*,*,#5855,.T.);
#7592=ORIENTED_EDGE('',*,*,#5856,.T.);
#7593=ORIENTED_EDGE('',*,*,#5857,.F.);
#7594=ORIENTED_EDGE('',*,*,#5858,.F.);
#7595=ORIENTED_EDGE('',*,*,#5859,.T.);
#7596=ORIENTED_EDGE('',*,*,#5860,.T.);
#7597=ORIENTED_EDGE('',*,*,#5855,.F.);
#7598=ORIENTED_EDGE('',*,*,#5861,.F.);
#7599=ORIENTED_EDGE('',*,*,#5862,.T.);
#7600=ORIENTED_EDGE('',*,*,#5863,.T.);
#7601=ORIENTED_EDGE('',*,*,#5859,.F.);
#7602=ORIENTED_EDGE('',*,*,#5864,.F.);
#7603=ORIENTED_EDGE('',*,*,#5865,.T.);
#7604=ORIENTED_EDGE('',*,*,#5866,.T.);
#7605=ORIENTED_EDGE('',*,*,#5862,.F.);
#7606=ORIENTED_EDGE('',*,*,#5867,.F.);
#7607=ORIENTED_EDGE('',*,*,#5868,.T.);
#7608=ORIENTED_EDGE('',*,*,#5869,.T.);
#7609=ORIENTED_EDGE('',*,*,#5865,.F.);
#7610=ORIENTED_EDGE('',*,*,#5870,.F.);
#7611=ORIENTED_EDGE('',*,*,#5857,.T.);
#7612=ORIENTED_EDGE('',*,*,#5871,.T.);
#7613=ORIENTED_EDGE('',*,*,#5868,.F.);
#7614=ORIENTED_EDGE('',*,*,#5871,.F.);
#7615=ORIENTED_EDGE('',*,*,#5856,.F.);
#7616=ORIENTED_EDGE('',*,*,#5860,.F.);
#7617=ORIENTED_EDGE('',*,*,#5863,.F.);
#7618=ORIENTED_EDGE('',*,*,#5866,.F.);
#7619=ORIENTED_EDGE('',*,*,#5869,.F.);
#7620=ORIENTED_EDGE('',*,*,#5870,.T.);
#7621=ORIENTED_EDGE('',*,*,#5867,.T.);
#7622=ORIENTED_EDGE('',*,*,#5864,.T.);
#7623=ORIENTED_EDGE('',*,*,#5861,.T.);
#7624=ORIENTED_EDGE('',*,*,#5858,.T.);
#7625=ORIENTED_EDGE('',*,*,#5854,.T.);
#7626=ORIENTED_EDGE('',*,*,#5853,.F.);
#7627=ORIENTED_EDGE('',*,*,#5872,.F.);
#7628=ORIENTED_EDGE('',*,*,#5873,.T.);
#7629=ORIENTED_EDGE('',*,*,#5874,.T.);
#7630=ORIENTED_EDGE('',*,*,#5873,.F.);
#7631=ORIENTED_EDGE('',*,*,#5875,.F.);
#7632=ORIENTED_EDGE('',*,*,#5876,.T.);
#7633=ORIENTED_EDGE('',*,*,#5877,.T.);
#7634=ORIENTED_EDGE('',*,*,#5876,.F.);
#7635=ORIENTED_EDGE('',*,*,#5875,.T.);
#7636=ORIENTED_EDGE('',*,*,#5872,.T.);
#7637=ORIENTED_EDGE('',*,*,#5877,.F.);
#7638=ORIENTED_EDGE('',*,*,#5878,.F.);
#7639=ORIENTED_EDGE('',*,*,#5874,.F.);
#7640=ORIENTED_EDGE('',*,*,#5878,.T.);
#7641=ORIENTED_EDGE('',*,*,#5879,.T.);
#7642=ORIENTED_EDGE('',*,*,#5880,.F.);
#7643=ORIENTED_EDGE('',*,*,#5879,.F.);
#7644=ORIENTED_EDGE('',*,*,#5881,.F.);
#7645=ORIENTED_EDGE('',*,*,#5882,.T.);
#7646=ORIENTED_EDGE('',*,*,#5883,.T.);
#7647=ORIENTED_EDGE('',*,*,#5882,.F.);
#7648=ORIENTED_EDGE('',*,*,#5884,.F.);
#7649=ORIENTED_EDGE('',*,*,#5883,.F.);
#7650=ORIENTED_EDGE('',*,*,#5885,.F.);
#7651=ORIENTED_EDGE('',*,*,#5886,.T.);
#7652=ORIENTED_EDGE('',*,*,#5884,.T.);
#7653=ORIENTED_EDGE('',*,*,#5886,.F.);
#7654=ORIENTED_EDGE('',*,*,#5885,.T.);
#7655=ORIENTED_EDGE('',*,*,#5880,.T.);
#7656=ORIENTED_EDGE('',*,*,#5881,.T.);
#7657=ORIENTED_EDGE('',*,*,#5887,.F.);
#7658=ORIENTED_EDGE('',*,*,#5888,.F.);
#7659=ORIENTED_EDGE('',*,*,#5889,.F.);
#7660=ORIENTED_EDGE('',*,*,#5890,.F.);
#7661=ORIENTED_EDGE('',*,*,#5891,.F.);
#7662=ORIENTED_EDGE('',*,*,#5892,.F.);
#7663=ORIENTED_EDGE('',*,*,#5893,.F.);
#7664=ORIENTED_EDGE('',*,*,#5894,.F.);
#7665=ORIENTED_EDGE('',*,*,#5894,.T.);
#7666=ORIENTED_EDGE('',*,*,#5895,.F.);
#7667=ORIENTED_EDGE('',*,*,#5896,.F.);
#7668=ORIENTED_EDGE('',*,*,#5897,.F.);
#7669=ORIENTED_EDGE('',*,*,#5893,.T.);
#7670=ORIENTED_EDGE('',*,*,#5898,.T.);
#7671=ORIENTED_EDGE('',*,*,#5899,.T.);
#7672=ORIENTED_EDGE('',*,*,#5900,.T.);
#7673=ORIENTED_EDGE('',*,*,#5889,.T.);
#7674=ORIENTED_EDGE('',*,*,#5901,.T.);
#7675=ORIENTED_EDGE('',*,*,#5902,.T.);
#7676=ORIENTED_EDGE('',*,*,#5895,.T.);
#7677=ORIENTED_EDGE('',*,*,#5903,.T.);
#7678=ORIENTED_EDGE('',*,*,#5904,.T.);
#7679=ORIENTED_EDGE('',*,*,#5905,.F.);
#7680=ORIENTED_EDGE('',*,*,#5899,.F.);
#7681=ORIENTED_EDGE('',*,*,#5906,.F.);
#7682=ORIENTED_EDGE('',*,*,#5907,.F.);
#7683=ORIENTED_EDGE('',*,*,#5908,.F.);
#7684=ORIENTED_EDGE('',*,*,#5909,.T.);
#7685=ORIENTED_EDGE('',*,*,#5906,.T.);
#7686=ORIENTED_EDGE('',*,*,#5898,.F.);
#7687=ORIENTED_EDGE('',*,*,#5892,.T.);
#7688=ORIENTED_EDGE('',*,*,#5910,.F.);
#7689=ORIENTED_EDGE('',*,*,#5905,.T.);
#7690=ORIENTED_EDGE('',*,*,#5911,.F.);
#7691=ORIENTED_EDGE('',*,*,#5890,.T.);
#7692=ORIENTED_EDGE('',*,*,#5900,.F.);
#7693=ORIENTED_EDGE('',*,*,#5907,.T.);
#7694=ORIENTED_EDGE('',*,*,#5909,.F.);
#7695=ORIENTED_EDGE('',*,*,#5908,.T.);
#7696=ORIENTED_EDGE('',*,*,#5903,.F.);
#7697=ORIENTED_EDGE('',*,*,#5912,.T.);
#7698=ORIENTED_EDGE('',*,*,#5913,.T.);
#7699=ORIENTED_EDGE('',*,*,#5912,.F.);
#7700=ORIENTED_EDGE('',*,*,#5914,.T.);
#7701=ORIENTED_EDGE('',*,*,#5896,.T.);
#7702=ORIENTED_EDGE('',*,*,#5902,.F.);
#7703=ORIENTED_EDGE('',*,*,#5915,.F.);
#7704=ORIENTED_EDGE('',*,*,#5888,.T.);
#7705=ORIENTED_EDGE('',*,*,#5916,.T.);
#7706=ORIENTED_EDGE('',*,*,#5915,.T.);
#7707=ORIENTED_EDGE('',*,*,#5901,.F.);
#7708=ORIENTED_EDGE('',*,*,#5891,.T.);
#7709=ORIENTED_EDGE('',*,*,#5897,.T.);
#7710=ORIENTED_EDGE('',*,*,#5914,.F.);
#7711=ORIENTED_EDGE('',*,*,#5916,.F.);
#7712=ORIENTED_EDGE('',*,*,#5887,.T.);
#7713=ORIENTED_EDGE('',*,*,#5911,.T.);
#7714=ORIENTED_EDGE('',*,*,#5904,.F.);
#7715=ORIENTED_EDGE('',*,*,#5910,.T.);
#7716=ORIENTED_EDGE('',*,*,#5913,.F.);
#7717=ORIENTED_EDGE('',*,*,#5917,.T.);
#7718=ORIENTED_EDGE('',*,*,#5918,.T.);
#7719=ORIENTED_EDGE('',*,*,#5919,.T.);
#7720=ORIENTED_EDGE('',*,*,#5920,.T.);
#7721=ORIENTED_EDGE('',*,*,#5921,.T.);
#7722=ORIENTED_EDGE('',*,*,#5922,.T.);
#7723=ORIENTED_EDGE('',*,*,#5923,.T.);
#7724=ORIENTED_EDGE('',*,*,#5924,.T.);
#7725=ORIENTED_EDGE('',*,*,#5922,.F.);
#7726=ORIENTED_EDGE('',*,*,#5925,.T.);
#7727=ORIENTED_EDGE('',*,*,#5926,.T.);
#7728=ORIENTED_EDGE('',*,*,#5927,.T.);
#7729=ORIENTED_EDGE('',*,*,#5923,.F.);
#7730=ORIENTED_EDGE('',*,*,#5927,.F.);
#7731=ORIENTED_EDGE('',*,*,#5928,.F.);
#7732=ORIENTED_EDGE('',*,*,#5929,.F.);
#7733=ORIENTED_EDGE('',*,*,#5919,.F.);
#7734=ORIENTED_EDGE('',*,*,#5930,.F.);
#7735=ORIENTED_EDGE('',*,*,#5931,.F.);
#7736=ORIENTED_EDGE('',*,*,#5932,.F.);
#7737=ORIENTED_EDGE('',*,*,#5933,.F.);
#7738=ORIENTED_EDGE('',*,*,#5934,.F.);
#7739=ORIENTED_EDGE('',*,*,#5935,.T.);
#7740=ORIENTED_EDGE('',*,*,#5931,.T.);
#7741=ORIENTED_EDGE('',*,*,#5936,.T.);
#7742=ORIENTED_EDGE('',*,*,#5937,.T.);
#7743=ORIENTED_EDGE('',*,*,#5938,.T.);
#7744=ORIENTED_EDGE('',*,*,#5939,.T.);
#7745=ORIENTED_EDGE('',*,*,#5936,.F.);
#7746=ORIENTED_EDGE('',*,*,#5930,.T.);
#7747=ORIENTED_EDGE('',*,*,#5918,.F.);
#7748=ORIENTED_EDGE('',*,*,#5940,.T.);
#7749=ORIENTED_EDGE('',*,*,#5935,.F.);
#7750=ORIENTED_EDGE('',*,*,#5941,.T.);
#7751=ORIENTED_EDGE('',*,*,#5924,.F.);
#7752=ORIENTED_EDGE('',*,*,#5932,.T.);
#7753=ORIENTED_EDGE('',*,*,#5937,.F.);
#7754=ORIENTED_EDGE('',*,*,#5939,.F.);
#7755=ORIENTED_EDGE('',*,*,#5938,.F.);
#7756=ORIENTED_EDGE('',*,*,#5933,.T.);
#7757=ORIENTED_EDGE('',*,*,#5942,.T.);
#7758=ORIENTED_EDGE('',*,*,#5943,.F.);
#7759=ORIENTED_EDGE('',*,*,#5942,.F.);
#7760=ORIENTED_EDGE('',*,*,#5944,.F.);
#7761=ORIENTED_EDGE('',*,*,#5945,.T.);
#7762=ORIENTED_EDGE('',*,*,#5928,.T.);
#7763=ORIENTED_EDGE('',*,*,#5926,.F.);
#7764=ORIENTED_EDGE('',*,*,#5920,.F.);
#7765=ORIENTED_EDGE('',*,*,#5929,.T.);
#7766=ORIENTED_EDGE('',*,*,#5945,.F.);
#7767=ORIENTED_EDGE('',*,*,#5946,.F.);
#7768=ORIENTED_EDGE('',*,*,#5921,.F.);
#7769=ORIENTED_EDGE('',*,*,#5941,.F.);
#7770=ORIENTED_EDGE('',*,*,#5934,.T.);
#7771=ORIENTED_EDGE('',*,*,#5940,.F.);
#7772=ORIENTED_EDGE('',*,*,#5917,.F.);
#7773=ORIENTED_EDGE('',*,*,#5946,.T.);
#7774=ORIENTED_EDGE('',*,*,#5944,.T.);
#7775=ORIENTED_EDGE('',*,*,#5925,.F.);
#7776=ORIENTED_EDGE('',*,*,#5943,.T.);
#7777=ORIENTED_EDGE('',*,*,#5947,.T.);
#7778=ORIENTED_EDGE('',*,*,#5948,.T.);
#7779=ORIENTED_EDGE('',*,*,#5949,.F.);
#7780=ORIENTED_EDGE('',*,*,#5948,.F.);
#7781=ORIENTED_EDGE('',*,*,#5950,.T.);
#7782=ORIENTED_EDGE('',*,*,#5951,.T.);
#7783=ORIENTED_EDGE('',*,*,#5952,.F.);
#7784=ORIENTED_EDGE('',*,*,#5951,.F.);
#7785=ORIENTED_EDGE('',*,*,#5950,.F.);
#7786=ORIENTED_EDGE('',*,*,#5947,.F.);
#7787=ORIENTED_EDGE('',*,*,#5952,.T.);
#7788=ORIENTED_EDGE('',*,*,#5953,.T.);
#7789=ORIENTED_EDGE('',*,*,#5949,.T.);
#7790=ORIENTED_EDGE('',*,*,#5953,.F.);
#7791=ORIENTED_EDGE('',*,*,#5954,.T.);
#7792=ORIENTED_EDGE('',*,*,#5955,.T.);
#7793=ORIENTED_EDGE('',*,*,#5954,.F.);
#7794=ORIENTED_EDGE('',*,*,#5956,.T.);
#7795=ORIENTED_EDGE('',*,*,#5957,.T.);
#7796=ORIENTED_EDGE('',*,*,#5958,.F.);
#7797=ORIENTED_EDGE('',*,*,#5957,.F.);
#7798=ORIENTED_EDGE('',*,*,#5959,.T.);
#7799=ORIENTED_EDGE('',*,*,#5958,.T.);
#7800=ORIENTED_EDGE('',*,*,#5960,.T.);
#7801=ORIENTED_EDGE('',*,*,#5961,.T.);
#7802=ORIENTED_EDGE('',*,*,#5959,.F.);
#7803=ORIENTED_EDGE('',*,*,#5961,.F.);
#7804=ORIENTED_EDGE('',*,*,#5960,.F.);
#7805=ORIENTED_EDGE('',*,*,#5955,.F.);
#7806=ORIENTED_EDGE('',*,*,#5956,.F.);
#7807=ORIENTED_EDGE('',*,*,#5962,.F.);
#7808=ORIENTED_EDGE('',*,*,#5963,.F.);
#7809=ORIENTED_EDGE('',*,*,#5964,.F.);
#7810=ORIENTED_EDGE('',*,*,#5965,.F.);
#7811=ORIENTED_EDGE('',*,*,#5966,.T.);
#7812=ORIENTED_EDGE('',*,*,#5967,.T.);
#7813=ORIENTED_EDGE('',*,*,#5968,.T.);
#7814=ORIENTED_EDGE('',*,*,#5969,.F.);
#7815=ORIENTED_EDGE('',*,*,#5970,.F.);
#7816=ORIENTED_EDGE('',*,*,#5971,.T.);
#7817=ORIENTED_EDGE('',*,*,#5968,.F.);
#7818=ORIENTED_EDGE('',*,*,#5971,.F.);
#7819=ORIENTED_EDGE('',*,*,#5972,.F.);
#7820=ORIENTED_EDGE('',*,*,#5973,.F.);
#7821=ORIENTED_EDGE('',*,*,#5974,.T.);
#7822=ORIENTED_EDGE('',*,*,#5975,.T.);
#7823=ORIENTED_EDGE('',*,*,#5976,.T.);
#7824=ORIENTED_EDGE('',*,*,#5969,.T.);
#7825=ORIENTED_EDGE('',*,*,#5972,.T.);
#7826=ORIENTED_EDGE('',*,*,#5970,.T.);
#7827=ORIENTED_EDGE('',*,*,#5973,.T.);
#7828=ORIENTED_EDGE('',*,*,#5977,.T.);
#7829=ORIENTED_EDGE('',*,*,#5964,.T.);
#7830=ORIENTED_EDGE('',*,*,#5978,.T.);
#7831=ORIENTED_EDGE('',*,*,#5979,.T.);
#7832=ORIENTED_EDGE('',*,*,#5978,.F.);
#7833=ORIENTED_EDGE('',*,*,#5967,.F.);
#7834=ORIENTED_EDGE('',*,*,#5980,.T.);
#7835=ORIENTED_EDGE('',*,*,#5974,.F.);
#7836=ORIENTED_EDGE('',*,*,#5977,.F.);
#7837=ORIENTED_EDGE('',*,*,#5976,.F.);
#7838=ORIENTED_EDGE('',*,*,#5981,.F.);
#7839=ORIENTED_EDGE('',*,*,#5965,.T.);
#7840=ORIENTED_EDGE('',*,*,#5963,.T.);
#7841=ORIENTED_EDGE('',*,*,#5982,.T.);
#7842=ORIENTED_EDGE('',*,*,#5979,.F.);
#7843=ORIENTED_EDGE('',*,*,#5982,.F.);
#7844=ORIENTED_EDGE('',*,*,#5962,.T.);
#7845=ORIENTED_EDGE('',*,*,#5983,.T.);
#7846=ORIENTED_EDGE('',*,*,#5981,.T.);
#7847=ORIENTED_EDGE('',*,*,#5975,.F.);
#7848=ORIENTED_EDGE('',*,*,#5980,.F.);
#7849=ORIENTED_EDGE('',*,*,#5966,.F.);
#7850=ORIENTED_EDGE('',*,*,#5983,.F.);
#7851=ORIENTED_EDGE('',*,*,#5984,.T.);
#7852=ORIENTED_EDGE('',*,*,#5985,.T.);
#7853=ORIENTED_EDGE('',*,*,#5986,.T.);
#7854=ORIENTED_EDGE('',*,*,#5987,.T.);
#7855=ORIENTED_EDGE('',*,*,#5988,.T.);
#7856=ORIENTED_EDGE('',*,*,#5989,.T.);
#7857=ORIENTED_EDGE('',*,*,#5990,.T.);
#7858=ORIENTED_EDGE('',*,*,#5991,.T.);
#7859=ORIENTED_EDGE('',*,*,#5992,.T.);
#7860=ORIENTED_EDGE('',*,*,#5993,.T.);
#7861=ORIENTED_EDGE('',*,*,#5994,.T.);
#7862=ORIENTED_EDGE('',*,*,#5995,.T.);
#7863=ORIENTED_EDGE('',*,*,#5996,.T.);
#7864=ORIENTED_EDGE('',*,*,#5997,.T.);
#7865=ORIENTED_EDGE('',*,*,#5998,.T.);
#7866=ORIENTED_EDGE('',*,*,#5999,.T.);
#7867=ORIENTED_EDGE('',*,*,#6000,.F.);
#7868=ORIENTED_EDGE('',*,*,#5991,.F.);
#7869=ORIENTED_EDGE('',*,*,#6001,.F.);
#7870=ORIENTED_EDGE('',*,*,#5997,.F.);
#7871=ORIENTED_EDGE('',*,*,#6001,.T.);
#7872=ORIENTED_EDGE('',*,*,#5990,.F.);
#7873=ORIENTED_EDGE('',*,*,#6002,.F.);
#7874=ORIENTED_EDGE('',*,*,#5998,.F.);
#7875=ORIENTED_EDGE('',*,*,#6002,.T.);
#7876=ORIENTED_EDGE('',*,*,#5989,.F.);
#7877=ORIENTED_EDGE('',*,*,#6003,.F.);
#7878=ORIENTED_EDGE('',*,*,#5999,.F.);
#7879=ORIENTED_EDGE('',*,*,#6003,.T.);
#7880=ORIENTED_EDGE('',*,*,#5988,.F.);
#7881=ORIENTED_EDGE('',*,*,#6000,.T.);
#7882=ORIENTED_EDGE('',*,*,#5996,.F.);
#7883=ORIENTED_EDGE('',*,*,#6004,.F.);
#7884=ORIENTED_EDGE('',*,*,#5987,.F.);
#7885=ORIENTED_EDGE('',*,*,#6005,.F.);
#7886=ORIENTED_EDGE('',*,*,#5993,.F.);
#7887=ORIENTED_EDGE('',*,*,#6005,.T.);
#7888=ORIENTED_EDGE('',*,*,#5986,.F.);
#7889=ORIENTED_EDGE('',*,*,#6006,.F.);
#7890=ORIENTED_EDGE('',*,*,#5994,.F.);
#7891=ORIENTED_EDGE('',*,*,#6006,.T.);
#7892=ORIENTED_EDGE('',*,*,#5985,.F.);
#7893=ORIENTED_EDGE('',*,*,#6007,.F.);
#7894=ORIENTED_EDGE('',*,*,#5995,.F.);
#7895=ORIENTED_EDGE('',*,*,#6007,.T.);
#7896=ORIENTED_EDGE('',*,*,#5984,.F.);
#7897=ORIENTED_EDGE('',*,*,#6004,.T.);
#7898=ORIENTED_EDGE('',*,*,#5992,.F.);
#7899=ORIENTED_EDGE('',*,*,#6008,.T.);
#7900=ORIENTED_EDGE('',*,*,#6009,.T.);
#7901=ORIENTED_EDGE('',*,*,#6010,.T.);
#7902=ORIENTED_EDGE('',*,*,#6011,.T.);
#7903=ORIENTED_EDGE('',*,*,#6012,.T.);
#7904=ORIENTED_EDGE('',*,*,#6013,.T.);
#7905=ORIENTED_EDGE('',*,*,#6014,.T.);
#7906=ORIENTED_EDGE('',*,*,#6015,.T.);
#7907=ORIENTED_EDGE('',*,*,#6016,.T.);
#7908=ORIENTED_EDGE('',*,*,#6017,.T.);
#7909=ORIENTED_EDGE('',*,*,#6018,.T.);
#7910=ORIENTED_EDGE('',*,*,#6019,.T.);
#7911=ORIENTED_EDGE('',*,*,#6020,.T.);
#7912=ORIENTED_EDGE('',*,*,#6021,.T.);
#7913=ORIENTED_EDGE('',*,*,#6022,.T.);
#7914=ORIENTED_EDGE('',*,*,#6023,.T.);
#7915=ORIENTED_EDGE('',*,*,#6024,.F.);
#7916=ORIENTED_EDGE('',*,*,#6023,.F.);
#7917=ORIENTED_EDGE('',*,*,#6025,.F.);
#7918=ORIENTED_EDGE('',*,*,#6013,.F.);
#7919=ORIENTED_EDGE('',*,*,#6025,.T.);
#7920=ORIENTED_EDGE('',*,*,#6022,.F.);
#7921=ORIENTED_EDGE('',*,*,#6026,.F.);
#7922=ORIENTED_EDGE('',*,*,#6014,.F.);
#7923=ORIENTED_EDGE('',*,*,#6026,.T.);
#7924=ORIENTED_EDGE('',*,*,#6021,.F.);
#7925=ORIENTED_EDGE('',*,*,#6027,.F.);
#7926=ORIENTED_EDGE('',*,*,#6015,.F.);
#7927=ORIENTED_EDGE('',*,*,#6027,.T.);
#7928=ORIENTED_EDGE('',*,*,#6020,.F.);
#7929=ORIENTED_EDGE('',*,*,#6024,.T.);
#7930=ORIENTED_EDGE('',*,*,#6012,.F.);
#7931=ORIENTED_EDGE('',*,*,#6028,.F.);
#7932=ORIENTED_EDGE('',*,*,#6019,.F.);
#7933=ORIENTED_EDGE('',*,*,#6029,.F.);
#7934=ORIENTED_EDGE('',*,*,#6009,.F.);
#7935=ORIENTED_EDGE('',*,*,#6029,.T.);
#7936=ORIENTED_EDGE('',*,*,#6018,.F.);
#7937=ORIENTED_EDGE('',*,*,#6030,.F.);
#7938=ORIENTED_EDGE('',*,*,#6010,.F.);
#7939=ORIENTED_EDGE('',*,*,#6030,.T.);
#7940=ORIENTED_EDGE('',*,*,#6017,.F.);
#7941=ORIENTED_EDGE('',*,*,#6031,.F.);
#7942=ORIENTED_EDGE('',*,*,#6011,.F.);
#7943=ORIENTED_EDGE('',*,*,#6031,.T.);
#7944=ORIENTED_EDGE('',*,*,#6016,.F.);
#7945=ORIENTED_EDGE('',*,*,#6028,.T.);
#7946=ORIENTED_EDGE('',*,*,#6008,.F.);
#7947=ORIENTED_EDGE('',*,*,#6032,.T.);
#7948=ORIENTED_EDGE('',*,*,#6033,.T.);
#7949=ORIENTED_EDGE('',*,*,#6034,.T.);
#7950=ORIENTED_EDGE('',*,*,#6035,.T.);
#7951=ORIENTED_EDGE('',*,*,#6036,.T.);
#7952=ORIENTED_EDGE('',*,*,#6037,.T.);
#7953=ORIENTED_EDGE('',*,*,#6038,.T.);
#7954=ORIENTED_EDGE('',*,*,#6039,.T.);
#7955=ORIENTED_EDGE('',*,*,#6040,.T.);
#7956=ORIENTED_EDGE('',*,*,#6041,.T.);
#7957=ORIENTED_EDGE('',*,*,#6042,.T.);
#7958=ORIENTED_EDGE('',*,*,#6043,.T.);
#7959=ORIENTED_EDGE('',*,*,#6044,.T.);
#7960=ORIENTED_EDGE('',*,*,#6045,.T.);
#7961=ORIENTED_EDGE('',*,*,#6046,.T.);
#7962=ORIENTED_EDGE('',*,*,#6047,.T.);
#7963=ORIENTED_EDGE('',*,*,#6048,.F.);
#7964=ORIENTED_EDGE('',*,*,#6047,.F.);
#7965=ORIENTED_EDGE('',*,*,#6049,.F.);
#7966=ORIENTED_EDGE('',*,*,#6037,.F.);
#7967=ORIENTED_EDGE('',*,*,#6049,.T.);
#7968=ORIENTED_EDGE('',*,*,#6046,.F.);
#7969=ORIENTED_EDGE('',*,*,#6050,.F.);
#7970=ORIENTED_EDGE('',*,*,#6038,.F.);
#7971=ORIENTED_EDGE('',*,*,#6050,.T.);
#7972=ORIENTED_EDGE('',*,*,#6045,.F.);
#7973=ORIENTED_EDGE('',*,*,#6051,.F.);
#7974=ORIENTED_EDGE('',*,*,#6039,.F.);
#7975=ORIENTED_EDGE('',*,*,#6051,.T.);
#7976=ORIENTED_EDGE('',*,*,#6044,.F.);
#7977=ORIENTED_EDGE('',*,*,#6048,.T.);
#7978=ORIENTED_EDGE('',*,*,#6036,.F.);
#7979=ORIENTED_EDGE('',*,*,#6052,.F.);
#7980=ORIENTED_EDGE('',*,*,#6043,.F.);
#7981=ORIENTED_EDGE('',*,*,#6053,.F.);
#7982=ORIENTED_EDGE('',*,*,#6033,.F.);
#7983=ORIENTED_EDGE('',*,*,#6053,.T.);
#7984=ORIENTED_EDGE('',*,*,#6042,.F.);
#7985=ORIENTED_EDGE('',*,*,#6054,.F.);
#7986=ORIENTED_EDGE('',*,*,#6034,.F.);
#7987=ORIENTED_EDGE('',*,*,#6054,.T.);
#7988=ORIENTED_EDGE('',*,*,#6041,.F.);
#7989=ORIENTED_EDGE('',*,*,#6055,.F.);
#7990=ORIENTED_EDGE('',*,*,#6035,.F.);
#7991=ORIENTED_EDGE('',*,*,#6055,.T.);
#7992=ORIENTED_EDGE('',*,*,#6040,.F.);
#7993=ORIENTED_EDGE('',*,*,#6052,.T.);
#7994=ORIENTED_EDGE('',*,*,#6032,.F.);
#7995=ORIENTED_EDGE('',*,*,#6056,.F.);
#7996=ORIENTED_EDGE('',*,*,#6057,.F.);
#7997=ORIENTED_EDGE('',*,*,#6058,.T.);
#7998=ORIENTED_EDGE('',*,*,#6059,.T.);
#7999=ORIENTED_EDGE('',*,*,#6056,.T.);
#8000=ORIENTED_EDGE('',*,*,#6059,.F.);
#8001=ORIENTED_EDGE('',*,*,#6058,.F.);
#8002=ORIENTED_EDGE('',*,*,#6060,.T.);
#8003=ORIENTED_EDGE('',*,*,#6060,.F.);
#8004=ORIENTED_EDGE('',*,*,#6061,.T.);
#8005=ORIENTED_EDGE('',*,*,#6057,.T.);
#8006=ORIENTED_EDGE('',*,*,#6061,.F.);
#8007=ORIENTED_EDGE('',*,*,#6062,.T.);
#8008=ORIENTED_EDGE('',*,*,#6063,.T.);
#8009=ORIENTED_EDGE('',*,*,#6064,.F.);
#8010=ORIENTED_EDGE('',*,*,#6065,.T.);
#8011=ORIENTED_EDGE('',*,*,#6062,.F.);
#8012=ORIENTED_EDGE('',*,*,#6065,.F.);
#8013=ORIENTED_EDGE('',*,*,#6064,.T.);
#8014=ORIENTED_EDGE('',*,*,#6066,.F.);
#8015=ORIENTED_EDGE('',*,*,#6066,.T.);
#8016=ORIENTED_EDGE('',*,*,#6067,.T.);
#8017=ORIENTED_EDGE('',*,*,#6063,.F.);
#8018=ORIENTED_EDGE('',*,*,#6067,.F.);
#8019=ORIENTED_EDGE('',*,*,#6068,.T.);
#8020=ORIENTED_EDGE('',*,*,#6069,.T.);
#8021=ORIENTED_EDGE('',*,*,#6070,.T.);
#8022=ORIENTED_EDGE('',*,*,#6071,.T.);
#8023=ORIENTED_EDGE('',*,*,#6069,.F.);
#8024=ORIENTED_EDGE('',*,*,#6071,.F.);
#8025=ORIENTED_EDGE('',*,*,#6072,.T.);
#8026=ORIENTED_EDGE('',*,*,#6073,.F.);
#8027=ORIENTED_EDGE('',*,*,#6072,.F.);
#8028=ORIENTED_EDGE('',*,*,#6070,.F.);
#8029=ORIENTED_EDGE('',*,*,#6068,.F.);
#8030=ORIENTED_EDGE('',*,*,#6074,.F.);
#8031=ORIENTED_EDGE('',*,*,#6075,.F.);
#8032=ORIENTED_EDGE('',*,*,#6076,.F.);
#8033=ORIENTED_EDGE('',*,*,#6077,.F.);
#8034=ORIENTED_EDGE('',*,*,#6078,.F.);
#8035=ORIENTED_EDGE('',*,*,#6079,.F.);
#8036=ORIENTED_EDGE('',*,*,#6080,.F.);
#8037=ORIENTED_EDGE('',*,*,#6081,.F.);
#8038=ORIENTED_EDGE('',*,*,#6082,.F.);
#8039=ORIENTED_EDGE('',*,*,#6083,.F.);
#8040=ORIENTED_EDGE('',*,*,#6084,.F.);
#8041=ORIENTED_EDGE('',*,*,#6085,.F.);
#8042=ORIENTED_EDGE('',*,*,#6086,.F.);
#8043=ORIENTED_EDGE('',*,*,#6087,.F.);
#8044=ORIENTED_EDGE('',*,*,#6088,.F.);
#8045=ORIENTED_EDGE('',*,*,#6089,.F.);
#8046=ORIENTED_EDGE('',*,*,#6090,.F.);
#8047=ORIENTED_EDGE('',*,*,#6091,.F.);
#8048=ORIENTED_EDGE('',*,*,#6092,.F.);
#8049=ORIENTED_EDGE('',*,*,#6093,.F.);
#8050=ORIENTED_EDGE('',*,*,#6094,.F.);
#8051=ORIENTED_EDGE('',*,*,#6095,.F.);
#8052=ORIENTED_EDGE('',*,*,#6096,.F.);
#8053=ORIENTED_EDGE('',*,*,#6097,.F.);
#8054=ORIENTED_EDGE('',*,*,#6098,.F.);
#8055=ORIENTED_EDGE('',*,*,#6099,.F.);
#8056=ORIENTED_EDGE('',*,*,#6100,.F.);
#8057=ORIENTED_EDGE('',*,*,#6101,.F.);
#8058=ORIENTED_EDGE('',*,*,#6102,.F.);
#8059=ORIENTED_EDGE('',*,*,#6103,.F.);
#8060=ORIENTED_EDGE('',*,*,#6104,.F.);
#8061=ORIENTED_EDGE('',*,*,#6105,.F.);
#8062=ORIENTED_EDGE('',*,*,#6106,.F.);
#8063=ORIENTED_EDGE('',*,*,#6107,.F.);
#8064=ORIENTED_EDGE('',*,*,#6108,.F.);
#8065=ORIENTED_EDGE('',*,*,#6109,.F.);
#8066=ORIENTED_EDGE('',*,*,#6110,.F.);
#8067=ORIENTED_EDGE('',*,*,#6111,.F.);
#8068=ORIENTED_EDGE('',*,*,#6112,.F.);
#8069=ORIENTED_EDGE('',*,*,#6113,.F.);
#8070=ORIENTED_EDGE('',*,*,#6114,.F.);
#8071=ORIENTED_EDGE('',*,*,#6115,.F.);
#8072=ORIENTED_EDGE('',*,*,#6116,.F.);
#8073=ORIENTED_EDGE('',*,*,#6117,.F.);
#8074=ORIENTED_EDGE('',*,*,#6118,.F.);
#8075=ORIENTED_EDGE('',*,*,#6119,.F.);
#8076=ORIENTED_EDGE('',*,*,#6120,.F.);
#8077=ORIENTED_EDGE('',*,*,#6121,.F.);
#8078=ORIENTED_EDGE('',*,*,#6122,.F.);
#8079=ORIENTED_EDGE('',*,*,#6123,.F.);
#8080=ORIENTED_EDGE('',*,*,#6124,.F.);
#8081=ORIENTED_EDGE('',*,*,#6125,.F.);
#8082=ORIENTED_EDGE('',*,*,#6126,.F.);
#8083=ORIENTED_EDGE('',*,*,#6127,.F.);
#8084=ORIENTED_EDGE('',*,*,#6128,.F.);
#8085=ORIENTED_EDGE('',*,*,#6129,.F.);
#8086=ORIENTED_EDGE('',*,*,#6130,.F.);
#8087=ORIENTED_EDGE('',*,*,#6131,.F.);
#8088=ORIENTED_EDGE('',*,*,#6132,.F.);
#8089=ORIENTED_EDGE('',*,*,#6133,.F.);
#8090=ORIENTED_EDGE('',*,*,#6134,.F.);
#8091=ORIENTED_EDGE('',*,*,#6135,.F.);
#8092=ORIENTED_EDGE('',*,*,#6136,.F.);
#8093=ORIENTED_EDGE('',*,*,#6137,.F.);
#8094=ORIENTED_EDGE('',*,*,#6138,.F.);
#8095=ORIENTED_EDGE('',*,*,#6139,.F.);
#8096=ORIENTED_EDGE('',*,*,#6140,.F.);
#8097=ORIENTED_EDGE('',*,*,#6141,.F.);
#8098=ORIENTED_EDGE('',*,*,#6142,.F.);
#8099=ORIENTED_EDGE('',*,*,#6143,.F.);
#8100=ORIENTED_EDGE('',*,*,#6144,.F.);
#8101=ORIENTED_EDGE('',*,*,#6145,.F.);
#8102=ORIENTED_EDGE('',*,*,#6146,.F.);
#8103=ORIENTED_EDGE('',*,*,#6147,.F.);
#8104=ORIENTED_EDGE('',*,*,#6148,.F.);
#8105=ORIENTED_EDGE('',*,*,#6149,.F.);
#8106=ORIENTED_EDGE('',*,*,#6150,.F.);
#8107=ORIENTED_EDGE('',*,*,#6151,.F.);
#8108=ORIENTED_EDGE('',*,*,#6152,.F.);
#8109=ORIENTED_EDGE('',*,*,#6153,.F.);
#8110=ORIENTED_EDGE('',*,*,#6154,.F.);
#8111=ORIENTED_EDGE('',*,*,#6155,.T.);
#8112=ORIENTED_EDGE('',*,*,#6156,.T.);
#8113=ORIENTED_EDGE('',*,*,#6073,.T.);
#8114=ORIENTED_EDGE('',*,*,#6156,.F.);
#8115=ORIENTED_EDGE('',*,*,#6155,.F.);
#8116=ORIENTED_EDGE('',*,*,#6157,.T.);
#8117=ORIENTED_EDGE('',*,*,#6158,.T.);
#8118=ORIENTED_EDGE('',*,*,#6159,.T.);
#8119=ORIENTED_EDGE('',*,*,#6160,.T.);
#8120=ORIENTED_EDGE('',*,*,#6161,.T.);
#8121=ORIENTED_EDGE('',*,*,#6162,.T.);
#8122=ORIENTED_EDGE('',*,*,#6163,.T.);
#8123=ORIENTED_EDGE('',*,*,#6164,.T.);
#8124=ORIENTED_EDGE('',*,*,#6165,.T.);
#8125=ORIENTED_EDGE('',*,*,#6166,.T.);
#8126=ORIENTED_EDGE('',*,*,#6167,.T.);
#8127=ORIENTED_EDGE('',*,*,#6168,.T.);
#8128=ORIENTED_EDGE('',*,*,#6169,.T.);
#8129=ORIENTED_EDGE('',*,*,#6170,.T.);
#8130=ORIENTED_EDGE('',*,*,#6171,.T.);
#8131=ORIENTED_EDGE('',*,*,#6172,.T.);
#8132=ORIENTED_EDGE('',*,*,#6173,.T.);
#8133=ORIENTED_EDGE('',*,*,#6174,.T.);
#8134=ORIENTED_EDGE('',*,*,#6175,.T.);
#8135=ORIENTED_EDGE('',*,*,#6176,.T.);
#8136=ORIENTED_EDGE('',*,*,#6177,.T.);
#8137=ORIENTED_EDGE('',*,*,#6178,.T.);
#8138=ORIENTED_EDGE('',*,*,#6179,.T.);
#8139=ORIENTED_EDGE('',*,*,#6180,.T.);
#8140=ORIENTED_EDGE('',*,*,#6181,.T.);
#8141=ORIENTED_EDGE('',*,*,#6182,.T.);
#8142=ORIENTED_EDGE('',*,*,#6183,.T.);
#8143=ORIENTED_EDGE('',*,*,#6184,.T.);
#8144=ORIENTED_EDGE('',*,*,#6185,.T.);
#8145=ORIENTED_EDGE('',*,*,#6186,.T.);
#8146=ORIENTED_EDGE('',*,*,#6187,.T.);
#8147=ORIENTED_EDGE('',*,*,#6188,.T.);
#8148=ORIENTED_EDGE('',*,*,#6189,.T.);
#8149=ORIENTED_EDGE('',*,*,#6190,.T.);
#8150=ORIENTED_EDGE('',*,*,#6191,.T.);
#8151=ORIENTED_EDGE('',*,*,#6192,.T.);
#8152=ORIENTED_EDGE('',*,*,#6193,.T.);
#8153=ORIENTED_EDGE('',*,*,#6194,.T.);
#8154=ORIENTED_EDGE('',*,*,#6195,.T.);
#8155=ORIENTED_EDGE('',*,*,#6196,.T.);
#8156=ORIENTED_EDGE('',*,*,#6197,.T.);
#8157=ORIENTED_EDGE('',*,*,#6198,.T.);
#8158=ORIENTED_EDGE('',*,*,#6199,.T.);
#8159=ORIENTED_EDGE('',*,*,#6200,.T.);
#8160=ORIENTED_EDGE('',*,*,#6201,.T.);
#8161=ORIENTED_EDGE('',*,*,#6202,.T.);
#8162=ORIENTED_EDGE('',*,*,#6203,.T.);
#8163=ORIENTED_EDGE('',*,*,#6204,.T.);
#8164=ORIENTED_EDGE('',*,*,#6205,.T.);
#8165=ORIENTED_EDGE('',*,*,#6206,.T.);
#8166=ORIENTED_EDGE('',*,*,#6207,.T.);
#8167=ORIENTED_EDGE('',*,*,#6208,.T.);
#8168=ORIENTED_EDGE('',*,*,#6209,.T.);
#8169=ORIENTED_EDGE('',*,*,#6210,.T.);
#8170=ORIENTED_EDGE('',*,*,#6211,.T.);
#8171=ORIENTED_EDGE('',*,*,#6212,.T.);
#8172=ORIENTED_EDGE('',*,*,#6213,.T.);
#8173=ORIENTED_EDGE('',*,*,#6214,.T.);
#8174=ORIENTED_EDGE('',*,*,#6215,.T.);
#8175=ORIENTED_EDGE('',*,*,#6216,.T.);
#8176=ORIENTED_EDGE('',*,*,#6217,.T.);
#8177=ORIENTED_EDGE('',*,*,#6218,.T.);
#8178=ORIENTED_EDGE('',*,*,#6219,.T.);
#8179=ORIENTED_EDGE('',*,*,#6220,.T.);
#8180=ORIENTED_EDGE('',*,*,#6221,.T.);
#8181=ORIENTED_EDGE('',*,*,#6222,.T.);
#8182=ORIENTED_EDGE('',*,*,#6223,.T.);
#8183=ORIENTED_EDGE('',*,*,#6224,.T.);
#8184=ORIENTED_EDGE('',*,*,#6225,.T.);
#8185=ORIENTED_EDGE('',*,*,#6226,.T.);
#8186=ORIENTED_EDGE('',*,*,#6227,.T.);
#8187=ORIENTED_EDGE('',*,*,#6228,.T.);
#8188=ORIENTED_EDGE('',*,*,#6229,.T.);
#8189=ORIENTED_EDGE('',*,*,#6230,.T.);
#8190=ORIENTED_EDGE('',*,*,#6231,.T.);
#8191=ORIENTED_EDGE('',*,*,#6232,.T.);
#8192=ORIENTED_EDGE('',*,*,#6233,.T.);
#8193=ORIENTED_EDGE('',*,*,#6234,.T.);
#8194=ORIENTED_EDGE('',*,*,#6235,.T.);
#8195=ORIENTED_EDGE('',*,*,#6236,.T.);
#8196=ORIENTED_EDGE('',*,*,#6237,.T.);
#8197=ORIENTED_EDGE('',*,*,#6238,.F.);
#8198=ORIENTED_EDGE('',*,*,#6239,.T.);
#8199=ORIENTED_EDGE('',*,*,#6240,.F.);
#8200=ORIENTED_EDGE('',*,*,#6241,.F.);
#8201=ORIENTED_EDGE('',*,*,#6242,.F.);
#8202=ORIENTED_EDGE('',*,*,#6241,.T.);
#8203=ORIENTED_EDGE('',*,*,#6243,.F.);
#8204=ORIENTED_EDGE('',*,*,#6244,.F.);
#8205=ORIENTED_EDGE('',*,*,#6245,.F.);
#8206=ORIENTED_EDGE('',*,*,#6244,.T.);
#8207=ORIENTED_EDGE('',*,*,#6246,.F.);
#8208=ORIENTED_EDGE('',*,*,#6247,.F.);
#8209=ORIENTED_EDGE('',*,*,#6248,.F.);
#8210=ORIENTED_EDGE('',*,*,#6247,.T.);
#8211=ORIENTED_EDGE('',*,*,#6249,.F.);
#8212=ORIENTED_EDGE('',*,*,#6239,.F.);
#8213=ORIENTED_EDGE('',*,*,#6249,.T.);
#8214=ORIENTED_EDGE('',*,*,#6246,.T.);
#8215=ORIENTED_EDGE('',*,*,#6243,.T.);
#8216=ORIENTED_EDGE('',*,*,#6240,.T.);
#8217=ORIENTED_EDGE('',*,*,#6250,.F.);
#8218=ORIENTED_EDGE('',*,*,#6251,.T.);
#8219=ORIENTED_EDGE('',*,*,#6252,.F.);
#8220=ORIENTED_EDGE('',*,*,#6253,.F.);
#8221=ORIENTED_EDGE('',*,*,#6254,.F.);
#8222=ORIENTED_EDGE('',*,*,#6253,.T.);
#8223=ORIENTED_EDGE('',*,*,#6255,.F.);
#8224=ORIENTED_EDGE('',*,*,#6256,.F.);
#8225=ORIENTED_EDGE('',*,*,#6257,.F.);
#8226=ORIENTED_EDGE('',*,*,#6256,.T.);
#8227=ORIENTED_EDGE('',*,*,#6258,.F.);
#8228=ORIENTED_EDGE('',*,*,#6259,.F.);
#8229=ORIENTED_EDGE('',*,*,#6260,.F.);
#8230=ORIENTED_EDGE('',*,*,#6259,.T.);
#8231=ORIENTED_EDGE('',*,*,#6261,.F.);
#8232=ORIENTED_EDGE('',*,*,#6251,.F.);
#8233=ORIENTED_EDGE('',*,*,#6261,.T.);
#8234=ORIENTED_EDGE('',*,*,#6258,.T.);
#8235=ORIENTED_EDGE('',*,*,#6255,.T.);
#8236=ORIENTED_EDGE('',*,*,#6252,.T.);
#8237=ORIENTED_EDGE('',*,*,#6262,.F.);
#8238=ORIENTED_EDGE('',*,*,#6263,.T.);
#8239=ORIENTED_EDGE('',*,*,#6264,.F.);
#8240=ORIENTED_EDGE('',*,*,#6265,.T.);
#8241=ORIENTED_EDGE('',*,*,#6262,.T.);
#8242=ORIENTED_EDGE('',*,*,#6265,.F.);
#8243=ORIENTED_EDGE('',*,*,#6264,.T.);
#8244=ORIENTED_EDGE('',*,*,#6238,.T.);
#8245=ORIENTED_EDGE('',*,*,#6242,.T.);
#8246=ORIENTED_EDGE('',*,*,#6245,.T.);
#8247=ORIENTED_EDGE('',*,*,#6248,.T.);
#8248=ORIENTED_EDGE('',*,*,#6263,.F.);
#8249=ORIENTED_EDGE('',*,*,#6266,.T.);
#8250=ORIENTED_EDGE('',*,*,#6237,.F.);
#8251=ORIENTED_EDGE('',*,*,#6266,.F.);
#8252=ORIENTED_EDGE('',*,*,#6075,.T.);
#8253=ORIENTED_EDGE('',*,*,#6267,.F.);
#8254=ORIENTED_EDGE('',*,*,#6203,.F.);
#8255=ORIENTED_EDGE('',*,*,#6268,.T.);
#8256=ORIENTED_EDGE('',*,*,#6074,.T.);
#8257=ORIENTED_EDGE('',*,*,#6269,.F.);
#8258=ORIENTED_EDGE('',*,*,#6204,.F.);
#8259=ORIENTED_EDGE('',*,*,#6267,.T.);
#8260=ORIENTED_EDGE('',*,*,#6079,.T.);
#8261=ORIENTED_EDGE('',*,*,#6270,.F.);
#8262=ORIENTED_EDGE('',*,*,#6195,.F.);
#8263=ORIENTED_EDGE('',*,*,#6271,.T.);
#8264=ORIENTED_EDGE('',*,*,#6078,.T.);
#8265=ORIENTED_EDGE('',*,*,#6272,.T.);
#8266=ORIENTED_EDGE('',*,*,#6196,.F.);
#8267=ORIENTED_EDGE('',*,*,#6270,.T.);
#8268=ORIENTED_EDGE('',*,*,#6083,.T.);
#8269=ORIENTED_EDGE('',*,*,#6273,.F.);
#8270=ORIENTED_EDGE('',*,*,#6179,.F.);
#8271=ORIENTED_EDGE('',*,*,#6274,.T.);
#8272=ORIENTED_EDGE('',*,*,#6082,.T.);
#8273=ORIENTED_EDGE('',*,*,#6275,.T.);
#8274=ORIENTED_EDGE('',*,*,#6180,.F.);
#8275=ORIENTED_EDGE('',*,*,#6273,.T.);
#8276=ORIENTED_EDGE('',*,*,#6087,.T.);
#8277=ORIENTED_EDGE('',*,*,#6276,.F.);
#8278=ORIENTED_EDGE('',*,*,#6163,.F.);
#8279=ORIENTED_EDGE('',*,*,#6277,.T.);
#8280=ORIENTED_EDGE('',*,*,#6086,.T.);
#8281=ORIENTED_EDGE('',*,*,#6278,.T.);
#8282=ORIENTED_EDGE('',*,*,#6164,.F.);
#8283=ORIENTED_EDGE('',*,*,#6276,.T.);
#8284=ORIENTED_EDGE('',*,*,#6091,.T.);
#8285=ORIENTED_EDGE('',*,*,#6279,.F.);
#8286=ORIENTED_EDGE('',*,*,#6215,.F.);
#8287=ORIENTED_EDGE('',*,*,#6280,.T.);
#8288=ORIENTED_EDGE('',*,*,#6090,.T.);
#8289=ORIENTED_EDGE('',*,*,#6281,.T.);
#8290=ORIENTED_EDGE('',*,*,#6216,.F.);
#8291=ORIENTED_EDGE('',*,*,#6279,.T.);
#8292=ORIENTED_EDGE('',*,*,#6095,.T.);
#8293=ORIENTED_EDGE('',*,*,#6282,.F.);
#8294=ORIENTED_EDGE('',*,*,#6187,.F.);
#8295=ORIENTED_EDGE('',*,*,#6283,.T.);
#8296=ORIENTED_EDGE('',*,*,#6094,.T.);
#8297=ORIENTED_EDGE('',*,*,#6284,.T.);
#8298=ORIENTED_EDGE('',*,*,#6188,.F.);
#8299=ORIENTED_EDGE('',*,*,#6282,.T.);
#8300=ORIENTED_EDGE('',*,*,#6099,.T.);
#8301=ORIENTED_EDGE('',*,*,#6285,.F.);
#8302=ORIENTED_EDGE('',*,*,#6219,.F.);
#8303=ORIENTED_EDGE('',*,*,#6286,.T.);
#8304=ORIENTED_EDGE('',*,*,#6098,.T.);
#8305=ORIENTED_EDGE('',*,*,#6287,.T.);
#8306=ORIENTED_EDGE('',*,*,#6220,.F.);
#8307=ORIENTED_EDGE('',*,*,#6285,.T.);
#8308=ORIENTED_EDGE('',*,*,#6103,.T.);
#8309=ORIENTED_EDGE('',*,*,#6288,.F.);
#8310=ORIENTED_EDGE('',*,*,#6211,.F.);
#8311=ORIENTED_EDGE('',*,*,#6289,.T.);
#8312=ORIENTED_EDGE('',*,*,#6102,.T.);
#8313=ORIENTED_EDGE('',*,*,#6290,.T.);
#8314=ORIENTED_EDGE('',*,*,#6212,.F.);
#8315=ORIENTED_EDGE('',*,*,#6288,.T.);
#8316=ORIENTED_EDGE('',*,*,#6107,.T.);
#8317=ORIENTED_EDGE('',*,*,#6291,.F.);
#8318=ORIENTED_EDGE('',*,*,#6183,.F.);
#8319=ORIENTED_EDGE('',*,*,#6292,.T.);
#8320=ORIENTED_EDGE('',*,*,#6106,.T.);
#8321=ORIENTED_EDGE('',*,*,#6293,.T.);
#8322=ORIENTED_EDGE('',*,*,#6184,.F.);
#8323=ORIENTED_EDGE('',*,*,#6291,.T.);
#8324=ORIENTED_EDGE('',*,*,#6111,.T.);
#8325=ORIENTED_EDGE('',*,*,#6294,.F.);
#8326=ORIENTED_EDGE('',*,*,#6227,.F.);
#8327=ORIENTED_EDGE('',*,*,#6295,.T.);
#8328=ORIENTED_EDGE('',*,*,#6110,.T.);
#8329=ORIENTED_EDGE('',*,*,#6296,.T.);
#8330=ORIENTED_EDGE('',*,*,#6228,.F.);
#8331=ORIENTED_EDGE('',*,*,#6294,.T.);
#8332=ORIENTED_EDGE('',*,*,#6115,.T.);
#8333=ORIENTED_EDGE('',*,*,#6297,.F.);
#8334=ORIENTED_EDGE('',*,*,#6207,.F.);
#8335=ORIENTED_EDGE('',*,*,#6298,.T.);
#8336=ORIENTED_EDGE('',*,*,#6114,.T.);
#8337=ORIENTED_EDGE('',*,*,#6299,.T.);
#8338=ORIENTED_EDGE('',*,*,#6208,.F.);
#8339=ORIENTED_EDGE('',*,*,#6297,.T.);
#8340=ORIENTED_EDGE('',*,*,#6119,.T.);
#8341=ORIENTED_EDGE('',*,*,#6300,.F.);
#8342=ORIENTED_EDGE('',*,*,#6191,.F.);
#8343=ORIENTED_EDGE('',*,*,#6301,.T.);
#8344=ORIENTED_EDGE('',*,*,#6118,.T.);
#8345=ORIENTED_EDGE('',*,*,#6302,.T.);
#8346=ORIENTED_EDGE('',*,*,#6192,.F.);
#8347=ORIENTED_EDGE('',*,*,#6300,.T.);
#8348=ORIENTED_EDGE('',*,*,#6123,.T.);
#8349=ORIENTED_EDGE('',*,*,#6303,.F.);
#8350=ORIENTED_EDGE('',*,*,#6235,.F.);
#8351=ORIENTED_EDGE('',*,*,#6304,.T.);
#8352=ORIENTED_EDGE('',*,*,#6122,.T.);
#8353=ORIENTED_EDGE('',*,*,#6305,.T.);
#8354=ORIENTED_EDGE('',*,*,#6236,.F.);
#8355=ORIENTED_EDGE('',*,*,#6303,.T.);
#8356=ORIENTED_EDGE('',*,*,#6127,.T.);
#8357=ORIENTED_EDGE('',*,*,#6306,.F.);
#8358=ORIENTED_EDGE('',*,*,#6159,.F.);
#8359=ORIENTED_EDGE('',*,*,#6307,.T.);
#8360=ORIENTED_EDGE('',*,*,#6126,.T.);
#8361=ORIENTED_EDGE('',*,*,#6308,.T.);
#8362=ORIENTED_EDGE('',*,*,#6160,.F.);
#8363=ORIENTED_EDGE('',*,*,#6306,.T.);
#8364=ORIENTED_EDGE('',*,*,#6131,.T.);
#8365=ORIENTED_EDGE('',*,*,#6309,.F.);
#8366=ORIENTED_EDGE('',*,*,#6231,.F.);
#8367=ORIENTED_EDGE('',*,*,#6310,.T.);
#8368=ORIENTED_EDGE('',*,*,#6130,.T.);
#8369=ORIENTED_EDGE('',*,*,#6311,.T.);
#8370=ORIENTED_EDGE('',*,*,#6232,.F.);
#8371=ORIENTED_EDGE('',*,*,#6309,.T.);
#8372=ORIENTED_EDGE('',*,*,#6135,.T.);
#8373=ORIENTED_EDGE('',*,*,#6312,.F.);
#8374=ORIENTED_EDGE('',*,*,#6171,.F.);
#8375=ORIENTED_EDGE('',*,*,#6313,.T.);
#8376=ORIENTED_EDGE('',*,*,#6134,.T.);
#8377=ORIENTED_EDGE('',*,*,#6314,.T.);
#8378=ORIENTED_EDGE('',*,*,#6172,.F.);
#8379=ORIENTED_EDGE('',*,*,#6312,.T.);
#8380=ORIENTED_EDGE('',*,*,#6139,.T.);
#8381=ORIENTED_EDGE('',*,*,#6315,.F.);
#8382=ORIENTED_EDGE('',*,*,#6175,.F.);
#8383=ORIENTED_EDGE('',*,*,#6316,.T.);
#8384=ORIENTED_EDGE('',*,*,#6138,.T.);
#8385=ORIENTED_EDGE('',*,*,#6317,.T.);
#8386=ORIENTED_EDGE('',*,*,#6176,.F.);
#8387=ORIENTED_EDGE('',*,*,#6315,.T.);
#8388=ORIENTED_EDGE('',*,*,#6143,.T.);
#8389=ORIENTED_EDGE('',*,*,#6318,.F.);
#8390=ORIENTED_EDGE('',*,*,#6223,.F.);
#8391=ORIENTED_EDGE('',*,*,#6319,.T.);
#8392=ORIENTED_EDGE('',*,*,#6142,.T.);
#8393=ORIENTED_EDGE('',*,*,#6320,.T.);
#8394=ORIENTED_EDGE('',*,*,#6224,.F.);
#8395=ORIENTED_EDGE('',*,*,#6318,.T.);
#8396=ORIENTED_EDGE('',*,*,#6147,.T.);
#8397=ORIENTED_EDGE('',*,*,#6321,.F.);
#8398=ORIENTED_EDGE('',*,*,#6199,.F.);
#8399=ORIENTED_EDGE('',*,*,#6322,.T.);
#8400=ORIENTED_EDGE('',*,*,#6146,.T.);
#8401=ORIENTED_EDGE('',*,*,#6323,.T.);
#8402=ORIENTED_EDGE('',*,*,#6200,.F.);
#8403=ORIENTED_EDGE('',*,*,#6321,.T.);
#8404=ORIENTED_EDGE('',*,*,#6151,.T.);
#8405=ORIENTED_EDGE('',*,*,#6324,.F.);
#8406=ORIENTED_EDGE('',*,*,#6167,.F.);
#8407=ORIENTED_EDGE('',*,*,#6325,.T.);
#8408=ORIENTED_EDGE('',*,*,#6150,.T.);
#8409=ORIENTED_EDGE('',*,*,#6326,.T.);
#8410=ORIENTED_EDGE('',*,*,#6168,.F.);
#8411=ORIENTED_EDGE('',*,*,#6324,.T.);
#8412=ORIENTED_EDGE('',*,*,#6080,.T.);
#8413=ORIENTED_EDGE('',*,*,#6271,.F.);
#8414=ORIENTED_EDGE('',*,*,#6194,.F.);
#8415=ORIENTED_EDGE('',*,*,#6327,.T.);
#8416=ORIENTED_EDGE('',*,*,#6081,.T.);
#8417=ORIENTED_EDGE('',*,*,#6327,.F.);
#8418=ORIENTED_EDGE('',*,*,#6193,.F.);
#8419=ORIENTED_EDGE('',*,*,#6272,.F.);
#8420=ORIENTED_EDGE('',*,*,#6084,.T.);
#8421=ORIENTED_EDGE('',*,*,#6274,.F.);
#8422=ORIENTED_EDGE('',*,*,#6178,.F.);
#8423=ORIENTED_EDGE('',*,*,#6328,.T.);
#8424=ORIENTED_EDGE('',*,*,#6085,.T.);
#8425=ORIENTED_EDGE('',*,*,#6328,.F.);
#8426=ORIENTED_EDGE('',*,*,#6177,.F.);
#8427=ORIENTED_EDGE('',*,*,#6275,.F.);
#8428=ORIENTED_EDGE('',*,*,#6088,.T.);
#8429=ORIENTED_EDGE('',*,*,#6277,.F.);
#8430=ORIENTED_EDGE('',*,*,#6162,.F.);
#8431=ORIENTED_EDGE('',*,*,#6329,.T.);
#8432=ORIENTED_EDGE('',*,*,#6089,.T.);
#8433=ORIENTED_EDGE('',*,*,#6329,.F.);
#8434=ORIENTED_EDGE('',*,*,#6161,.F.);
#8435=ORIENTED_EDGE('',*,*,#6278,.F.);
#8436=ORIENTED_EDGE('',*,*,#6092,.T.);
#8437=ORIENTED_EDGE('',*,*,#6280,.F.);
#8438=ORIENTED_EDGE('',*,*,#6214,.F.);
#8439=ORIENTED_EDGE('',*,*,#6330,.T.);
#8440=ORIENTED_EDGE('',*,*,#6093,.T.);
#8441=ORIENTED_EDGE('',*,*,#6330,.F.);
#8442=ORIENTED_EDGE('',*,*,#6213,.F.);
#8443=ORIENTED_EDGE('',*,*,#6281,.F.);
#8444=ORIENTED_EDGE('',*,*,#6096,.T.);
#8445=ORIENTED_EDGE('',*,*,#6283,.F.);
#8446=ORIENTED_EDGE('',*,*,#6186,.F.);
#8447=ORIENTED_EDGE('',*,*,#6331,.T.);
#8448=ORIENTED_EDGE('',*,*,#6097,.T.);
#8449=ORIENTED_EDGE('',*,*,#6331,.F.);
#8450=ORIENTED_EDGE('',*,*,#6185,.F.);
#8451=ORIENTED_EDGE('',*,*,#6284,.F.);
#8452=ORIENTED_EDGE('',*,*,#6100,.T.);
#8453=ORIENTED_EDGE('',*,*,#6286,.F.);
#8454=ORIENTED_EDGE('',*,*,#6218,.F.);
#8455=ORIENTED_EDGE('',*,*,#6332,.T.);
#8456=ORIENTED_EDGE('',*,*,#6101,.T.);
#8457=ORIENTED_EDGE('',*,*,#6332,.F.);
#8458=ORIENTED_EDGE('',*,*,#6217,.F.);
#8459=ORIENTED_EDGE('',*,*,#6287,.F.);
#8460=ORIENTED_EDGE('',*,*,#6104,.T.);
#8461=ORIENTED_EDGE('',*,*,#6289,.F.);
#8462=ORIENTED_EDGE('',*,*,#6210,.F.);
#8463=ORIENTED_EDGE('',*,*,#6333,.T.);
#8464=ORIENTED_EDGE('',*,*,#6105,.T.);
#8465=ORIENTED_EDGE('',*,*,#6333,.F.);
#8466=ORIENTED_EDGE('',*,*,#6209,.F.);
#8467=ORIENTED_EDGE('',*,*,#6290,.F.);
#8468=ORIENTED_EDGE('',*,*,#6108,.T.);
#8469=ORIENTED_EDGE('',*,*,#6292,.F.);
#8470=ORIENTED_EDGE('',*,*,#6182,.F.);
#8471=ORIENTED_EDGE('',*,*,#6334,.T.);
#8472=ORIENTED_EDGE('',*,*,#6109,.T.);
#8473=ORIENTED_EDGE('',*,*,#6334,.F.);
#8474=ORIENTED_EDGE('',*,*,#6181,.F.);
#8475=ORIENTED_EDGE('',*,*,#6293,.F.);
#8476=ORIENTED_EDGE('',*,*,#6112,.T.);
#8477=ORIENTED_EDGE('',*,*,#6295,.F.);
#8478=ORIENTED_EDGE('',*,*,#6226,.F.);
#8479=ORIENTED_EDGE('',*,*,#6335,.T.);
#8480=ORIENTED_EDGE('',*,*,#6113,.T.);
#8481=ORIENTED_EDGE('',*,*,#6335,.F.);
#8482=ORIENTED_EDGE('',*,*,#6225,.F.);
#8483=ORIENTED_EDGE('',*,*,#6296,.F.);
#8484=ORIENTED_EDGE('',*,*,#6116,.T.);
#8485=ORIENTED_EDGE('',*,*,#6298,.F.);
#8486=ORIENTED_EDGE('',*,*,#6206,.F.);
#8487=ORIENTED_EDGE('',*,*,#6336,.T.);
#8488=ORIENTED_EDGE('',*,*,#6117,.T.);
#8489=ORIENTED_EDGE('',*,*,#6336,.F.);
#8490=ORIENTED_EDGE('',*,*,#6205,.F.);
#8491=ORIENTED_EDGE('',*,*,#6299,.F.);
#8492=ORIENTED_EDGE('',*,*,#6120,.T.);
#8493=ORIENTED_EDGE('',*,*,#6301,.F.);
#8494=ORIENTED_EDGE('',*,*,#6190,.F.);
#8495=ORIENTED_EDGE('',*,*,#6337,.T.);
#8496=ORIENTED_EDGE('',*,*,#6121,.T.);
#8497=ORIENTED_EDGE('',*,*,#6337,.F.);
#8498=ORIENTED_EDGE('',*,*,#6189,.F.);
#8499=ORIENTED_EDGE('',*,*,#6302,.F.);
#8500=ORIENTED_EDGE('',*,*,#6124,.T.);
#8501=ORIENTED_EDGE('',*,*,#6304,.F.);
#8502=ORIENTED_EDGE('',*,*,#6234,.F.);
#8503=ORIENTED_EDGE('',*,*,#6338,.T.);
#8504=ORIENTED_EDGE('',*,*,#6125,.T.);
#8505=ORIENTED_EDGE('',*,*,#6338,.F.);
#8506=ORIENTED_EDGE('',*,*,#6233,.F.);
#8507=ORIENTED_EDGE('',*,*,#6305,.F.);
#8508=ORIENTED_EDGE('',*,*,#6128,.T.);
#8509=ORIENTED_EDGE('',*,*,#6307,.F.);
#8510=ORIENTED_EDGE('',*,*,#6158,.F.);
#8511=ORIENTED_EDGE('',*,*,#6339,.T.);
#8512=ORIENTED_EDGE('',*,*,#6129,.T.);
#8513=ORIENTED_EDGE('',*,*,#6339,.F.);
#8514=ORIENTED_EDGE('',*,*,#6157,.F.);
#8515=ORIENTED_EDGE('',*,*,#6308,.F.);
#8516=ORIENTED_EDGE('',*,*,#6132,.T.);
#8517=ORIENTED_EDGE('',*,*,#6310,.F.);
#8518=ORIENTED_EDGE('',*,*,#6230,.F.);
#8519=ORIENTED_EDGE('',*,*,#6340,.T.);
#8520=ORIENTED_EDGE('',*,*,#6133,.T.);
#8521=ORIENTED_EDGE('',*,*,#6340,.F.);
#8522=ORIENTED_EDGE('',*,*,#6229,.F.);
#8523=ORIENTED_EDGE('',*,*,#6311,.F.);
#8524=ORIENTED_EDGE('',*,*,#6136,.T.);
#8525=ORIENTED_EDGE('',*,*,#6313,.F.);
#8526=ORIENTED_EDGE('',*,*,#6170,.F.);
#8527=ORIENTED_EDGE('',*,*,#6341,.T.);
#8528=ORIENTED_EDGE('',*,*,#6137,.T.);
#8529=ORIENTED_EDGE('',*,*,#6341,.F.);
#8530=ORIENTED_EDGE('',*,*,#6169,.F.);
#8531=ORIENTED_EDGE('',*,*,#6314,.F.);
#8532=ORIENTED_EDGE('',*,*,#6140,.T.);
#8533=ORIENTED_EDGE('',*,*,#6316,.F.);
#8534=ORIENTED_EDGE('',*,*,#6174,.F.);
#8535=ORIENTED_EDGE('',*,*,#6342,.T.);
#8536=ORIENTED_EDGE('',*,*,#6141,.T.);
#8537=ORIENTED_EDGE('',*,*,#6342,.F.);
#8538=ORIENTED_EDGE('',*,*,#6173,.F.);
#8539=ORIENTED_EDGE('',*,*,#6317,.F.);
#8540=ORIENTED_EDGE('',*,*,#6144,.T.);
#8541=ORIENTED_EDGE('',*,*,#6319,.F.);
#8542=ORIENTED_EDGE('',*,*,#6222,.F.);
#8543=ORIENTED_EDGE('',*,*,#6343,.T.);
#8544=ORIENTED_EDGE('',*,*,#6145,.T.);
#8545=ORIENTED_EDGE('',*,*,#6343,.F.);
#8546=ORIENTED_EDGE('',*,*,#6221,.F.);
#8547=ORIENTED_EDGE('',*,*,#6320,.F.);
#8548=ORIENTED_EDGE('',*,*,#6148,.T.);
#8549=ORIENTED_EDGE('',*,*,#6322,.F.);
#8550=ORIENTED_EDGE('',*,*,#6198,.F.);
#8551=ORIENTED_EDGE('',*,*,#6344,.T.);
#8552=ORIENTED_EDGE('',*,*,#6149,.T.);
#8553=ORIENTED_EDGE('',*,*,#6344,.F.);
#8554=ORIENTED_EDGE('',*,*,#6197,.F.);
#8555=ORIENTED_EDGE('',*,*,#6323,.F.);
#8556=ORIENTED_EDGE('',*,*,#6152,.T.);
#8557=ORIENTED_EDGE('',*,*,#6325,.F.);
#8558=ORIENTED_EDGE('',*,*,#6166,.F.);
#8559=ORIENTED_EDGE('',*,*,#6345,.T.);
#8560=ORIENTED_EDGE('',*,*,#6153,.T.);
#8561=ORIENTED_EDGE('',*,*,#6345,.F.);
#8562=ORIENTED_EDGE('',*,*,#6165,.F.);
#8563=ORIENTED_EDGE('',*,*,#6326,.F.);
#8564=ORIENTED_EDGE('',*,*,#6076,.T.);
#8565=ORIENTED_EDGE('',*,*,#6268,.F.);
#8566=ORIENTED_EDGE('',*,*,#6202,.F.);
#8567=ORIENTED_EDGE('',*,*,#6346,.F.);
#8568=ORIENTED_EDGE('',*,*,#6077,.T.);
#8569=ORIENTED_EDGE('',*,*,#6346,.T.);
#8570=ORIENTED_EDGE('',*,*,#6201,.F.);
#8571=ORIENTED_EDGE('',*,*,#6269,.T.);
#8572=ORIENTED_EDGE('',*,*,#6347,.T.);
#8573=ORIENTED_EDGE('',*,*,#6348,.T.);
#8574=ORIENTED_EDGE('',*,*,#6349,.T.);
#8575=ORIENTED_EDGE('',*,*,#6348,.F.);
#8576=ORIENTED_EDGE('',*,*,#6349,.F.);
#8577=ORIENTED_EDGE('',*,*,#6350,.T.);
#8578=ORIENTED_EDGE('',*,*,#6154,.T.);
#8579=ORIENTED_EDGE('',*,*,#6350,.F.);
#8580=ORIENTED_EDGE('',*,*,#6347,.F.);
#8581=ORIENTED_EDGE('',*,*,#6250,.T.);
#8582=ORIENTED_EDGE('',*,*,#6254,.T.);
#8583=ORIENTED_EDGE('',*,*,#6257,.T.);
#8584=ORIENTED_EDGE('',*,*,#6260,.T.);
#8585=ORIENTED_EDGE('',*,*,#6351,.F.);
#8586=ORIENTED_EDGE('',*,*,#6352,.F.);
#8587=ORIENTED_EDGE('',*,*,#6353,.F.);
#8588=ORIENTED_EDGE('',*,*,#6354,.F.);
#8589=ORIENTED_EDGE('',*,*,#6355,.F.);
#8590=ORIENTED_EDGE('',*,*,#6356,.F.);
#8591=ORIENTED_EDGE('',*,*,#6357,.F.);
#8592=ORIENTED_EDGE('',*,*,#6358,.F.);
#8593=ORIENTED_EDGE('',*,*,#6358,.T.);
#8594=ORIENTED_EDGE('',*,*,#6359,.F.);
#8595=ORIENTED_EDGE('',*,*,#6360,.F.);
#8596=ORIENTED_EDGE('',*,*,#6361,.F.);
#8597=ORIENTED_EDGE('',*,*,#6357,.T.);
#8598=ORIENTED_EDGE('',*,*,#6362,.F.);
#8599=ORIENTED_EDGE('',*,*,#6363,.F.);
#8600=ORIENTED_EDGE('',*,*,#6359,.T.);
#8601=ORIENTED_EDGE('',*,*,#6354,.T.);
#8602=ORIENTED_EDGE('',*,*,#6364,.F.);
#8603=ORIENTED_EDGE('',*,*,#6365,.F.);
#8604=ORIENTED_EDGE('',*,*,#6366,.F.);
#8605=ORIENTED_EDGE('',*,*,#6353,.T.);
#8606=ORIENTED_EDGE('',*,*,#6367,.F.);
#8607=ORIENTED_EDGE('',*,*,#6368,.F.);
#8608=ORIENTED_EDGE('',*,*,#6364,.T.);
#8609=ORIENTED_EDGE('',*,*,#6356,.T.);
#8610=ORIENTED_EDGE('',*,*,#6369,.F.);
#8611=ORIENTED_EDGE('',*,*,#6370,.F.);
#8612=ORIENTED_EDGE('',*,*,#6362,.T.);
#8613=ORIENTED_EDGE('',*,*,#6355,.T.);
#8614=ORIENTED_EDGE('',*,*,#6361,.T.);
#8615=ORIENTED_EDGE('',*,*,#6371,.F.);
#8616=ORIENTED_EDGE('',*,*,#6369,.T.);
#8617=ORIENTED_EDGE('',*,*,#6352,.T.);
#8618=ORIENTED_EDGE('',*,*,#6372,.F.);
#8619=ORIENTED_EDGE('',*,*,#6373,.F.);
#8620=ORIENTED_EDGE('',*,*,#6367,.T.);
#8621=ORIENTED_EDGE('',*,*,#6351,.T.);
#8622=ORIENTED_EDGE('',*,*,#6366,.T.);
#8623=ORIENTED_EDGE('',*,*,#6374,.F.);
#8624=ORIENTED_EDGE('',*,*,#6372,.T.);
#8625=ORIENTED_EDGE('',*,*,#6374,.T.);
#8626=ORIENTED_EDGE('',*,*,#6365,.T.);
#8627=ORIENTED_EDGE('',*,*,#6368,.T.);
#8628=ORIENTED_EDGE('',*,*,#6373,.T.);
#8629=ORIENTED_EDGE('',*,*,#6371,.T.);
#8630=ORIENTED_EDGE('',*,*,#6360,.T.);
#8631=ORIENTED_EDGE('',*,*,#6363,.T.);
#8632=ORIENTED_EDGE('',*,*,#6370,.T.);
#8633=ORIENTED_EDGE('',*,*,#6375,.F.);
#8634=ORIENTED_EDGE('',*,*,#6376,.F.);
#8635=ORIENTED_EDGE('',*,*,#6377,.F.);
#8636=ORIENTED_EDGE('',*,*,#6378,.F.);
#8637=ORIENTED_EDGE('',*,*,#6379,.F.);
#8638=ORIENTED_EDGE('',*,*,#6380,.F.);
#8639=ORIENTED_EDGE('',*,*,#6381,.F.);
#8640=ORIENTED_EDGE('',*,*,#6382,.F.);
#8641=ORIENTED_EDGE('',*,*,#6375,.T.);
#8642=ORIENTED_EDGE('',*,*,#6383,.T.);
#8643=ORIENTED_EDGE('',*,*,#6384,.F.);
#8644=ORIENTED_EDGE('',*,*,#6385,.F.);
#8645=ORIENTED_EDGE('',*,*,#6378,.T.);
#8646=ORIENTED_EDGE('',*,*,#6386,.T.);
#8647=ORIENTED_EDGE('',*,*,#6387,.F.);
#8648=ORIENTED_EDGE('',*,*,#6383,.F.);
#8649=ORIENTED_EDGE('',*,*,#6381,.T.);
#8650=ORIENTED_EDGE('',*,*,#6388,.T.);
#8651=ORIENTED_EDGE('',*,*,#6389,.F.);
#8652=ORIENTED_EDGE('',*,*,#6390,.F.);
#8653=ORIENTED_EDGE('',*,*,#6380,.T.);
#8654=ORIENTED_EDGE('',*,*,#6391,.T.);
#8655=ORIENTED_EDGE('',*,*,#6392,.F.);
#8656=ORIENTED_EDGE('',*,*,#6388,.F.);
#8657=ORIENTED_EDGE('',*,*,#6379,.T.);
#8658=ORIENTED_EDGE('',*,*,#6393,.T.);
#8659=ORIENTED_EDGE('',*,*,#6394,.F.);
#8660=ORIENTED_EDGE('',*,*,#6391,.F.);
#8661=ORIENTED_EDGE('',*,*,#6382,.T.);
#8662=ORIENTED_EDGE('',*,*,#6390,.T.);
#8663=ORIENTED_EDGE('',*,*,#6395,.F.);
#8664=ORIENTED_EDGE('',*,*,#6393,.F.);
#8665=ORIENTED_EDGE('',*,*,#6376,.T.);
#8666=ORIENTED_EDGE('',*,*,#6385,.T.);
#8667=ORIENTED_EDGE('',*,*,#6396,.F.);
#8668=ORIENTED_EDGE('',*,*,#6397,.F.);
#8669=ORIENTED_EDGE('',*,*,#6377,.T.);
#8670=ORIENTED_EDGE('',*,*,#6397,.T.);
#8671=ORIENTED_EDGE('',*,*,#6398,.F.);
#8672=ORIENTED_EDGE('',*,*,#6386,.F.);
#8673=ORIENTED_EDGE('',*,*,#6387,.T.);
#8674=ORIENTED_EDGE('',*,*,#6398,.T.);
#8675=ORIENTED_EDGE('',*,*,#6396,.T.);
#8676=ORIENTED_EDGE('',*,*,#6384,.T.);
#8677=ORIENTED_EDGE('',*,*,#6395,.T.);
#8678=ORIENTED_EDGE('',*,*,#6389,.T.);
#8679=ORIENTED_EDGE('',*,*,#6392,.T.);
#8680=ORIENTED_EDGE('',*,*,#6394,.T.);
#8681=ORIENTED_EDGE('',*,*,#6399,.T.);
#8682=ORIENTED_EDGE('',*,*,#6400,.T.);
#8683=ORIENTED_EDGE('',*,*,#6401,.T.);
#8684=ORIENTED_EDGE('',*,*,#6402,.T.);
#8685=ORIENTED_EDGE('',*,*,#6403,.T.);
#8686=ORIENTED_EDGE('',*,*,#6404,.T.);
#8687=ORIENTED_EDGE('',*,*,#6405,.T.);
#8688=ORIENTED_EDGE('',*,*,#6406,.T.);
#8689=ORIENTED_EDGE('',*,*,#6407,.T.);
#8690=ORIENTED_EDGE('',*,*,#6408,.T.);
#8691=ORIENTED_EDGE('',*,*,#6409,.T.);
#8692=ORIENTED_EDGE('',*,*,#6410,.T.);
#8693=ORIENTED_EDGE('',*,*,#6411,.T.);
#8694=ORIENTED_EDGE('',*,*,#6412,.T.);
#8695=ORIENTED_EDGE('',*,*,#6413,.T.);
#8696=ORIENTED_EDGE('',*,*,#6414,.T.);
#8697=ORIENTED_EDGE('',*,*,#6415,.F.);
#8698=ORIENTED_EDGE('',*,*,#6406,.F.);
#8699=ORIENTED_EDGE('',*,*,#6416,.F.);
#8700=ORIENTED_EDGE('',*,*,#6412,.F.);
#8701=ORIENTED_EDGE('',*,*,#6416,.T.);
#8702=ORIENTED_EDGE('',*,*,#6405,.F.);
#8703=ORIENTED_EDGE('',*,*,#6417,.F.);
#8704=ORIENTED_EDGE('',*,*,#6413,.F.);
#8705=ORIENTED_EDGE('',*,*,#6417,.T.);
#8706=ORIENTED_EDGE('',*,*,#6404,.F.);
#8707=ORIENTED_EDGE('',*,*,#6418,.F.);
#8708=ORIENTED_EDGE('',*,*,#6414,.F.);
#8709=ORIENTED_EDGE('',*,*,#6418,.T.);
#8710=ORIENTED_EDGE('',*,*,#6403,.F.);
#8711=ORIENTED_EDGE('',*,*,#6415,.T.);
#8712=ORIENTED_EDGE('',*,*,#6411,.F.);
#8713=ORIENTED_EDGE('',*,*,#6419,.F.);
#8714=ORIENTED_EDGE('',*,*,#6402,.F.);
#8715=ORIENTED_EDGE('',*,*,#6420,.F.);
#8716=ORIENTED_EDGE('',*,*,#6408,.F.);
#8717=ORIENTED_EDGE('',*,*,#6420,.T.);
#8718=ORIENTED_EDGE('',*,*,#6401,.F.);
#8719=ORIENTED_EDGE('',*,*,#6421,.F.);
#8720=ORIENTED_EDGE('',*,*,#6409,.F.);
#8721=ORIENTED_EDGE('',*,*,#6421,.T.);
#8722=ORIENTED_EDGE('',*,*,#6400,.F.);
#8723=ORIENTED_EDGE('',*,*,#6422,.F.);
#8724=ORIENTED_EDGE('',*,*,#6410,.F.);
#8725=ORIENTED_EDGE('',*,*,#6422,.T.);
#8726=ORIENTED_EDGE('',*,*,#6399,.F.);
#8727=ORIENTED_EDGE('',*,*,#6419,.T.);
#8728=ORIENTED_EDGE('',*,*,#6407,.F.);
#8729=ORIENTED_EDGE('',*,*,#6423,.T.);
#8730=ORIENTED_EDGE('',*,*,#6424,.T.);
#8731=ORIENTED_EDGE('',*,*,#6425,.T.);
#8732=ORIENTED_EDGE('',*,*,#6426,.T.);
#8733=ORIENTED_EDGE('',*,*,#6427,.T.);
#8734=ORIENTED_EDGE('',*,*,#6428,.T.);
#8735=ORIENTED_EDGE('',*,*,#6429,.T.);
#8736=ORIENTED_EDGE('',*,*,#6430,.T.);
#8737=ORIENTED_EDGE('',*,*,#6423,.F.);
#8738=ORIENTED_EDGE('',*,*,#6431,.T.);
#8739=ORIENTED_EDGE('',*,*,#6432,.T.);
#8740=ORIENTED_EDGE('',*,*,#6433,.F.);
#8741=ORIENTED_EDGE('',*,*,#6424,.F.);
#8742=ORIENTED_EDGE('',*,*,#6433,.T.);
#8743=ORIENTED_EDGE('',*,*,#6434,.T.);
#8744=ORIENTED_EDGE('',*,*,#6435,.F.);
#8745=ORIENTED_EDGE('',*,*,#6429,.F.);
#8746=ORIENTED_EDGE('',*,*,#6436,.T.);
#8747=ORIENTED_EDGE('',*,*,#6437,.T.);
#8748=ORIENTED_EDGE('',*,*,#6438,.F.);
#8749=ORIENTED_EDGE('',*,*,#6430,.F.);
#8750=ORIENTED_EDGE('',*,*,#6438,.T.);
#8751=ORIENTED_EDGE('',*,*,#6439,.T.);
#8752=ORIENTED_EDGE('',*,*,#6440,.F.);
#8753=ORIENTED_EDGE('',*,*,#6427,.F.);
#8754=ORIENTED_EDGE('',*,*,#6440,.T.);
#8755=ORIENTED_EDGE('',*,*,#6441,.T.);
#8756=ORIENTED_EDGE('',*,*,#6442,.F.);
#8757=ORIENTED_EDGE('',*,*,#6428,.F.);
#8758=ORIENTED_EDGE('',*,*,#6442,.T.);
#8759=ORIENTED_EDGE('',*,*,#6443,.T.);
#8760=ORIENTED_EDGE('',*,*,#6436,.F.);
#8761=ORIENTED_EDGE('',*,*,#6426,.F.);
#8762=ORIENTED_EDGE('',*,*,#6444,.T.);
#8763=ORIENTED_EDGE('',*,*,#6445,.T.);
#8764=ORIENTED_EDGE('',*,*,#6431,.F.);
#8765=ORIENTED_EDGE('',*,*,#6425,.F.);
#8766=ORIENTED_EDGE('',*,*,#6435,.T.);
#8767=ORIENTED_EDGE('',*,*,#6446,.T.);
#8768=ORIENTED_EDGE('',*,*,#6444,.F.);
#8769=ORIENTED_EDGE('',*,*,#6434,.F.);
#8770=ORIENTED_EDGE('',*,*,#6432,.F.);
#8771=ORIENTED_EDGE('',*,*,#6445,.F.);
#8772=ORIENTED_EDGE('',*,*,#6446,.F.);
#8773=ORIENTED_EDGE('',*,*,#6443,.F.);
#8774=ORIENTED_EDGE('',*,*,#6441,.F.);
#8775=ORIENTED_EDGE('',*,*,#6439,.F.);
#8776=ORIENTED_EDGE('',*,*,#6437,.F.);
#8777=ORIENTED_EDGE('',*,*,#6447,.T.);
#8778=ORIENTED_EDGE('',*,*,#6448,.T.);
#8779=ORIENTED_EDGE('',*,*,#6449,.T.);
#8780=ORIENTED_EDGE('',*,*,#6450,.T.);
#8781=ORIENTED_EDGE('',*,*,#6448,.F.);
#8782=ORIENTED_EDGE('',*,*,#6451,.T.);
#8783=ORIENTED_EDGE('',*,*,#6452,.F.);
#8784=ORIENTED_EDGE('',*,*,#6453,.T.);
#8785=ORIENTED_EDGE('',*,*,#6447,.F.);
#8786=ORIENTED_EDGE('',*,*,#6454,.T.);
#8787=ORIENTED_EDGE('',*,*,#6455,.F.);
#8788=ORIENTED_EDGE('',*,*,#6456,.T.);
#8789=ORIENTED_EDGE('',*,*,#6457,.F.);
#8790=ORIENTED_EDGE('',*,*,#6458,.T.);
#8791=ORIENTED_EDGE('',*,*,#6459,.T.);
#8792=ORIENTED_EDGE('',*,*,#6460,.T.);
#8793=ORIENTED_EDGE('',*,*,#6461,.F.);
#8794=ORIENTED_EDGE('',*,*,#6462,.T.);
#8795=ORIENTED_EDGE('',*,*,#6463,.F.);
#8796=ORIENTED_EDGE('',*,*,#6464,.T.);
#8797=ORIENTED_EDGE('',*,*,#6465,.F.);
#8798=ORIENTED_EDGE('',*,*,#6466,.T.);
#8799=ORIENTED_EDGE('',*,*,#6467,.F.);
#8800=ORIENTED_EDGE('',*,*,#6468,.T.);
#8801=ORIENTED_EDGE('',*,*,#6469,.F.);
#8802=ORIENTED_EDGE('',*,*,#6451,.F.);
#8803=ORIENTED_EDGE('',*,*,#6470,.T.);
#8804=ORIENTED_EDGE('',*,*,#6471,.T.);
#8805=ORIENTED_EDGE('',*,*,#6472,.T.);
#8806=ORIENTED_EDGE('',*,*,#6473,.T.);
#8807=ORIENTED_EDGE('',*,*,#6474,.F.);
#8808=ORIENTED_EDGE('',*,*,#6475,.F.);
#8809=ORIENTED_EDGE('',*,*,#6461,.T.);
#8810=ORIENTED_EDGE('',*,*,#6476,.T.);
#8811=ORIENTED_EDGE('',*,*,#6477,.T.);
#8812=ORIENTED_EDGE('',*,*,#6478,.T.);
#8813=ORIENTED_EDGE('',*,*,#6478,.F.);
#8814=ORIENTED_EDGE('',*,*,#6479,.T.);
#8815=ORIENTED_EDGE('',*,*,#6480,.F.);
#8816=ORIENTED_EDGE('',*,*,#6462,.F.);
#8817=ORIENTED_EDGE('',*,*,#6449,.F.);
#8818=ORIENTED_EDGE('',*,*,#6453,.F.);
#8819=ORIENTED_EDGE('',*,*,#6481,.F.);
#8820=ORIENTED_EDGE('',*,*,#6482,.F.);
#8821=ORIENTED_EDGE('',*,*,#6483,.F.);
#8822=ORIENTED_EDGE('',*,*,#6484,.F.);
#8823=ORIENTED_EDGE('',*,*,#6485,.F.);
#8824=ORIENTED_EDGE('',*,*,#6486,.F.);
#8825=ORIENTED_EDGE('',*,*,#6487,.F.);
#8826=ORIENTED_EDGE('',*,*,#6479,.F.);
#8827=ORIENTED_EDGE('',*,*,#6477,.F.);
#8828=ORIENTED_EDGE('',*,*,#6488,.T.);
#8829=ORIENTED_EDGE('',*,*,#6489,.T.);
#8830=ORIENTED_EDGE('',*,*,#6490,.T.);
#8831=ORIENTED_EDGE('',*,*,#6491,.F.);
#8832=ORIENTED_EDGE('',*,*,#6492,.T.);
#8833=ORIENTED_EDGE('',*,*,#6493,.F.);
#8834=ORIENTED_EDGE('',*,*,#6494,.T.);
#8835=ORIENTED_EDGE('',*,*,#6495,.F.);
#8836=ORIENTED_EDGE('',*,*,#6496,.F.);
#8837=ORIENTED_EDGE('',*,*,#6497,.T.);
#8838=ORIENTED_EDGE('',*,*,#6498,.T.);
#8839=ORIENTED_EDGE('',*,*,#6499,.T.);
#8840=ORIENTED_EDGE('',*,*,#6500,.T.);
#8841=ORIENTED_EDGE('',*,*,#6491,.T.);
#8842=ORIENTED_EDGE('',*,*,#6501,.T.);
#8843=ORIENTED_EDGE('',*,*,#6457,.T.);
#8844=ORIENTED_EDGE('',*,*,#6502,.T.);
#8845=ORIENTED_EDGE('',*,*,#6502,.F.);
#8846=ORIENTED_EDGE('',*,*,#6456,.F.);
#8847=ORIENTED_EDGE('',*,*,#6503,.F.);
#8848=ORIENTED_EDGE('',*,*,#6492,.F.);
#8849=ORIENTED_EDGE('',*,*,#6467,.T.);
#8850=ORIENTED_EDGE('',*,*,#6504,.T.);
#8851=ORIENTED_EDGE('',*,*,#6483,.T.);
#8852=ORIENTED_EDGE('',*,*,#6505,.T.);
#8853=ORIENTED_EDGE('',*,*,#6505,.F.);
#8854=ORIENTED_EDGE('',*,*,#6482,.T.);
#8855=ORIENTED_EDGE('',*,*,#6506,.F.);
#8856=ORIENTED_EDGE('',*,*,#6468,.F.);
#8857=ORIENTED_EDGE('',*,*,#6465,.T.);
#8858=ORIENTED_EDGE('',*,*,#6507,.T.);
#8859=ORIENTED_EDGE('',*,*,#6485,.T.);
#8860=ORIENTED_EDGE('',*,*,#6508,.T.);
#8861=ORIENTED_EDGE('',*,*,#6507,.F.);
#8862=ORIENTED_EDGE('',*,*,#6464,.F.);
#8863=ORIENTED_EDGE('',*,*,#6509,.F.);
#8864=ORIENTED_EDGE('',*,*,#6486,.T.);
#8865=ORIENTED_EDGE('',*,*,#6469,.T.);
#8866=ORIENTED_EDGE('',*,*,#6506,.T.);
#8867=ORIENTED_EDGE('',*,*,#6481,.T.);
#8868=ORIENTED_EDGE('',*,*,#6452,.T.);
#8869=ORIENTED_EDGE('',*,*,#6450,.F.);
#8870=ORIENTED_EDGE('',*,*,#6494,.F.);
#8871=ORIENTED_EDGE('',*,*,#6510,.F.);
#8872=ORIENTED_EDGE('',*,*,#6454,.F.);
#8873=ORIENTED_EDGE('',*,*,#6504,.F.);
#8874=ORIENTED_EDGE('',*,*,#6466,.F.);
#8875=ORIENTED_EDGE('',*,*,#6508,.F.);
#8876=ORIENTED_EDGE('',*,*,#6484,.T.);
#8877=ORIENTED_EDGE('',*,*,#6455,.T.);
#8878=ORIENTED_EDGE('',*,*,#6510,.T.);
#8879=ORIENTED_EDGE('',*,*,#6493,.T.);
#8880=ORIENTED_EDGE('',*,*,#6503,.T.);
#8881=ORIENTED_EDGE('',*,*,#6487,.T.);
#8882=ORIENTED_EDGE('',*,*,#6509,.T.);
#8883=ORIENTED_EDGE('',*,*,#6463,.T.);
#8884=ORIENTED_EDGE('',*,*,#6480,.T.);
#8885=ORIENTED_EDGE('',*,*,#6472,.F.);
#8886=ORIENTED_EDGE('',*,*,#6511,.F.);
#8887=ORIENTED_EDGE('',*,*,#6499,.F.);
#8888=ORIENTED_EDGE('',*,*,#6512,.T.);
#8889=ORIENTED_EDGE('',*,*,#6473,.F.);
#8890=ORIENTED_EDGE('',*,*,#6512,.F.);
#8891=ORIENTED_EDGE('',*,*,#6498,.F.);
#8892=ORIENTED_EDGE('',*,*,#6513,.T.);
#8893=ORIENTED_EDGE('',*,*,#6470,.F.);
#8894=ORIENTED_EDGE('',*,*,#6513,.F.);
#8895=ORIENTED_EDGE('',*,*,#6497,.F.);
#8896=ORIENTED_EDGE('',*,*,#6514,.T.);
#8897=ORIENTED_EDGE('',*,*,#6471,.F.);
#8898=ORIENTED_EDGE('',*,*,#6514,.F.);
#8899=ORIENTED_EDGE('',*,*,#6500,.F.);
#8900=ORIENTED_EDGE('',*,*,#6511,.T.);
#8901=ORIENTED_EDGE('',*,*,#6501,.F.);
#8902=ORIENTED_EDGE('',*,*,#6490,.F.);
#8903=ORIENTED_EDGE('',*,*,#6515,.T.);
#8904=ORIENTED_EDGE('',*,*,#6458,.F.);
#8905=ORIENTED_EDGE('',*,*,#6459,.F.);
#8906=ORIENTED_EDGE('',*,*,#6515,.F.);
#8907=ORIENTED_EDGE('',*,*,#6489,.F.);
#8908=ORIENTED_EDGE('',*,*,#6516,.F.);
#8909=ORIENTED_EDGE('',*,*,#6476,.F.);
#8910=ORIENTED_EDGE('',*,*,#6460,.F.);
#8911=ORIENTED_EDGE('',*,*,#6516,.T.);
#8912=ORIENTED_EDGE('',*,*,#6488,.F.);
#8913=ORIENTED_EDGE('',*,*,#6474,.T.);
#8914=ORIENTED_EDGE('',*,*,#6517,.T.);
#8915=ORIENTED_EDGE('',*,*,#6495,.T.);
#8916=ORIENTED_EDGE('',*,*,#6517,.F.);
#8917=ORIENTED_EDGE('',*,*,#6475,.T.);
#8918=ORIENTED_EDGE('',*,*,#6518,.T.);
#8919=ORIENTED_EDGE('',*,*,#6496,.T.);
#8920=ORIENTED_EDGE('',*,*,#6518,.F.);
#8921=ORIENTED_EDGE('',*,*,#6519,.F.);
#8922=ORIENTED_EDGE('',*,*,#6520,.F.);
#8923=ORIENTED_EDGE('',*,*,#6521,.F.);
#8924=ORIENTED_EDGE('',*,*,#6522,.T.);
#8925=ORIENTED_EDGE('',*,*,#6523,.F.);
#8926=ORIENTED_EDGE('',*,*,#6522,.F.);
#8927=ORIENTED_EDGE('',*,*,#6524,.F.);
#8928=ORIENTED_EDGE('',*,*,#6525,.T.);
#8929=ORIENTED_EDGE('',*,*,#6526,.F.);
#8930=ORIENTED_EDGE('',*,*,#6525,.F.);
#8931=ORIENTED_EDGE('',*,*,#6527,.F.);
#8932=ORIENTED_EDGE('',*,*,#6528,.T.);
#8933=ORIENTED_EDGE('',*,*,#6529,.F.);
#8934=ORIENTED_EDGE('',*,*,#6528,.F.);
#8935=ORIENTED_EDGE('',*,*,#6530,.F.);
#8936=ORIENTED_EDGE('',*,*,#6520,.T.);
#8937=ORIENTED_EDGE('',*,*,#6531,.T.);
#8938=ORIENTED_EDGE('',*,*,#6532,.T.);
#8939=ORIENTED_EDGE('',*,*,#6533,.T.);
#8940=ORIENTED_EDGE('',*,*,#6534,.T.);
#8941=ORIENTED_EDGE('',*,*,#6534,.F.);
#8942=ORIENTED_EDGE('',*,*,#6535,.F.);
#8943=ORIENTED_EDGE('',*,*,#6536,.T.);
#8944=ORIENTED_EDGE('',*,*,#6537,.T.);
#8945=ORIENTED_EDGE('',*,*,#6533,.F.);
#8946=ORIENTED_EDGE('',*,*,#6538,.F.);
#8947=ORIENTED_EDGE('',*,*,#6539,.T.);
#8948=ORIENTED_EDGE('',*,*,#6540,.T.);
#8949=ORIENTED_EDGE('',*,*,#6541,.T.);
#8950=ORIENTED_EDGE('',*,*,#6542,.T.);
#8951=ORIENTED_EDGE('',*,*,#6543,.F.);
#8952=ORIENTED_EDGE('',*,*,#6544,.F.);
#8953=ORIENTED_EDGE('',*,*,#6545,.T.);
#8954=ORIENTED_EDGE('',*,*,#6535,.T.);
#8955=ORIENTED_EDGE('',*,*,#6526,.T.);
#8956=ORIENTED_EDGE('',*,*,#6529,.T.);
#8957=ORIENTED_EDGE('',*,*,#6519,.T.);
#8958=ORIENTED_EDGE('',*,*,#6523,.T.);
#8959=ORIENTED_EDGE('',*,*,#6546,.T.);
#8960=ORIENTED_EDGE('',*,*,#6547,.T.);
#8961=ORIENTED_EDGE('',*,*,#6543,.T.);
#8962=ORIENTED_EDGE('',*,*,#6548,.T.);
#8963=ORIENTED_EDGE('',*,*,#6547,.F.);
#8964=ORIENTED_EDGE('',*,*,#6549,.F.);
#8965=ORIENTED_EDGE('',*,*,#6550,.T.);
#8966=ORIENTED_EDGE('',*,*,#6544,.T.);
#8967=ORIENTED_EDGE('',*,*,#6531,.F.);
#8968=ORIENTED_EDGE('',*,*,#6537,.F.);
#8969=ORIENTED_EDGE('',*,*,#6551,.T.);
#8970=ORIENTED_EDGE('',*,*,#6549,.T.);
#8971=ORIENTED_EDGE('',*,*,#6546,.F.);
#8972=ORIENTED_EDGE('',*,*,#6552,.T.);
#8973=ORIENTED_EDGE('',*,*,#6553,.T.);
#8974=ORIENTED_EDGE('',*,*,#6554,.T.);
#8975=ORIENTED_EDGE('',*,*,#6555,.T.);
#8976=ORIENTED_EDGE('',*,*,#6556,.T.);
#8977=ORIENTED_EDGE('',*,*,#6527,.T.);
#8978=ORIENTED_EDGE('',*,*,#6524,.T.);
#8979=ORIENTED_EDGE('',*,*,#6521,.T.);
#8980=ORIENTED_EDGE('',*,*,#6530,.T.);
#8981=ORIENTED_EDGE('',*,*,#6551,.F.);
#8982=ORIENTED_EDGE('',*,*,#6536,.F.);
#8983=ORIENTED_EDGE('',*,*,#6545,.F.);
#8984=ORIENTED_EDGE('',*,*,#6550,.F.);
#8985=ORIENTED_EDGE('',*,*,#6554,.F.);
#8986=ORIENTED_EDGE('',*,*,#6557,.F.);
#8987=ORIENTED_EDGE('',*,*,#6540,.F.);
#8988=ORIENTED_EDGE('',*,*,#6558,.F.);
#8989=ORIENTED_EDGE('',*,*,#6539,.F.);
#8990=ORIENTED_EDGE('',*,*,#6559,.F.);
#8991=ORIENTED_EDGE('',*,*,#6555,.F.);
#8992=ORIENTED_EDGE('',*,*,#6558,.T.);
#8993=ORIENTED_EDGE('',*,*,#6532,.F.);
#8994=ORIENTED_EDGE('',*,*,#6556,.F.);
#8995=ORIENTED_EDGE('',*,*,#6559,.T.);
#8996=ORIENTED_EDGE('',*,*,#6538,.T.);
#8997=ORIENTED_EDGE('',*,*,#6553,.F.);
#8998=ORIENTED_EDGE('',*,*,#6560,.F.);
#8999=ORIENTED_EDGE('',*,*,#6541,.F.);
#9000=ORIENTED_EDGE('',*,*,#6557,.T.);
#9001=ORIENTED_EDGE('',*,*,#6548,.F.);
#9002=ORIENTED_EDGE('',*,*,#6542,.F.);
#9003=ORIENTED_EDGE('',*,*,#6560,.T.);
#9004=ORIENTED_EDGE('',*,*,#6552,.F.);
#9005=ORIENTED_EDGE('',*,*,#6561,.F.);
#9006=ORIENTED_EDGE('',*,*,#6562,.T.);
#9007=ORIENTED_EDGE('',*,*,#6563,.T.);
#9008=ORIENTED_EDGE('',*,*,#6562,.F.);
#9009=ORIENTED_EDGE('',*,*,#6564,.T.);
#9010=ORIENTED_EDGE('',*,*,#6565,.T.);
#9011=ORIENTED_EDGE('',*,*,#6566,.F.);
#9012=ORIENTED_EDGE('',*,*,#6567,.F.);
#9013=ORIENTED_EDGE('',*,*,#6568,.T.);
#9014=ORIENTED_EDGE('',*,*,#6567,.T.);
#9015=ORIENTED_EDGE('',*,*,#6569,.F.);
#9016=ORIENTED_EDGE('',*,*,#6570,.F.);
#9017=ORIENTED_EDGE('',*,*,#6571,.T.);
#9018=ORIENTED_EDGE('',*,*,#6570,.T.);
#9019=ORIENTED_EDGE('',*,*,#6572,.F.);
#9020=ORIENTED_EDGE('',*,*,#6573,.F.);
#9021=ORIENTED_EDGE('',*,*,#6574,.T.);
#9022=ORIENTED_EDGE('',*,*,#6573,.T.);
#9023=ORIENTED_EDGE('',*,*,#6575,.F.);
#9024=ORIENTED_EDGE('',*,*,#6565,.F.);
#9025=ORIENTED_EDGE('',*,*,#6575,.T.);
#9026=ORIENTED_EDGE('',*,*,#6572,.T.);
#9027=ORIENTED_EDGE('',*,*,#6569,.T.);
#9028=ORIENTED_EDGE('',*,*,#6566,.T.);
#9029=ORIENTED_EDGE('',*,*,#6561,.T.);
#9030=ORIENTED_EDGE('',*,*,#6574,.F.);
#9031=ORIENTED_EDGE('',*,*,#6564,.F.);
#9032=ORIENTED_EDGE('',*,*,#6568,.F.);
#9033=ORIENTED_EDGE('',*,*,#6571,.F.);
#9034=ORIENTED_EDGE('',*,*,#6563,.F.);
#9035=ORIENTED_EDGE('',*,*,#6576,.F.);
#9036=ORIENTED_EDGE('',*,*,#6577,.F.);
#9037=ORIENTED_EDGE('',*,*,#6578,.F.);
#9038=ORIENTED_EDGE('',*,*,#6579,.T.);
#9039=ORIENTED_EDGE('',*,*,#6580,.F.);
#9040=ORIENTED_EDGE('',*,*,#6579,.F.);
#9041=ORIENTED_EDGE('',*,*,#6581,.F.);
#9042=ORIENTED_EDGE('',*,*,#6582,.T.);
#9043=ORIENTED_EDGE('',*,*,#6583,.F.);
#9044=ORIENTED_EDGE('',*,*,#6582,.F.);
#9045=ORIENTED_EDGE('',*,*,#6584,.F.);
#9046=ORIENTED_EDGE('',*,*,#6585,.T.);
#9047=ORIENTED_EDGE('',*,*,#6586,.F.);
#9048=ORIENTED_EDGE('',*,*,#6585,.F.);
#9049=ORIENTED_EDGE('',*,*,#6587,.F.);
#9050=ORIENTED_EDGE('',*,*,#6577,.T.);
#9051=ORIENTED_EDGE('',*,*,#6588,.T.);
#9052=ORIENTED_EDGE('',*,*,#6589,.T.);
#9053=ORIENTED_EDGE('',*,*,#6590,.T.);
#9054=ORIENTED_EDGE('',*,*,#6591,.T.);
#9055=ORIENTED_EDGE('',*,*,#6592,.T.);
#9056=ORIENTED_EDGE('',*,*,#6593,.F.);
#9057=ORIENTED_EDGE('',*,*,#6594,.F.);
#9058=ORIENTED_EDGE('',*,*,#6589,.F.);
#9059=ORIENTED_EDGE('',*,*,#6583,.T.);
#9060=ORIENTED_EDGE('',*,*,#6586,.T.);
#9061=ORIENTED_EDGE('',*,*,#6576,.T.);
#9062=ORIENTED_EDGE('',*,*,#6580,.T.);
#9063=ORIENTED_EDGE('',*,*,#6594,.T.);
#9064=ORIENTED_EDGE('',*,*,#6595,.F.);
#9065=ORIENTED_EDGE('',*,*,#6596,.F.);
#9066=ORIENTED_EDGE('',*,*,#6590,.F.);
#9067=ORIENTED_EDGE('',*,*,#6596,.T.);
#9068=ORIENTED_EDGE('',*,*,#6597,.F.);
#9069=ORIENTED_EDGE('',*,*,#6598,.F.);
#9070=ORIENTED_EDGE('',*,*,#6591,.F.);
#9071=ORIENTED_EDGE('',*,*,#6584,.T.);
#9072=ORIENTED_EDGE('',*,*,#6581,.T.);
#9073=ORIENTED_EDGE('',*,*,#6578,.T.);
#9074=ORIENTED_EDGE('',*,*,#6587,.T.);
#9075=ORIENTED_EDGE('',*,*,#6598,.T.);
#9076=ORIENTED_EDGE('',*,*,#6599,.F.);
#9077=ORIENTED_EDGE('',*,*,#6592,.F.);
#9078=ORIENTED_EDGE('',*,*,#6588,.F.);
#9079=ORIENTED_EDGE('',*,*,#6599,.T.);
#9080=ORIENTED_EDGE('',*,*,#6597,.T.);
#9081=ORIENTED_EDGE('',*,*,#6595,.T.);
#9082=ORIENTED_EDGE('',*,*,#6593,.T.);
#9083=ORIENTED_EDGE('',*,*,#6600,.F.);
#9084=ORIENTED_EDGE('',*,*,#6601,.F.);
#9085=ORIENTED_EDGE('',*,*,#6602,.F.);
#9086=ORIENTED_EDGE('',*,*,#6603,.T.);
#9087=ORIENTED_EDGE('',*,*,#6604,.F.);
#9088=ORIENTED_EDGE('',*,*,#6603,.F.);
#9089=ORIENTED_EDGE('',*,*,#6605,.F.);
#9090=ORIENTED_EDGE('',*,*,#6606,.T.);
#9091=ORIENTED_EDGE('',*,*,#6607,.F.);
#9092=ORIENTED_EDGE('',*,*,#6606,.F.);
#9093=ORIENTED_EDGE('',*,*,#6608,.F.);
#9094=ORIENTED_EDGE('',*,*,#6609,.T.);
#9095=ORIENTED_EDGE('',*,*,#6610,.F.);
#9096=ORIENTED_EDGE('',*,*,#6609,.F.);
#9097=ORIENTED_EDGE('',*,*,#6611,.F.);
#9098=ORIENTED_EDGE('',*,*,#6601,.T.);
#9099=ORIENTED_EDGE('',*,*,#6612,.T.);
#9100=ORIENTED_EDGE('',*,*,#6613,.T.);
#9101=ORIENTED_EDGE('',*,*,#6614,.T.);
#9102=ORIENTED_EDGE('',*,*,#6615,.T.);
#9103=ORIENTED_EDGE('',*,*,#6616,.T.);
#9104=ORIENTED_EDGE('',*,*,#6617,.F.);
#9105=ORIENTED_EDGE('',*,*,#6618,.F.);
#9106=ORIENTED_EDGE('',*,*,#6613,.F.);
#9107=ORIENTED_EDGE('',*,*,#6618,.T.);
#9108=ORIENTED_EDGE('',*,*,#6619,.F.);
#9109=ORIENTED_EDGE('',*,*,#6620,.F.);
#9110=ORIENTED_EDGE('',*,*,#6614,.F.);
#9111=ORIENTED_EDGE('',*,*,#6608,.T.);
#9112=ORIENTED_EDGE('',*,*,#6605,.T.);
#9113=ORIENTED_EDGE('',*,*,#6602,.T.);
#9114=ORIENTED_EDGE('',*,*,#6611,.T.);
#9115=ORIENTED_EDGE('',*,*,#6620,.T.);
#9116=ORIENTED_EDGE('',*,*,#6621,.F.);
#9117=ORIENTED_EDGE('',*,*,#6622,.F.);
#9118=ORIENTED_EDGE('',*,*,#6615,.F.);
#9119=ORIENTED_EDGE('',*,*,#6622,.T.);
#9120=ORIENTED_EDGE('',*,*,#6623,.F.);
#9121=ORIENTED_EDGE('',*,*,#6616,.F.);
#9122=ORIENTED_EDGE('',*,*,#6612,.F.);
#9123=ORIENTED_EDGE('',*,*,#6607,.T.);
#9124=ORIENTED_EDGE('',*,*,#6610,.T.);
#9125=ORIENTED_EDGE('',*,*,#6600,.T.);
#9126=ORIENTED_EDGE('',*,*,#6604,.T.);
#9127=ORIENTED_EDGE('',*,*,#6623,.T.);
#9128=ORIENTED_EDGE('',*,*,#6621,.T.);
#9129=ORIENTED_EDGE('',*,*,#6619,.T.);
#9130=ORIENTED_EDGE('',*,*,#6617,.T.);
#9131=ORIENTED_EDGE('',*,*,#6624,.F.);
#9132=ORIENTED_EDGE('',*,*,#6625,.F.);
#9133=ORIENTED_EDGE('',*,*,#6626,.F.);
#9134=ORIENTED_EDGE('',*,*,#6627,.F.);
#9135=ORIENTED_EDGE('',*,*,#6628,.F.);
#9136=ORIENTED_EDGE('',*,*,#6629,.F.);
#9137=ORIENTED_EDGE('',*,*,#6630,.F.);
#9138=ORIENTED_EDGE('',*,*,#6631,.F.);
#9139=ORIENTED_EDGE('',*,*,#6631,.T.);
#9140=ORIENTED_EDGE('',*,*,#6632,.F.);
#9141=ORIENTED_EDGE('',*,*,#6633,.T.);
#9142=ORIENTED_EDGE('',*,*,#6634,.T.);
#9143=ORIENTED_EDGE('',*,*,#6630,.T.);
#9144=ORIENTED_EDGE('',*,*,#6635,.F.);
#9145=ORIENTED_EDGE('',*,*,#6636,.T.);
#9146=ORIENTED_EDGE('',*,*,#6632,.T.);
#9147=ORIENTED_EDGE('',*,*,#6627,.T.);
#9148=ORIENTED_EDGE('',*,*,#6637,.F.);
#9149=ORIENTED_EDGE('',*,*,#6638,.T.);
#9150=ORIENTED_EDGE('',*,*,#6639,.T.);
#9151=ORIENTED_EDGE('',*,*,#6626,.T.);
#9152=ORIENTED_EDGE('',*,*,#6640,.F.);
#9153=ORIENTED_EDGE('',*,*,#6641,.T.);
#9154=ORIENTED_EDGE('',*,*,#6637,.T.);
#9155=ORIENTED_EDGE('',*,*,#6629,.T.);
#9156=ORIENTED_EDGE('',*,*,#6642,.T.);
#9157=ORIENTED_EDGE('',*,*,#6643,.T.);
#9158=ORIENTED_EDGE('',*,*,#6635,.T.);
#9159=ORIENTED_EDGE('',*,*,#6625,.T.);
#9160=ORIENTED_EDGE('',*,*,#6644,.T.);
#9161=ORIENTED_EDGE('',*,*,#6645,.T.);
#9162=ORIENTED_EDGE('',*,*,#6640,.T.);
#9163=ORIENTED_EDGE('',*,*,#6628,.T.);
#9164=ORIENTED_EDGE('',*,*,#6634,.F.);
#9165=ORIENTED_EDGE('',*,*,#6646,.T.);
#9166=ORIENTED_EDGE('',*,*,#6642,.F.);
#9167=ORIENTED_EDGE('',*,*,#6624,.T.);
#9168=ORIENTED_EDGE('',*,*,#6639,.F.);
#9169=ORIENTED_EDGE('',*,*,#6647,.T.);
#9170=ORIENTED_EDGE('',*,*,#6644,.F.);
#9171=ORIENTED_EDGE('',*,*,#6647,.F.);
#9172=ORIENTED_EDGE('',*,*,#6638,.F.);
#9173=ORIENTED_EDGE('',*,*,#6641,.F.);
#9174=ORIENTED_EDGE('',*,*,#6645,.F.);
#9175=ORIENTED_EDGE('',*,*,#6646,.F.);
#9176=ORIENTED_EDGE('',*,*,#6633,.F.);
#9177=ORIENTED_EDGE('',*,*,#6636,.F.);
#9178=ORIENTED_EDGE('',*,*,#6643,.F.);
#9179=ORIENTED_EDGE('',*,*,#6648,.F.);
#9180=ORIENTED_EDGE('',*,*,#6649,.F.);
#9181=ORIENTED_EDGE('',*,*,#6650,.F.);
#9182=ORIENTED_EDGE('',*,*,#6651,.F.);
#9183=ORIENTED_EDGE('',*,*,#6649,.T.);
#9184=ORIENTED_EDGE('',*,*,#6652,.T.);
#9185=ORIENTED_EDGE('',*,*,#6653,.T.);
#9186=ORIENTED_EDGE('',*,*,#6654,.F.);
#9187=ORIENTED_EDGE('',*,*,#6648,.T.);
#9188=ORIENTED_EDGE('',*,*,#6655,.F.);
#9189=ORIENTED_EDGE('',*,*,#6656,.F.);
#9190=ORIENTED_EDGE('',*,*,#6657,.F.);
#9191=ORIENTED_EDGE('',*,*,#6658,.F.);
#9192=ORIENTED_EDGE('',*,*,#6652,.F.);
#9193=ORIENTED_EDGE('',*,*,#6658,.T.);
#9194=ORIENTED_EDGE('',*,*,#6659,.F.);
#9195=ORIENTED_EDGE('',*,*,#6660,.T.);
#9196=ORIENTED_EDGE('',*,*,#6661,.T.);
#9197=ORIENTED_EDGE('',*,*,#6662,.T.);
#9198=ORIENTED_EDGE('',*,*,#6663,.T.);
#9199=ORIENTED_EDGE('',*,*,#6664,.T.);
#9200=ORIENTED_EDGE('',*,*,#6665,.T.);
#9201=ORIENTED_EDGE('',*,*,#6666,.T.);
#9202=ORIENTED_EDGE('',*,*,#6667,.T.);
#9203=ORIENTED_EDGE('',*,*,#6668,.F.);
#9204=ORIENTED_EDGE('',*,*,#6653,.F.);
#9205=ORIENTED_EDGE('',*,*,#6650,.T.);
#9206=ORIENTED_EDGE('',*,*,#6654,.T.);
#9207=ORIENTED_EDGE('',*,*,#6668,.T.);
#9208=ORIENTED_EDGE('',*,*,#6669,.T.);
#9209=ORIENTED_EDGE('',*,*,#6670,.F.);
#9210=ORIENTED_EDGE('',*,*,#6671,.F.);
#9211=ORIENTED_EDGE('',*,*,#6672,.T.);
#9212=ORIENTED_EDGE('',*,*,#6656,.T.);
#9213=ORIENTED_EDGE('',*,*,#6672,.F.);
#9214=ORIENTED_EDGE('',*,*,#6673,.F.);
#9215=ORIENTED_EDGE('',*,*,#6659,.T.);
#9216=ORIENTED_EDGE('',*,*,#6657,.T.);
#9217=ORIENTED_EDGE('',*,*,#6671,.T.);
#9218=ORIENTED_EDGE('',*,*,#6674,.F.);
#9219=ORIENTED_EDGE('',*,*,#6675,.F.);
#9220=ORIENTED_EDGE('',*,*,#6676,.F.);
#9221=ORIENTED_EDGE('',*,*,#6660,.F.);
#9222=ORIENTED_EDGE('',*,*,#6673,.T.);
#9223=ORIENTED_EDGE('',*,*,#6675,.T.);
#9224=ORIENTED_EDGE('',*,*,#6677,.T.);
#9225=ORIENTED_EDGE('',*,*,#6678,.T.);
#9226=ORIENTED_EDGE('',*,*,#6679,.T.);
#9227=ORIENTED_EDGE('',*,*,#6680,.T.);
#9228=ORIENTED_EDGE('',*,*,#6681,.T.);
#9229=ORIENTED_EDGE('',*,*,#6682,.T.);
#9230=ORIENTED_EDGE('',*,*,#6683,.T.);
#9231=ORIENTED_EDGE('',*,*,#6684,.T.);
#9232=ORIENTED_EDGE('',*,*,#6685,.T.);
#9233=ORIENTED_EDGE('',*,*,#6686,.T.);
#9234=ORIENTED_EDGE('',*,*,#6687,.T.);
#9235=ORIENTED_EDGE('',*,*,#6688,.F.);
#9236=ORIENTED_EDGE('',*,*,#6689,.F.);
#9237=ORIENTED_EDGE('',*,*,#6664,.F.);
#9238=ORIENTED_EDGE('',*,*,#6690,.F.);
#9239=ORIENTED_EDGE('',*,*,#6689,.T.);
#9240=ORIENTED_EDGE('',*,*,#6691,.T.);
#9241=ORIENTED_EDGE('',*,*,#6692,.T.);
#9242=ORIENTED_EDGE('',*,*,#6679,.F.);
#9243=ORIENTED_EDGE('',*,*,#6693,.T.);
#9244=ORIENTED_EDGE('',*,*,#6665,.F.);
#9245=ORIENTED_EDGE('',*,*,#6688,.T.);
#9246=ORIENTED_EDGE('',*,*,#6694,.T.);
#9247=ORIENTED_EDGE('',*,*,#6695,.F.);
#9248=ORIENTED_EDGE('',*,*,#6696,.F.);
#9249=ORIENTED_EDGE('',*,*,#6697,.F.);
#9250=ORIENTED_EDGE('',*,*,#6698,.F.);
#9251=ORIENTED_EDGE('',*,*,#6699,.F.);
#9252=ORIENTED_EDGE('',*,*,#6691,.F.);
#9253=ORIENTED_EDGE('',*,*,#6676,.T.);
#9254=ORIENTED_EDGE('',*,*,#6687,.F.);
#9255=ORIENTED_EDGE('',*,*,#6700,.T.);
#9256=ORIENTED_EDGE('',*,*,#6661,.F.);
#9257=ORIENTED_EDGE('',*,*,#6651,.T.);
#9258=ORIENTED_EDGE('',*,*,#6669,.F.);
#9259=ORIENTED_EDGE('',*,*,#6667,.F.);
#9260=ORIENTED_EDGE('',*,*,#6701,.F.);
#9261=ORIENTED_EDGE('',*,*,#6677,.F.);
#9262=ORIENTED_EDGE('',*,*,#6674,.T.);
#9263=ORIENTED_EDGE('',*,*,#6670,.T.);
#9264=ORIENTED_EDGE('',*,*,#6655,.T.);
#9265=ORIENTED_EDGE('',*,*,#6693,.F.);
#9266=ORIENTED_EDGE('',*,*,#6678,.F.);
#9267=ORIENTED_EDGE('',*,*,#6701,.T.);
#9268=ORIENTED_EDGE('',*,*,#6666,.F.);
#9269=ORIENTED_EDGE('',*,*,#6700,.F.);
#9270=ORIENTED_EDGE('',*,*,#6686,.F.);
#9271=ORIENTED_EDGE('',*,*,#6702,.T.);
#9272=ORIENTED_EDGE('',*,*,#6662,.F.);
#9273=ORIENTED_EDGE('',*,*,#6690,.T.);
#9274=ORIENTED_EDGE('',*,*,#6663,.F.);
#9275=ORIENTED_EDGE('',*,*,#6702,.F.);
#9276=ORIENTED_EDGE('',*,*,#6685,.F.);
#9277=ORIENTED_EDGE('',*,*,#6703,.F.);
#9278=ORIENTED_EDGE('',*,*,#6694,.F.);
#9279=ORIENTED_EDGE('',*,*,#6695,.T.);
#9280=ORIENTED_EDGE('',*,*,#6703,.T.);
#9281=ORIENTED_EDGE('',*,*,#6684,.F.);
#9282=ORIENTED_EDGE('',*,*,#6704,.F.);
#9283=ORIENTED_EDGE('',*,*,#6696,.T.);
#9284=ORIENTED_EDGE('',*,*,#6704,.T.);
#9285=ORIENTED_EDGE('',*,*,#6683,.F.);
#9286=ORIENTED_EDGE('',*,*,#6705,.F.);
#9287=ORIENTED_EDGE('',*,*,#6697,.T.);
#9288=ORIENTED_EDGE('',*,*,#6705,.T.);
#9289=ORIENTED_EDGE('',*,*,#6682,.F.);
#9290=ORIENTED_EDGE('',*,*,#6706,.F.);
#9291=ORIENTED_EDGE('',*,*,#6698,.T.);
#9292=ORIENTED_EDGE('',*,*,#6706,.T.);
#9293=ORIENTED_EDGE('',*,*,#6681,.F.);
#9294=ORIENTED_EDGE('',*,*,#6707,.F.);
#9295=ORIENTED_EDGE('',*,*,#6699,.T.);
#9296=ORIENTED_EDGE('',*,*,#6707,.T.);
#9297=ORIENTED_EDGE('',*,*,#6680,.F.);
#9298=ORIENTED_EDGE('',*,*,#6692,.F.);
#9299=ORIENTED_EDGE('',*,*,#6708,.F.);
#9300=ORIENTED_EDGE('',*,*,#6709,.F.);
#9301=ORIENTED_EDGE('',*,*,#6710,.F.);
#9302=ORIENTED_EDGE('',*,*,#6711,.F.);
#9303=ORIENTED_EDGE('',*,*,#6712,.F.);
#9304=ORIENTED_EDGE('',*,*,#6713,.F.);
#9305=ORIENTED_EDGE('',*,*,#6714,.F.);
#9306=ORIENTED_EDGE('',*,*,#6715,.F.);
#9307=ORIENTED_EDGE('',*,*,#6716,.F.);
#9308=ORIENTED_EDGE('',*,*,#6717,.F.);
#9309=ORIENTED_EDGE('',*,*,#6718,.F.);
#9310=ORIENTED_EDGE('',*,*,#6719,.F.);
#9311=ORIENTED_EDGE('',*,*,#6720,.F.);
#9312=ORIENTED_EDGE('',*,*,#6721,.F.);
#9313=ORIENTED_EDGE('',*,*,#6722,.F.);
#9314=ORIENTED_EDGE('',*,*,#6723,.F.);
#9315=ORIENTED_EDGE('',*,*,#6724,.F.);
#9316=ORIENTED_EDGE('',*,*,#6725,.F.);
#9317=ORIENTED_EDGE('',*,*,#6726,.F.);
#9318=ORIENTED_EDGE('',*,*,#6727,.F.);
#9319=ORIENTED_EDGE('',*,*,#6717,.T.);
#9320=ORIENTED_EDGE('',*,*,#6728,.T.);
#9321=ORIENTED_EDGE('',*,*,#6729,.T.);
#9322=ORIENTED_EDGE('',*,*,#6730,.F.);
#9323=ORIENTED_EDGE('',*,*,#6716,.T.);
#9324=ORIENTED_EDGE('',*,*,#6731,.F.);
#9325=ORIENTED_EDGE('',*,*,#6732,.T.);
#9326=ORIENTED_EDGE('',*,*,#6728,.F.);
#9327=ORIENTED_EDGE('',*,*,#6715,.T.);
#9328=ORIENTED_EDGE('',*,*,#6733,.F.);
#9329=ORIENTED_EDGE('',*,*,#6734,.T.);
#9330=ORIENTED_EDGE('',*,*,#6731,.T.);
#9331=ORIENTED_EDGE('',*,*,#6714,.T.);
#9332=ORIENTED_EDGE('',*,*,#6735,.F.);
#9333=ORIENTED_EDGE('',*,*,#6736,.T.);
#9334=ORIENTED_EDGE('',*,*,#6733,.T.);
#9335=ORIENTED_EDGE('',*,*,#6713,.T.);
#9336=ORIENTED_EDGE('',*,*,#6737,.F.);
#9337=ORIENTED_EDGE('',*,*,#6738,.T.);
#9338=ORIENTED_EDGE('',*,*,#6735,.T.);
#9339=ORIENTED_EDGE('',*,*,#6712,.T.);
#9340=ORIENTED_EDGE('',*,*,#6739,.T.);
#9341=ORIENTED_EDGE('',*,*,#6740,.T.);
#9342=ORIENTED_EDGE('',*,*,#6737,.T.);
#9343=ORIENTED_EDGE('',*,*,#6711,.T.);
#9344=ORIENTED_EDGE('',*,*,#6741,.T.);
#9345=ORIENTED_EDGE('',*,*,#6742,.T.);
#9346=ORIENTED_EDGE('',*,*,#6739,.F.);
#9347=ORIENTED_EDGE('',*,*,#6710,.T.);
#9348=ORIENTED_EDGE('',*,*,#6743,.T.);
#9349=ORIENTED_EDGE('',*,*,#6744,.T.);
#9350=ORIENTED_EDGE('',*,*,#6741,.F.);
#9351=ORIENTED_EDGE('',*,*,#6709,.T.);
#9352=ORIENTED_EDGE('',*,*,#6745,.T.);
#9353=ORIENTED_EDGE('',*,*,#6746,.T.);
#9354=ORIENTED_EDGE('',*,*,#6743,.F.);
#9355=ORIENTED_EDGE('',*,*,#6708,.T.);
#9356=ORIENTED_EDGE('',*,*,#6747,.F.);
#9357=ORIENTED_EDGE('',*,*,#6748,.T.);
#9358=ORIENTED_EDGE('',*,*,#6745,.F.);
#9359=ORIENTED_EDGE('',*,*,#6748,.F.);
#9360=ORIENTED_EDGE('',*,*,#6749,.F.);
#9361=ORIENTED_EDGE('',*,*,#6750,.F.);
#9362=ORIENTED_EDGE('',*,*,#6751,.F.);
#9363=ORIENTED_EDGE('',*,*,#6752,.F.);
#9364=ORIENTED_EDGE('',*,*,#6753,.F.);
#9365=ORIENTED_EDGE('',*,*,#6754,.F.);
#9366=ORIENTED_EDGE('',*,*,#6755,.F.);
#9367=ORIENTED_EDGE('',*,*,#6756,.F.);
#9368=ORIENTED_EDGE('',*,*,#6757,.F.);
#9369=ORIENTED_EDGE('',*,*,#6758,.F.);
#9370=ORIENTED_EDGE('',*,*,#6729,.F.);
#9371=ORIENTED_EDGE('',*,*,#6732,.F.);
#9372=ORIENTED_EDGE('',*,*,#6734,.F.);
#9373=ORIENTED_EDGE('',*,*,#6736,.F.);
#9374=ORIENTED_EDGE('',*,*,#6738,.F.);
#9375=ORIENTED_EDGE('',*,*,#6740,.F.);
#9376=ORIENTED_EDGE('',*,*,#6742,.F.);
#9377=ORIENTED_EDGE('',*,*,#6744,.F.);
#9378=ORIENTED_EDGE('',*,*,#6746,.F.);
#9379=ORIENTED_EDGE('',*,*,#6719,.T.);
#9380=ORIENTED_EDGE('',*,*,#6759,.T.);
#9381=ORIENTED_EDGE('',*,*,#6757,.T.);
#9382=ORIENTED_EDGE('',*,*,#6760,.F.);
#9383=ORIENTED_EDGE('',*,*,#6720,.T.);
#9384=ORIENTED_EDGE('',*,*,#6760,.T.);
#9385=ORIENTED_EDGE('',*,*,#6756,.T.);
#9386=ORIENTED_EDGE('',*,*,#6761,.F.);
#9387=ORIENTED_EDGE('',*,*,#6721,.T.);
#9388=ORIENTED_EDGE('',*,*,#6761,.T.);
#9389=ORIENTED_EDGE('',*,*,#6755,.T.);
#9390=ORIENTED_EDGE('',*,*,#6762,.F.);
#9391=ORIENTED_EDGE('',*,*,#6722,.T.);
#9392=ORIENTED_EDGE('',*,*,#6762,.T.);
#9393=ORIENTED_EDGE('',*,*,#6754,.T.);
#9394=ORIENTED_EDGE('',*,*,#6763,.T.);
#9395=ORIENTED_EDGE('',*,*,#6723,.T.);
#9396=ORIENTED_EDGE('',*,*,#6763,.F.);
#9397=ORIENTED_EDGE('',*,*,#6753,.T.);
#9398=ORIENTED_EDGE('',*,*,#6764,.T.);
#9399=ORIENTED_EDGE('',*,*,#6724,.T.);
#9400=ORIENTED_EDGE('',*,*,#6764,.F.);
#9401=ORIENTED_EDGE('',*,*,#6752,.T.);
#9402=ORIENTED_EDGE('',*,*,#6765,.T.);
#9403=ORIENTED_EDGE('',*,*,#6725,.T.);
#9404=ORIENTED_EDGE('',*,*,#6765,.F.);
#9405=ORIENTED_EDGE('',*,*,#6751,.T.);
#9406=ORIENTED_EDGE('',*,*,#6766,.T.);
#9407=ORIENTED_EDGE('',*,*,#6726,.T.);
#9408=ORIENTED_EDGE('',*,*,#6766,.F.);
#9409=ORIENTED_EDGE('',*,*,#6750,.T.);
#9410=ORIENTED_EDGE('',*,*,#6767,.T.);
#9411=ORIENTED_EDGE('',*,*,#6727,.T.);
#9412=ORIENTED_EDGE('',*,*,#6767,.F.);
#9413=ORIENTED_EDGE('',*,*,#6749,.T.);
#9414=ORIENTED_EDGE('',*,*,#6747,.T.);
#9415=ORIENTED_EDGE('',*,*,#6718,.T.);
#9416=ORIENTED_EDGE('',*,*,#6730,.T.);
#9417=ORIENTED_EDGE('',*,*,#6758,.T.);
#9418=ORIENTED_EDGE('',*,*,#6759,.F.);
#9419=ORIENTED_EDGE('',*,*,#6768,.F.);
#9420=ORIENTED_EDGE('',*,*,#6769,.T.);
#9421=ORIENTED_EDGE('',*,*,#6770,.F.);
#9422=ORIENTED_EDGE('',*,*,#6771,.F.);
#9423=ORIENTED_EDGE('',*,*,#6772,.T.);
#9424=ORIENTED_EDGE('',*,*,#6773,.T.);
#9425=ORIENTED_EDGE('',*,*,#6769,.F.);
#9426=ORIENTED_EDGE('',*,*,#6774,.F.);
#9427=ORIENTED_EDGE('',*,*,#6775,.T.);
#9428=ORIENTED_EDGE('',*,*,#6776,.F.);
#9429=ORIENTED_EDGE('',*,*,#6777,.F.);
#9430=ORIENTED_EDGE('',*,*,#6778,.F.);
#9431=ORIENTED_EDGE('',*,*,#6779,.T.);
#9432=ORIENTED_EDGE('',*,*,#6780,.F.);
#9433=ORIENTED_EDGE('',*,*,#6775,.F.);
#9434=ORIENTED_EDGE('',*,*,#6781,.F.);
#9435=ORIENTED_EDGE('',*,*,#6782,.T.);
#9436=ORIENTED_EDGE('',*,*,#6783,.F.);
#9437=ORIENTED_EDGE('',*,*,#6779,.F.);
#9438=ORIENTED_EDGE('',*,*,#6784,.F.);
#9439=ORIENTED_EDGE('',*,*,#6785,.T.);
#9440=ORIENTED_EDGE('',*,*,#6786,.F.);
#9441=ORIENTED_EDGE('',*,*,#6787,.F.);
#9442=ORIENTED_EDGE('',*,*,#6788,.F.);
#9443=ORIENTED_EDGE('',*,*,#6789,.T.);
#9444=ORIENTED_EDGE('',*,*,#6790,.F.);
#9445=ORIENTED_EDGE('',*,*,#6785,.F.);
#9446=ORIENTED_EDGE('',*,*,#6791,.F.);
#9447=ORIENTED_EDGE('',*,*,#6792,.T.);
#9448=ORIENTED_EDGE('',*,*,#6793,.F.);
#9449=ORIENTED_EDGE('',*,*,#6789,.F.);
#9450=ORIENTED_EDGE('',*,*,#6794,.F.);
#9451=ORIENTED_EDGE('',*,*,#6776,.T.);
#9452=ORIENTED_EDGE('',*,*,#6780,.T.);
#9453=ORIENTED_EDGE('',*,*,#6783,.T.);
#9454=ORIENTED_EDGE('',*,*,#6795,.T.);
#9455=ORIENTED_EDGE('',*,*,#6796,.F.);
#9456=ORIENTED_EDGE('',*,*,#6797,.F.);
#9457=ORIENTED_EDGE('',*,*,#6798,.F.);
#9458=ORIENTED_EDGE('',*,*,#6799,.T.);
#9459=ORIENTED_EDGE('',*,*,#6786,.T.);
#9460=ORIENTED_EDGE('',*,*,#6790,.T.);
#9461=ORIENTED_EDGE('',*,*,#6793,.T.);
#9462=ORIENTED_EDGE('',*,*,#6800,.T.);
#9463=ORIENTED_EDGE('',*,*,#6801,.F.);
#9464=ORIENTED_EDGE('',*,*,#6802,.F.);
#9465=ORIENTED_EDGE('',*,*,#6803,.F.);
#9466=ORIENTED_EDGE('',*,*,#6804,.F.);
#9467=ORIENTED_EDGE('',*,*,#6805,.T.);
#9468=ORIENTED_EDGE('',*,*,#6806,.T.);
#9469=ORIENTED_EDGE('',*,*,#6807,.T.);
#9470=ORIENTED_EDGE('',*,*,#6808,.F.);
#9471=ORIENTED_EDGE('',*,*,#6809,.F.);
#9472=ORIENTED_EDGE('',*,*,#6810,.T.);
#9473=ORIENTED_EDGE('',*,*,#6811,.T.);
#9474=ORIENTED_EDGE('',*,*,#6812,.F.);
#9475=ORIENTED_EDGE('',*,*,#6813,.F.);
#9476=ORIENTED_EDGE('',*,*,#6814,.F.);
#9477=ORIENTED_EDGE('',*,*,#6815,.F.);
#9478=ORIENTED_EDGE('',*,*,#6816,.F.);
#9479=ORIENTED_EDGE('',*,*,#6810,.F.);
#9480=ORIENTED_EDGE('',*,*,#6817,.F.);
#9481=ORIENTED_EDGE('',*,*,#6818,.F.);
#9482=ORIENTED_EDGE('',*,*,#6819,.F.);
#9483=ORIENTED_EDGE('',*,*,#6820,.F.);
#9484=ORIENTED_EDGE('',*,*,#6821,.F.);
#9485=ORIENTED_EDGE('',*,*,#6822,.F.);
#9486=ORIENTED_EDGE('',*,*,#6823,.F.);
#9487=ORIENTED_EDGE('',*,*,#6806,.F.);
#9488=ORIENTED_EDGE('',*,*,#6824,.F.);
#9489=ORIENTED_EDGE('',*,*,#6773,.F.);
#9490=ORIENTED_EDGE('',*,*,#6825,.T.);
#9491=ORIENTED_EDGE('',*,*,#6826,.F.);
#9492=ORIENTED_EDGE('',*,*,#6827,.F.);
#9493=ORIENTED_EDGE('',*,*,#6828,.F.);
#9494=ORIENTED_EDGE('',*,*,#6829,.F.);
#9495=ORIENTED_EDGE('',*,*,#6830,.T.);
#9496=ORIENTED_EDGE('',*,*,#6818,.T.);
#9497=ORIENTED_EDGE('',*,*,#6831,.T.);
#9498=ORIENTED_EDGE('',*,*,#6832,.F.);
#9499=ORIENTED_EDGE('',*,*,#6833,.F.);
#9500=ORIENTED_EDGE('',*,*,#6822,.T.);
#9501=ORIENTED_EDGE('',*,*,#6834,.T.);
#9502=ORIENTED_EDGE('',*,*,#6835,.F.);
#9503=ORIENTED_EDGE('',*,*,#6836,.F.);
#9504=ORIENTED_EDGE('',*,*,#6837,.F.);
#9505=ORIENTED_EDGE('',*,*,#6838,.F.);
#9506=ORIENTED_EDGE('',*,*,#6839,.F.);
#9507=ORIENTED_EDGE('',*,*,#6791,.T.);
#9508=ORIENTED_EDGE('',*,*,#6788,.T.);
#9509=ORIENTED_EDGE('',*,*,#6784,.T.);
#9510=ORIENTED_EDGE('',*,*,#6840,.T.);
#9511=ORIENTED_EDGE('',*,*,#6841,.F.);
#9512=ORIENTED_EDGE('',*,*,#6842,.F.);
#9513=ORIENTED_EDGE('',*,*,#6843,.F.);
#9514=ORIENTED_EDGE('',*,*,#6844,.T.);
#9515=ORIENTED_EDGE('',*,*,#6781,.T.);
#9516=ORIENTED_EDGE('',*,*,#6778,.T.);
#9517=ORIENTED_EDGE('',*,*,#6774,.T.);
#9518=ORIENTED_EDGE('',*,*,#6817,.T.);
#9519=ORIENTED_EDGE('',*,*,#6809,.T.);
#9520=ORIENTED_EDGE('',*,*,#6845,.F.);
#9521=ORIENTED_EDGE('',*,*,#6831,.F.);
#9522=ORIENTED_EDGE('',*,*,#6846,.T.);
#9523=ORIENTED_EDGE('',*,*,#6832,.T.);
#9524=ORIENTED_EDGE('',*,*,#6845,.T.);
#9525=ORIENTED_EDGE('',*,*,#6808,.T.);
#9526=ORIENTED_EDGE('',*,*,#6811,.F.);
#9527=ORIENTED_EDGE('',*,*,#6816,.T.);
#9528=ORIENTED_EDGE('',*,*,#6772,.F.);
#9529=ORIENTED_EDGE('',*,*,#6847,.F.);
#9530=ORIENTED_EDGE('',*,*,#6805,.F.);
#9531=ORIENTED_EDGE('',*,*,#6848,.F.);
#9532=ORIENTED_EDGE('',*,*,#6770,.T.);
#9533=ORIENTED_EDGE('',*,*,#6824,.T.);
#9534=ORIENTED_EDGE('',*,*,#6823,.T.);
#9535=ORIENTED_EDGE('',*,*,#6833,.T.);
#9536=ORIENTED_EDGE('',*,*,#6846,.F.);
#9537=ORIENTED_EDGE('',*,*,#6807,.F.);
#9538=ORIENTED_EDGE('',*,*,#6849,.F.);
#9539=ORIENTED_EDGE('',*,*,#6850,.F.);
#9540=ORIENTED_EDGE('',*,*,#6851,.T.);
#9541=ORIENTED_EDGE('',*,*,#6820,.T.);
#9542=ORIENTED_EDGE('',*,*,#6830,.F.);
#9543=ORIENTED_EDGE('',*,*,#6852,.F.);
#9544=ORIENTED_EDGE('',*,*,#6849,.T.);
#9545=ORIENTED_EDGE('',*,*,#6819,.T.);
#9546=ORIENTED_EDGE('',*,*,#6853,.F.);
#9547=ORIENTED_EDGE('',*,*,#6834,.F.);
#9548=ORIENTED_EDGE('',*,*,#6821,.T.);
#9549=ORIENTED_EDGE('',*,*,#6851,.F.);
#9550=ORIENTED_EDGE('',*,*,#6840,.F.);
#9551=ORIENTED_EDGE('',*,*,#6787,.T.);
#9552=ORIENTED_EDGE('',*,*,#6799,.F.);
#9553=ORIENTED_EDGE('',*,*,#6854,.T.);
#9554=ORIENTED_EDGE('',*,*,#6839,.T.);
#9555=ORIENTED_EDGE('',*,*,#6855,.F.);
#9556=ORIENTED_EDGE('',*,*,#6800,.F.);
#9557=ORIENTED_EDGE('',*,*,#6792,.F.);
#9558=ORIENTED_EDGE('',*,*,#6838,.T.);
#9559=ORIENTED_EDGE('',*,*,#6856,.F.);
#9560=ORIENTED_EDGE('',*,*,#6801,.T.);
#9561=ORIENTED_EDGE('',*,*,#6855,.T.);
#9562=ORIENTED_EDGE('',*,*,#6837,.T.);
#9563=ORIENTED_EDGE('',*,*,#6857,.F.);
#9564=ORIENTED_EDGE('',*,*,#6802,.T.);
#9565=ORIENTED_EDGE('',*,*,#6856,.T.);
#9566=ORIENTED_EDGE('',*,*,#6836,.T.);
#9567=ORIENTED_EDGE('',*,*,#6858,.T.);
#9568=ORIENTED_EDGE('',*,*,#6803,.T.);
#9569=ORIENTED_EDGE('',*,*,#6857,.T.);
#9570=ORIENTED_EDGE('',*,*,#6768,.T.);
#9571=ORIENTED_EDGE('',*,*,#6848,.T.);
#9572=ORIENTED_EDGE('',*,*,#6804,.T.);
#9573=ORIENTED_EDGE('',*,*,#6858,.F.);
#9574=ORIENTED_EDGE('',*,*,#6835,.T.);
#9575=ORIENTED_EDGE('',*,*,#6853,.T.);
#9576=ORIENTED_EDGE('',*,*,#6850,.T.);
#9577=ORIENTED_EDGE('',*,*,#6852,.T.);
#9578=ORIENTED_EDGE('',*,*,#6829,.T.);
#9579=ORIENTED_EDGE('',*,*,#6859,.F.);
#9580=ORIENTED_EDGE('',*,*,#6812,.T.);
#9581=ORIENTED_EDGE('',*,*,#6847,.T.);
#9582=ORIENTED_EDGE('',*,*,#6771,.T.);
#9583=ORIENTED_EDGE('',*,*,#6828,.T.);
#9584=ORIENTED_EDGE('',*,*,#6860,.T.);
#9585=ORIENTED_EDGE('',*,*,#6813,.T.);
#9586=ORIENTED_EDGE('',*,*,#6859,.T.);
#9587=ORIENTED_EDGE('',*,*,#6827,.T.);
#9588=ORIENTED_EDGE('',*,*,#6861,.F.);
#9589=ORIENTED_EDGE('',*,*,#6814,.T.);
#9590=ORIENTED_EDGE('',*,*,#6860,.F.);
#9591=ORIENTED_EDGE('',*,*,#6826,.T.);
#9592=ORIENTED_EDGE('',*,*,#6862,.F.);
#9593=ORIENTED_EDGE('',*,*,#6815,.T.);
#9594=ORIENTED_EDGE('',*,*,#6861,.T.);
#9595=ORIENTED_EDGE('',*,*,#6825,.F.);
#9596=ORIENTED_EDGE('',*,*,#6777,.T.);
#9597=ORIENTED_EDGE('',*,*,#6794,.T.);
#9598=ORIENTED_EDGE('',*,*,#6862,.T.);
#9599=ORIENTED_EDGE('',*,*,#6841,.T.);
#9600=ORIENTED_EDGE('',*,*,#6854,.F.);
#9601=ORIENTED_EDGE('',*,*,#6798,.T.);
#9602=ORIENTED_EDGE('',*,*,#6863,.T.);
#9603=ORIENTED_EDGE('',*,*,#6842,.T.);
#9604=ORIENTED_EDGE('',*,*,#6863,.F.);
#9605=ORIENTED_EDGE('',*,*,#6797,.T.);
#9606=ORIENTED_EDGE('',*,*,#6864,.T.);
#9607=ORIENTED_EDGE('',*,*,#6843,.T.);
#9608=ORIENTED_EDGE('',*,*,#6864,.F.);
#9609=ORIENTED_EDGE('',*,*,#6796,.T.);
#9610=ORIENTED_EDGE('',*,*,#6865,.T.);
#9611=ORIENTED_EDGE('',*,*,#6844,.F.);
#9612=ORIENTED_EDGE('',*,*,#6865,.F.);
#9613=ORIENTED_EDGE('',*,*,#6795,.F.);
#9614=ORIENTED_EDGE('',*,*,#6782,.F.);
#9615=ORIENTED_EDGE('',*,*,#6866,.T.);
#9616=ORIENTED_EDGE('',*,*,#6867,.F.);
#9617=ORIENTED_EDGE('',*,*,#6868,.T.);
#9618=ORIENTED_EDGE('',*,*,#6869,.F.);
#9619=ORIENTED_EDGE('',*,*,#6867,.T.);
#9620=ORIENTED_EDGE('',*,*,#6870,.F.);
#9621=ORIENTED_EDGE('',*,*,#6871,.F.);
#9622=ORIENTED_EDGE('',*,*,#6872,.F.);
#9623=ORIENTED_EDGE('',*,*,#6873,.T.);
#9624=ORIENTED_EDGE('',*,*,#6874,.T.);
#9625=ORIENTED_EDGE('',*,*,#6875,.T.);
#9626=ORIENTED_EDGE('',*,*,#6876,.T.);
#9627=ORIENTED_EDGE('',*,*,#6871,.T.);
#9628=ORIENTED_EDGE('',*,*,#6877,.T.);
#9629=ORIENTED_EDGE('',*,*,#6878,.T.);
#9630=ORIENTED_EDGE('',*,*,#6879,.T.);
#9631=ORIENTED_EDGE('',*,*,#6870,.T.);
#9632=ORIENTED_EDGE('',*,*,#6866,.F.);
#9633=ORIENTED_EDGE('',*,*,#6880,.T.);
#9634=ORIENTED_EDGE('',*,*,#6876,.F.);
#9635=ORIENTED_EDGE('',*,*,#6881,.T.);
#9636=ORIENTED_EDGE('',*,*,#6882,.F.);
#9637=ORIENTED_EDGE('',*,*,#6883,.F.);
#9638=ORIENTED_EDGE('',*,*,#6884,.T.);
#9639=ORIENTED_EDGE('',*,*,#6885,.T.);
#9640=ORIENTED_EDGE('',*,*,#6886,.F.);
#9641=ORIENTED_EDGE('',*,*,#6887,.F.);
#9642=ORIENTED_EDGE('',*,*,#6888,.T.);
#9643=ORIENTED_EDGE('',*,*,#6889,.T.);
#9644=ORIENTED_EDGE('',*,*,#6890,.F.);
#9645=ORIENTED_EDGE('',*,*,#6891,.F.);
#9646=ORIENTED_EDGE('',*,*,#6877,.F.);
#9647=ORIENTED_EDGE('',*,*,#6869,.T.);
#9648=ORIENTED_EDGE('',*,*,#6892,.F.);
#9649=ORIENTED_EDGE('',*,*,#6873,.F.);
#9650=ORIENTED_EDGE('',*,*,#6880,.F.);
#9651=ORIENTED_EDGE('',*,*,#6893,.F.);
#9652=ORIENTED_EDGE('',*,*,#6887,.T.);
#9653=ORIENTED_EDGE('',*,*,#6894,.F.);
#9654=ORIENTED_EDGE('',*,*,#6895,.F.);
#9655=ORIENTED_EDGE('',*,*,#6894,.T.);
#9656=ORIENTED_EDGE('',*,*,#6886,.T.);
#9657=ORIENTED_EDGE('',*,*,#6896,.T.);
#9658=ORIENTED_EDGE('',*,*,#6897,.T.);
#9659=ORIENTED_EDGE('',*,*,#6893,.T.);
#9660=ORIENTED_EDGE('',*,*,#6898,.F.);
#9661=ORIENTED_EDGE('',*,*,#6899,.T.);
#9662=ORIENTED_EDGE('',*,*,#6888,.F.);
#9663=ORIENTED_EDGE('',*,*,#6900,.F.);
#9664=ORIENTED_EDGE('',*,*,#6883,.T.);
#9665=ORIENTED_EDGE('',*,*,#6901,.F.);
#9666=ORIENTED_EDGE('',*,*,#6902,.F.);
#9667=ORIENTED_EDGE('',*,*,#6901,.T.);
#9668=ORIENTED_EDGE('',*,*,#6882,.T.);
#9669=ORIENTED_EDGE('',*,*,#6903,.T.);
#9670=ORIENTED_EDGE('',*,*,#6904,.T.);
#9671=ORIENTED_EDGE('',*,*,#6900,.T.);
#9672=ORIENTED_EDGE('',*,*,#6905,.F.);
#9673=ORIENTED_EDGE('',*,*,#6906,.T.);
#9674=ORIENTED_EDGE('',*,*,#6884,.F.);
#9675=ORIENTED_EDGE('',*,*,#6906,.F.);
#9676=ORIENTED_EDGE('',*,*,#6907,.T.);
#9677=ORIENTED_EDGE('',*,*,#6896,.F.);
#9678=ORIENTED_EDGE('',*,*,#6885,.F.);
#9679=ORIENTED_EDGE('',*,*,#6899,.F.);
#9680=ORIENTED_EDGE('',*,*,#6908,.T.);
#9681=ORIENTED_EDGE('',*,*,#6909,.F.);
#9682=ORIENTED_EDGE('',*,*,#6889,.F.);
#9683=ORIENTED_EDGE('',*,*,#6909,.T.);
#9684=ORIENTED_EDGE('',*,*,#6910,.T.);
#9685=ORIENTED_EDGE('',*,*,#6911,.T.);
#9686=ORIENTED_EDGE('',*,*,#6890,.T.);
#9687=ORIENTED_EDGE('',*,*,#6881,.F.);
#9688=ORIENTED_EDGE('',*,*,#6875,.F.);
#9689=ORIENTED_EDGE('',*,*,#6912,.T.);
#9690=ORIENTED_EDGE('',*,*,#6903,.F.);
#9691=ORIENTED_EDGE('',*,*,#6872,.T.);
#9692=ORIENTED_EDGE('',*,*,#6879,.F.);
#9693=ORIENTED_EDGE('',*,*,#6913,.F.);
#9694=ORIENTED_EDGE('',*,*,#6910,.F.);
#9695=ORIENTED_EDGE('',*,*,#6908,.F.);
#9696=ORIENTED_EDGE('',*,*,#6898,.T.);
#9697=ORIENTED_EDGE('',*,*,#6895,.T.);
#9698=ORIENTED_EDGE('',*,*,#6897,.F.);
#9699=ORIENTED_EDGE('',*,*,#6907,.F.);
#9700=ORIENTED_EDGE('',*,*,#6905,.T.);
#9701=ORIENTED_EDGE('',*,*,#6902,.T.);
#9702=ORIENTED_EDGE('',*,*,#6904,.F.);
#9703=ORIENTED_EDGE('',*,*,#6912,.F.);
#9704=ORIENTED_EDGE('',*,*,#6874,.F.);
#9705=ORIENTED_EDGE('',*,*,#6892,.T.);
#9706=ORIENTED_EDGE('',*,*,#6868,.F.);
#9707=ORIENTED_EDGE('',*,*,#6913,.T.);
#9708=ORIENTED_EDGE('',*,*,#6878,.F.);
#9709=ORIENTED_EDGE('',*,*,#6891,.T.);
#9710=ORIENTED_EDGE('',*,*,#6911,.F.);
#9711=ORIENTED_EDGE('',*,*,#6914,.F.);
#9712=ORIENTED_EDGE('',*,*,#6915,.F.);
#9713=ORIENTED_EDGE('',*,*,#6916,.F.);
#9714=ORIENTED_EDGE('',*,*,#6917,.F.);
#9715=ORIENTED_EDGE('',*,*,#6918,.F.);
#9716=ORIENTED_EDGE('',*,*,#6916,.T.);
#9717=ORIENTED_EDGE('',*,*,#6919,.T.);
#9718=ORIENTED_EDGE('',*,*,#6920,.F.);
#9719=ORIENTED_EDGE('',*,*,#6921,.T.);
#9720=ORIENTED_EDGE('',*,*,#6922,.F.);
#9721=ORIENTED_EDGE('',*,*,#6923,.F.);
#9722=ORIENTED_EDGE('',*,*,#6924,.F.);
#9723=ORIENTED_EDGE('',*,*,#6915,.T.);
#9724=ORIENTED_EDGE('',*,*,#6925,.F.);
#9725=ORIENTED_EDGE('',*,*,#6926,.T.);
#9726=ORIENTED_EDGE('',*,*,#6927,.F.);
#9727=ORIENTED_EDGE('',*,*,#6928,.F.);
#9728=ORIENTED_EDGE('',*,*,#6929,.F.);
#9729=ORIENTED_EDGE('',*,*,#6919,.F.);
#9730=ORIENTED_EDGE('',*,*,#6914,.T.);
#9731=ORIENTED_EDGE('',*,*,#6930,.T.);
#9732=ORIENTED_EDGE('',*,*,#6931,.F.);
#9733=ORIENTED_EDGE('',*,*,#6925,.T.);
#9734=ORIENTED_EDGE('',*,*,#6932,.F.);
#9735=ORIENTED_EDGE('',*,*,#6933,.T.);
#9736=ORIENTED_EDGE('',*,*,#6934,.F.);
#9737=ORIENTED_EDGE('',*,*,#6920,.T.);
#9738=ORIENTED_EDGE('',*,*,#6929,.T.);
#9739=ORIENTED_EDGE('',*,*,#6934,.T.);
#9740=ORIENTED_EDGE('',*,*,#6935,.T.);
#9741=ORIENTED_EDGE('',*,*,#6936,.F.);
#9742=ORIENTED_EDGE('',*,*,#6921,.F.);
#9743=ORIENTED_EDGE('',*,*,#6937,.F.);
#9744=ORIENTED_EDGE('',*,*,#6938,.T.);
#9745=ORIENTED_EDGE('',*,*,#6939,.F.);
#9746=ORIENTED_EDGE('',*,*,#6940,.F.);
#9747=ORIENTED_EDGE('',*,*,#6941,.F.);
#9748=ORIENTED_EDGE('',*,*,#6942,.T.);
#9749=ORIENTED_EDGE('',*,*,#6943,.T.);
#9750=ORIENTED_EDGE('',*,*,#6944,.F.);
#9751=ORIENTED_EDGE('',*,*,#6945,.F.);
#9752=ORIENTED_EDGE('',*,*,#6937,.T.);
#9753=ORIENTED_EDGE('',*,*,#6946,.T.);
#9754=ORIENTED_EDGE('',*,*,#6941,.T.);
#9755=ORIENTED_EDGE('',*,*,#6947,.T.);
#9756=ORIENTED_EDGE('',*,*,#6948,.T.);
#9757=ORIENTED_EDGE('',*,*,#6927,.T.);
#9758=ORIENTED_EDGE('',*,*,#6949,.T.);
#9759=ORIENTED_EDGE('',*,*,#6950,.T.);
#9760=ORIENTED_EDGE('',*,*,#6951,.T.);
#9761=ORIENTED_EDGE('',*,*,#6952,.T.);
#9762=ORIENTED_EDGE('',*,*,#6931,.T.);
#9763=ORIENTED_EDGE('',*,*,#6953,.F.);
#9764=ORIENTED_EDGE('',*,*,#6954,.T.);
#9765=ORIENTED_EDGE('',*,*,#6955,.T.);
#9766=ORIENTED_EDGE('',*,*,#6950,.F.);
#9767=ORIENTED_EDGE('',*,*,#6956,.F.);
#9768=ORIENTED_EDGE('',*,*,#6957,.F.);
#9769=ORIENTED_EDGE('',*,*,#6956,.T.);
#9770=ORIENTED_EDGE('',*,*,#6949,.F.);
#9771=ORIENTED_EDGE('',*,*,#6926,.F.);
#9772=ORIENTED_EDGE('',*,*,#6952,.F.);
#9773=ORIENTED_EDGE('',*,*,#6958,.F.);
#9774=ORIENTED_EDGE('',*,*,#6959,.F.);
#9775=ORIENTED_EDGE('',*,*,#6958,.T.);
#9776=ORIENTED_EDGE('',*,*,#6951,.F.);
#9777=ORIENTED_EDGE('',*,*,#6960,.F.);
#9778=ORIENTED_EDGE('',*,*,#6961,.F.);
#9779=ORIENTED_EDGE('',*,*,#6954,.F.);
#9780=ORIENTED_EDGE('',*,*,#6957,.T.);
#9781=ORIENTED_EDGE('',*,*,#6959,.T.);
#9782=ORIENTED_EDGE('',*,*,#6962,.T.);
#9783=ORIENTED_EDGE('',*,*,#6923,.T.);
#9784=ORIENTED_EDGE('',*,*,#6963,.F.);
#9785=ORIENTED_EDGE('',*,*,#6938,.F.);
#9786=ORIENTED_EDGE('',*,*,#6945,.T.);
#9787=ORIENTED_EDGE('',*,*,#6944,.T.);
#9788=ORIENTED_EDGE('',*,*,#6963,.T.);
#9789=ORIENTED_EDGE('',*,*,#6922,.T.);
#9790=ORIENTED_EDGE('',*,*,#6936,.T.);
#9791=ORIENTED_EDGE('',*,*,#6964,.T.);
#9792=ORIENTED_EDGE('',*,*,#6939,.T.);
#9793=ORIENTED_EDGE('',*,*,#6943,.F.);
#9794=ORIENTED_EDGE('',*,*,#6965,.T.);
#9795=ORIENTED_EDGE('',*,*,#6966,.T.);
#9796=ORIENTED_EDGE('',*,*,#6962,.F.);
#9797=ORIENTED_EDGE('',*,*,#6932,.T.);
#9798=ORIENTED_EDGE('',*,*,#6928,.T.);
#9799=ORIENTED_EDGE('',*,*,#6948,.F.);
#9800=ORIENTED_EDGE('',*,*,#6967,.F.);
#9801=ORIENTED_EDGE('',*,*,#6918,.T.);
#9802=ORIENTED_EDGE('',*,*,#6968,.T.);
#9803=ORIENTED_EDGE('',*,*,#6965,.F.);
#9804=ORIENTED_EDGE('',*,*,#6942,.F.);
#9805=ORIENTED_EDGE('',*,*,#6946,.F.);
#9806=ORIENTED_EDGE('',*,*,#6940,.T.);
#9807=ORIENTED_EDGE('',*,*,#6964,.F.);
#9808=ORIENTED_EDGE('',*,*,#6935,.F.);
#9809=ORIENTED_EDGE('',*,*,#6933,.F.);
#9810=ORIENTED_EDGE('',*,*,#6967,.T.);
#9811=ORIENTED_EDGE('',*,*,#6947,.F.);
#9812=ORIENTED_EDGE('',*,*,#6955,.F.);
#9813=ORIENTED_EDGE('',*,*,#6961,.T.);
#9814=ORIENTED_EDGE('',*,*,#6960,.T.);
#9815=ORIENTED_EDGE('',*,*,#6953,.T.);
#9816=ORIENTED_EDGE('',*,*,#6930,.F.);
#9817=ORIENTED_EDGE('',*,*,#6917,.T.);
#9818=ORIENTED_EDGE('',*,*,#6924,.T.);
#9819=ORIENTED_EDGE('',*,*,#6966,.F.);
#9820=ORIENTED_EDGE('',*,*,#6968,.F.);
#9821=ORIENTED_EDGE('',*,*,#6969,.T.);
#9822=ORIENTED_EDGE('',*,*,#6970,.T.);
#9823=ORIENTED_EDGE('',*,*,#6971,.F.);
#9824=ORIENTED_EDGE('',*,*,#6972,.F.);
#9825=ORIENTED_EDGE('',*,*,#6973,.F.);
#9826=ORIENTED_EDGE('',*,*,#6974,.T.);
#9827=ORIENTED_EDGE('',*,*,#6975,.T.);
#9828=ORIENTED_EDGE('',*,*,#6976,.T.);
#9829=ORIENTED_EDGE('',*,*,#6977,.T.);
#9830=ORIENTED_EDGE('',*,*,#6978,.T.);
#9831=ORIENTED_EDGE('',*,*,#6979,.T.);
#9832=ORIENTED_EDGE('',*,*,#6976,.F.);
#9833=ORIENTED_EDGE('',*,*,#6980,.T.);
#9834=ORIENTED_EDGE('',*,*,#6981,.T.);
#9835=ORIENTED_EDGE('',*,*,#6982,.F.);
#9836=ORIENTED_EDGE('',*,*,#6983,.T.);
#9837=ORIENTED_EDGE('',*,*,#6984,.T.);
#9838=ORIENTED_EDGE('',*,*,#6985,.T.);
#9839=ORIENTED_EDGE('',*,*,#6986,.F.);
#9840=ORIENTED_EDGE('',*,*,#6987,.F.);
#9841=ORIENTED_EDGE('',*,*,#6978,.F.);
#9842=ORIENTED_EDGE('',*,*,#6988,.T.);
#9843=ORIENTED_EDGE('',*,*,#6989,.F.);
#9844=ORIENTED_EDGE('',*,*,#6988,.F.);
#9845=ORIENTED_EDGE('',*,*,#6977,.F.);
#9846=ORIENTED_EDGE('',*,*,#6979,.F.);
#9847=ORIENTED_EDGE('',*,*,#6990,.F.);
#9848=ORIENTED_EDGE('',*,*,#6991,.F.);
#9849=ORIENTED_EDGE('',*,*,#6969,.F.);
#9850=ORIENTED_EDGE('',*,*,#6987,.T.);
#9851=ORIENTED_EDGE('',*,*,#6991,.T.);
#9852=ORIENTED_EDGE('',*,*,#6992,.T.);
#9853=ORIENTED_EDGE('',*,*,#6993,.F.);
#9854=ORIENTED_EDGE('',*,*,#6970,.F.);
#9855=ORIENTED_EDGE('',*,*,#6994,.F.);
#9856=ORIENTED_EDGE('',*,*,#6995,.T.);
#9857=ORIENTED_EDGE('',*,*,#6996,.F.);
#9858=ORIENTED_EDGE('',*,*,#6997,.F.);
#9859=ORIENTED_EDGE('',*,*,#6990,.T.);
#9860=ORIENTED_EDGE('',*,*,#6986,.T.);
#9861=ORIENTED_EDGE('',*,*,#6989,.T.);
#9862=ORIENTED_EDGE('',*,*,#6985,.F.);
#9863=ORIENTED_EDGE('',*,*,#6998,.F.);
#9864=ORIENTED_EDGE('',*,*,#6997,.T.);
#9865=ORIENTED_EDGE('',*,*,#6999,.F.);
#9866=ORIENTED_EDGE('',*,*,#6992,.F.);
#9867=ORIENTED_EDGE('',*,*,#7000,.F.);
#9868=ORIENTED_EDGE('',*,*,#6983,.F.);
#9869=ORIENTED_EDGE('',*,*,#7001,.F.);
#9870=ORIENTED_EDGE('',*,*,#6995,.F.);
#9871=ORIENTED_EDGE('',*,*,#7001,.T.);
#9872=ORIENTED_EDGE('',*,*,#6982,.T.);
#9873=ORIENTED_EDGE('',*,*,#7002,.T.);
#9874=ORIENTED_EDGE('',*,*,#7003,.T.);
#9875=ORIENTED_EDGE('',*,*,#6971,.T.);
#9876=ORIENTED_EDGE('',*,*,#6993,.T.);
#9877=ORIENTED_EDGE('',*,*,#6999,.T.);
#9878=ORIENTED_EDGE('',*,*,#6996,.T.);
#9879=ORIENTED_EDGE('',*,*,#7004,.T.);
#9880=ORIENTED_EDGE('',*,*,#6974,.F.);
#9881=ORIENTED_EDGE('',*,*,#7005,.F.);
#9882=ORIENTED_EDGE('',*,*,#7006,.F.);
#9883=ORIENTED_EDGE('',*,*,#7007,.F.);
#9884=ORIENTED_EDGE('',*,*,#7008,.F.);
#9885=ORIENTED_EDGE('',*,*,#7009,.F.);
#9886=ORIENTED_EDGE('',*,*,#7010,.F.);
#9887=ORIENTED_EDGE('',*,*,#7011,.F.);
#9888=ORIENTED_EDGE('',*,*,#7012,.F.);
#9889=ORIENTED_EDGE('',*,*,#7013,.T.);
#9890=ORIENTED_EDGE('',*,*,#7014,.F.);
#9891=ORIENTED_EDGE('',*,*,#7015,.F.);
#9892=ORIENTED_EDGE('',*,*,#7016,.F.);
#9893=ORIENTED_EDGE('',*,*,#7017,.F.);
#9894=ORIENTED_EDGE('',*,*,#7018,.F.);
#9895=ORIENTED_EDGE('',*,*,#7019,.F.);
#9896=ORIENTED_EDGE('',*,*,#7020,.F.);
#9897=ORIENTED_EDGE('',*,*,#7021,.F.);
#9898=ORIENTED_EDGE('',*,*,#7022,.F.);
#9899=ORIENTED_EDGE('',*,*,#7012,.T.);
#9900=ORIENTED_EDGE('',*,*,#7023,.T.);
#9901=ORIENTED_EDGE('',*,*,#7024,.F.);
#9902=ORIENTED_EDGE('',*,*,#7025,.F.);
#9903=ORIENTED_EDGE('',*,*,#7011,.T.);
#9904=ORIENTED_EDGE('',*,*,#7026,.T.);
#9905=ORIENTED_EDGE('',*,*,#7027,.F.);
#9906=ORIENTED_EDGE('',*,*,#7023,.F.);
#9907=ORIENTED_EDGE('',*,*,#7010,.T.);
#9908=ORIENTED_EDGE('',*,*,#7028,.F.);
#9909=ORIENTED_EDGE('',*,*,#7029,.F.);
#9910=ORIENTED_EDGE('',*,*,#7026,.F.);
#9911=ORIENTED_EDGE('',*,*,#7009,.T.);
#9912=ORIENTED_EDGE('',*,*,#7030,.F.);
#9913=ORIENTED_EDGE('',*,*,#7031,.F.);
#9914=ORIENTED_EDGE('',*,*,#7028,.T.);
#9915=ORIENTED_EDGE('',*,*,#7008,.T.);
#9916=ORIENTED_EDGE('',*,*,#7032,.T.);
#9917=ORIENTED_EDGE('',*,*,#7033,.F.);
#9918=ORIENTED_EDGE('',*,*,#7030,.T.);
#9919=ORIENTED_EDGE('',*,*,#7007,.T.);
#9920=ORIENTED_EDGE('',*,*,#7034,.F.);
#9921=ORIENTED_EDGE('',*,*,#7035,.F.);
#9922=ORIENTED_EDGE('',*,*,#7032,.F.);
#9923=ORIENTED_EDGE('',*,*,#7006,.T.);
#9924=ORIENTED_EDGE('',*,*,#7036,.T.);
#9925=ORIENTED_EDGE('',*,*,#7037,.F.);
#9926=ORIENTED_EDGE('',*,*,#7034,.T.);
#9927=ORIENTED_EDGE('',*,*,#7005,.T.);
#9928=ORIENTED_EDGE('',*,*,#6973,.T.);
#9929=ORIENTED_EDGE('',*,*,#7038,.F.);
#9930=ORIENTED_EDGE('',*,*,#7036,.F.);
#9931=ORIENTED_EDGE('',*,*,#6994,.T.);
#9932=ORIENTED_EDGE('',*,*,#6998,.T.);
#9933=ORIENTED_EDGE('',*,*,#6984,.F.);
#9934=ORIENTED_EDGE('',*,*,#7000,.T.);
#9935=ORIENTED_EDGE('',*,*,#7039,.F.);
#9936=ORIENTED_EDGE('',*,*,#7040,.T.);
#9937=ORIENTED_EDGE('',*,*,#7041,.T.);
#9938=ORIENTED_EDGE('',*,*,#7042,.T.);
#9939=ORIENTED_EDGE('',*,*,#7043,.T.);
#9940=ORIENTED_EDGE('',*,*,#7044,.T.);
#9941=ORIENTED_EDGE('',*,*,#7045,.T.);
#9942=ORIENTED_EDGE('',*,*,#7046,.T.);
#9943=ORIENTED_EDGE('',*,*,#7047,.T.);
#9944=ORIENTED_EDGE('',*,*,#7048,.T.);
#9945=ORIENTED_EDGE('',*,*,#7024,.T.);
#9946=ORIENTED_EDGE('',*,*,#7027,.T.);
#9947=ORIENTED_EDGE('',*,*,#7029,.T.);
#9948=ORIENTED_EDGE('',*,*,#7031,.T.);
#9949=ORIENTED_EDGE('',*,*,#7033,.T.);
#9950=ORIENTED_EDGE('',*,*,#7035,.T.);
#9951=ORIENTED_EDGE('',*,*,#7037,.T.);
#9952=ORIENTED_EDGE('',*,*,#7038,.T.);
#9953=ORIENTED_EDGE('',*,*,#6972,.T.);
#9954=ORIENTED_EDGE('',*,*,#7003,.F.);
#9955=ORIENTED_EDGE('',*,*,#7022,.T.);
#9956=ORIENTED_EDGE('',*,*,#7049,.F.);
#9957=ORIENTED_EDGE('',*,*,#7039,.T.);
#9958=ORIENTED_EDGE('',*,*,#7002,.F.);
#9959=ORIENTED_EDGE('',*,*,#6981,.F.);
#9960=ORIENTED_EDGE('',*,*,#7050,.F.);
#9961=ORIENTED_EDGE('',*,*,#7021,.T.);
#9962=ORIENTED_EDGE('',*,*,#7051,.T.);
#9963=ORIENTED_EDGE('',*,*,#7040,.F.);
#9964=ORIENTED_EDGE('',*,*,#7049,.T.);
#9965=ORIENTED_EDGE('',*,*,#7018,.T.);
#9966=ORIENTED_EDGE('',*,*,#7052,.T.);
#9967=ORIENTED_EDGE('',*,*,#7043,.F.);
#9968=ORIENTED_EDGE('',*,*,#7053,.F.);
#9969=ORIENTED_EDGE('',*,*,#7017,.T.);
#9970=ORIENTED_EDGE('',*,*,#7054,.T.);
#9971=ORIENTED_EDGE('',*,*,#7044,.F.);
#9972=ORIENTED_EDGE('',*,*,#7052,.F.);
#9973=ORIENTED_EDGE('',*,*,#7016,.T.);
#9974=ORIENTED_EDGE('',*,*,#7055,.T.);
#9975=ORIENTED_EDGE('',*,*,#7045,.F.);
#9976=ORIENTED_EDGE('',*,*,#7054,.F.);
#9977=ORIENTED_EDGE('',*,*,#7019,.T.);
#9978=ORIENTED_EDGE('',*,*,#7053,.T.);
#9979=ORIENTED_EDGE('',*,*,#7042,.F.);
#9980=ORIENTED_EDGE('',*,*,#7056,.F.);
#9981=ORIENTED_EDGE('',*,*,#7025,.T.);
#9982=ORIENTED_EDGE('',*,*,#7048,.F.);
#9983=ORIENTED_EDGE('',*,*,#7057,.F.);
#9984=ORIENTED_EDGE('',*,*,#7013,.F.);
#9985=ORIENTED_EDGE('',*,*,#7050,.T.);
#9986=ORIENTED_EDGE('',*,*,#6980,.F.);
#9987=ORIENTED_EDGE('',*,*,#6975,.F.);
#9988=ORIENTED_EDGE('',*,*,#7004,.F.);
#9989=ORIENTED_EDGE('',*,*,#7014,.T.);
#9990=ORIENTED_EDGE('',*,*,#7057,.T.);
#9991=ORIENTED_EDGE('',*,*,#7047,.F.);
#9992=ORIENTED_EDGE('',*,*,#7058,.T.);
#9993=ORIENTED_EDGE('',*,*,#7015,.T.);
#9994=ORIENTED_EDGE('',*,*,#7058,.F.);
#9995=ORIENTED_EDGE('',*,*,#7046,.F.);
#9996=ORIENTED_EDGE('',*,*,#7055,.F.);
#9997=ORIENTED_EDGE('',*,*,#7020,.T.);
#9998=ORIENTED_EDGE('',*,*,#7056,.T.);
#9999=ORIENTED_EDGE('',*,*,#7041,.F.);
#10000=ORIENTED_EDGE('',*,*,#7051,.F.);
#10001=ORIENTED_EDGE('',*,*,#7059,.T.);
#10002=ORIENTED_EDGE('',*,*,#7060,.F.);
#10003=ORIENTED_EDGE('',*,*,#7061,.T.);
#10004=ORIENTED_EDGE('',*,*,#7062,.F.);
#10005=ORIENTED_EDGE('',*,*,#7063,.F.);
#10006=ORIENTED_EDGE('',*,*,#7064,.F.);
#10007=ORIENTED_EDGE('',*,*,#7065,.T.);
#10008=ORIENTED_EDGE('',*,*,#7066,.T.);
#10009=ORIENTED_EDGE('',*,*,#7067,.T.);
#10010=ORIENTED_EDGE('',*,*,#7064,.T.);
#10011=ORIENTED_EDGE('',*,*,#7068,.T.);
#10012=ORIENTED_EDGE('',*,*,#7069,.T.);
#10013=ORIENTED_EDGE('',*,*,#7070,.T.);
#10014=ORIENTED_EDGE('',*,*,#7071,.T.);
#10015=ORIENTED_EDGE('',*,*,#7072,.T.);
#10016=ORIENTED_EDGE('',*,*,#7073,.T.);
#10017=ORIENTED_EDGE('',*,*,#7074,.T.);
#10018=ORIENTED_EDGE('',*,*,#7075,.T.);
#10019=ORIENTED_EDGE('',*,*,#7076,.T.);
#10020=ORIENTED_EDGE('',*,*,#7070,.F.);
#10021=ORIENTED_EDGE('',*,*,#7077,.T.);
#10022=ORIENTED_EDGE('',*,*,#7078,.F.);
#10023=ORIENTED_EDGE('',*,*,#7061,.F.);
#10024=ORIENTED_EDGE('',*,*,#7079,.F.);
#10025=ORIENTED_EDGE('',*,*,#7080,.T.);
#10026=ORIENTED_EDGE('',*,*,#7081,.T.);
#10027=ORIENTED_EDGE('',*,*,#7082,.F.);
#10028=ORIENTED_EDGE('',*,*,#7083,.F.);
#10029=ORIENTED_EDGE('',*,*,#7065,.F.);
#10030=ORIENTED_EDGE('',*,*,#7067,.F.);
#10031=ORIENTED_EDGE('',*,*,#7084,.F.);
#10032=ORIENTED_EDGE('',*,*,#7085,.F.);
#10033=ORIENTED_EDGE('',*,*,#7059,.F.);
#10034=ORIENTED_EDGE('',*,*,#7086,.T.);
#10035=ORIENTED_EDGE('',*,*,#7087,.F.);
#10036=ORIENTED_EDGE('',*,*,#7086,.F.);
#10037=ORIENTED_EDGE('',*,*,#7066,.F.);
#10038=ORIENTED_EDGE('',*,*,#7083,.T.);
#10039=ORIENTED_EDGE('',*,*,#7088,.F.);
#10040=ORIENTED_EDGE('',*,*,#7089,.F.);
#10041=ORIENTED_EDGE('',*,*,#7080,.F.);
#10042=ORIENTED_EDGE('',*,*,#7090,.F.);
#10043=ORIENTED_EDGE('',*,*,#7091,.F.);
#10044=ORIENTED_EDGE('',*,*,#7071,.F.);
#10045=ORIENTED_EDGE('',*,*,#7076,.F.);
#10046=ORIENTED_EDGE('',*,*,#7092,.T.);
#10047=ORIENTED_EDGE('',*,*,#7093,.F.);
#10048=ORIENTED_EDGE('',*,*,#7092,.F.);
#10049=ORIENTED_EDGE('',*,*,#7081,.F.);
#10050=ORIENTED_EDGE('',*,*,#7089,.T.);
#10051=ORIENTED_EDGE('',*,*,#7085,.T.);
#10052=ORIENTED_EDGE('',*,*,#7094,.T.);
#10053=ORIENTED_EDGE('',*,*,#7095,.T.);
#10054=ORIENTED_EDGE('',*,*,#7090,.T.);
#10055=ORIENTED_EDGE('',*,*,#7079,.T.);
#10056=ORIENTED_EDGE('',*,*,#7060,.T.);
#10057=ORIENTED_EDGE('',*,*,#7096,.T.);
#10058=ORIENTED_EDGE('',*,*,#7097,.T.);
#10059=ORIENTED_EDGE('',*,*,#7098,.T.);
#10060=ORIENTED_EDGE('',*,*,#7099,.T.);
#10061=ORIENTED_EDGE('',*,*,#7100,.T.);
#10062=ORIENTED_EDGE('',*,*,#7101,.T.);
#10063=ORIENTED_EDGE('',*,*,#7062,.T.);
#10064=ORIENTED_EDGE('',*,*,#7078,.T.);
#10065=ORIENTED_EDGE('',*,*,#7084,.T.);
#10066=ORIENTED_EDGE('',*,*,#7087,.T.);
#10067=ORIENTED_EDGE('',*,*,#7082,.T.);
#10068=ORIENTED_EDGE('',*,*,#7075,.F.);
#10069=ORIENTED_EDGE('',*,*,#7102,.F.);
#10070=ORIENTED_EDGE('',*,*,#7096,.F.);
#10071=ORIENTED_EDGE('',*,*,#7103,.F.);
#10072=ORIENTED_EDGE('',*,*,#7094,.F.);
#10073=ORIENTED_EDGE('',*,*,#7091,.T.);
#10074=ORIENTED_EDGE('',*,*,#7093,.T.);
#10075=ORIENTED_EDGE('',*,*,#7088,.T.);
#10076=ORIENTED_EDGE('',*,*,#7095,.F.);
#10077=ORIENTED_EDGE('',*,*,#7103,.T.);
#10078=ORIENTED_EDGE('',*,*,#7099,.F.);
#10079=ORIENTED_EDGE('',*,*,#7104,.F.);
#10080=ORIENTED_EDGE('',*,*,#7072,.F.);
#10081=ORIENTED_EDGE('',*,*,#7104,.T.);
#10082=ORIENTED_EDGE('',*,*,#7098,.F.);
#10083=ORIENTED_EDGE('',*,*,#7105,.F.);
#10084=ORIENTED_EDGE('',*,*,#7073,.F.);
#10085=ORIENTED_EDGE('',*,*,#7105,.T.);
#10086=ORIENTED_EDGE('',*,*,#7097,.F.);
#10087=ORIENTED_EDGE('',*,*,#7102,.T.);
#10088=ORIENTED_EDGE('',*,*,#7074,.F.);
#10089=ORIENTED_EDGE('',*,*,#7106,.F.);
#10090=ORIENTED_EDGE('',*,*,#7100,.F.);
#10091=ORIENTED_EDGE('',*,*,#7077,.F.);
#10092=ORIENTED_EDGE('',*,*,#7069,.F.);
#10093=ORIENTED_EDGE('',*,*,#7063,.T.);
#10094=ORIENTED_EDGE('',*,*,#7101,.F.);
#10095=ORIENTED_EDGE('',*,*,#7106,.T.);
#10096=ORIENTED_EDGE('',*,*,#7068,.F.);
#10097=ORIENTED_EDGE('',*,*,#7107,.T.);
#10098=ORIENTED_EDGE('',*,*,#7108,.T.);
#10099=ORIENTED_EDGE('',*,*,#7109,.F.);
#10100=ORIENTED_EDGE('',*,*,#7110,.F.);
#10101=ORIENTED_EDGE('',*,*,#7111,.T.);
#10102=ORIENTED_EDGE('',*,*,#7110,.T.);
#10103=ORIENTED_EDGE('',*,*,#7112,.F.);
#10104=ORIENTED_EDGE('',*,*,#7113,.F.);
#10105=ORIENTED_EDGE('',*,*,#7114,.T.);
#10106=ORIENTED_EDGE('',*,*,#7113,.T.);
#10107=ORIENTED_EDGE('',*,*,#7115,.F.);
#10108=ORIENTED_EDGE('',*,*,#7116,.F.);
#10109=ORIENTED_EDGE('',*,*,#7117,.T.);
#10110=ORIENTED_EDGE('',*,*,#7116,.T.);
#10111=ORIENTED_EDGE('',*,*,#7118,.F.);
#10112=ORIENTED_EDGE('',*,*,#7108,.F.);
#10113=ORIENTED_EDGE('',*,*,#7118,.T.);
#10114=ORIENTED_EDGE('',*,*,#7115,.T.);
#10115=ORIENTED_EDGE('',*,*,#7112,.T.);
#10116=ORIENTED_EDGE('',*,*,#7109,.T.);
#10117=ORIENTED_EDGE('',*,*,#7117,.F.);
#10118=ORIENTED_EDGE('',*,*,#7107,.F.);
#10119=ORIENTED_EDGE('',*,*,#7111,.F.);
#10120=ORIENTED_EDGE('',*,*,#7114,.F.);
#10121=PLANE('',#11660);
#10122=PLANE('',#11661);
#10123=PLANE('',#11662);
#10124=PLANE('',#11663);
#10125=PLANE('',#11664);
#10126=PLANE('',#11665);
#10127=PLANE('',#11666);
#10128=PLANE('',#11667);
#10129=PLANE('',#11668);
#10130=PLANE('',#11669);
#10131=PLANE('',#11671);
#10132=PLANE('',#11672);
#10133=PLANE('',#11673);
#10134=PLANE('',#11674);
#10135=PLANE('',#11675);
#10136=PLANE('',#11676);
#10137=PLANE('',#11677);
#10138=PLANE('',#11678);
#10139=PLANE('',#11679);
#10140=PLANE('',#11680);
#10141=PLANE('',#11688);
#10142=PLANE('',#11689);
#10143=PLANE('',#11690);
#10144=PLANE('',#11691);
#10145=PLANE('',#11692);
#10146=PLANE('',#11693);
#10147=PLANE('',#11694);
#10148=PLANE('',#11695);
#10149=PLANE('',#11696);
#10150=PLANE('',#11697);
#10151=PLANE('',#11699);
#10152=PLANE('',#11701);
#10153=PLANE('',#11703);
#10154=PLANE('',#11714);
#10155=PLANE('',#11718);
#10156=PLANE('',#11719);
#10157=PLANE('',#11723);
#10158=PLANE('',#11727);
#10159=PLANE('',#11728);
#10160=PLANE('',#11729);
#10161=PLANE('',#11730);
#10162=PLANE('',#11731);
#10163=PLANE('',#11733);
#10164=PLANE('',#11734);
#10165=PLANE('',#11735);
#10166=PLANE('',#11736);
#10167=PLANE('',#11737);
#10168=PLANE('',#11738);
#10169=PLANE('',#11739);
#10170=PLANE('',#11740);
#10171=PLANE('',#11741);
#10172=PLANE('',#11742);
#10173=PLANE('',#11750);
#10174=PLANE('',#11751);
#10175=PLANE('',#11752);
#10176=PLANE('',#11753);
#10177=PLANE('',#11754);
#10178=PLANE('',#11755);
#10179=PLANE('',#11756);
#10180=PLANE('',#11757);
#10181=PLANE('',#11758);
#10182=PLANE('',#11759);
#10183=PLANE('',#11764);
#10184=PLANE('',#11765);
#10185=PLANE('',#11766);
#10186=PLANE('',#11767);
#10187=PLANE('',#11768);
#10188=PLANE('',#11769);
#10189=PLANE('',#11770);
#10190=PLANE('',#11771);
#10191=PLANE('',#11772);
#10192=PLANE('',#11774);
#10193=PLANE('',#11776);
#10194=PLANE('',#11778);
#10195=PLANE('',#11789);
#10196=PLANE('',#11793);
#10197=PLANE('',#11794);
#10198=PLANE('',#11798);
#10199=PLANE('',#11802);
#10200=PLANE('',#11803);
#10201=PLANE('',#11804);
#10202=PLANE('',#11805);
#10203=PLANE('',#11806);
#10204=PLANE('',#11811);
#10205=PLANE('',#11812);
#10206=PLANE('',#11813);
#10207=PLANE('',#11814);
#10208=PLANE('',#11815);
#10209=PLANE('',#11816);
#10210=PLANE('',#11817);
#10211=PLANE('',#11818);
#10212=PLANE('',#11819);
#10213=PLANE('',#11827);
#10214=PLANE('',#11828);
#10215=PLANE('',#11830);
#10216=PLANE('',#11836);
#10217=PLANE('',#11840);
#10218=PLANE('',#11841);
#10219=PLANE('',#11843);
#10220=PLANE('',#11845);
#10221=PLANE('',#11847);
#10222=PLANE('',#11848);
#10223=PLANE('',#11851);
#10224=PLANE('',#11853);
#10225=PLANE('',#11858);
#10226=PLANE('',#11863);
#10227=PLANE('',#11864);
#10228=PLANE('',#11866);
#10229=PLANE('',#11868);
#10230=PLANE('',#11870);
#10231=PLANE('',#11871);
#10232=PLANE('',#11874);
#10233=PLANE('',#11876);
#10234=PLANE('',#11881);
#10235=PLANE('',#11886);
#10236=PLANE('',#11887);
#10237=PLANE('',#11895);
#10238=PLANE('',#11896);
#10239=PLANE('',#11898);
#10240=PLANE('',#11904);
#10241=PLANE('',#11908);
#10242=PLANE('',#11909);
#10243=PLANE('',#11911);
#10244=PLANE('',#11914);
#10245=PLANE('',#11921);
#10246=PLANE('',#11925);
#10247=PLANE('',#11927);
#10248=PLANE('',#11928);
#10249=PLANE('',#11932);
#10250=PLANE('',#11933);
#10251=PLANE('',#11934);
#10252=PLANE('',#11935);
#10253=PLANE('',#11936);
#10254=PLANE('',#11937);
#10255=PLANE('',#11938);
#10256=PLANE('',#11939);
#10257=PLANE('',#11940);
#10258=PLANE('',#11941);
#10259=PLANE('',#11943);
#10260=PLANE('',#11944);
#10261=PLANE('',#11945);
#10262=PLANE('',#11946);
#10263=PLANE('',#11947);
#10264=PLANE('',#11948);
#10265=PLANE('',#11949);
#10266=PLANE('',#11950);
#10267=PLANE('',#11951);
#10268=PLANE('',#11952);
#10269=PLANE('',#11954);
#10270=PLANE('',#11955);
#10271=PLANE('',#11956);
#10272=PLANE('',#11957);
#10273=PLANE('',#11958);
#10274=PLANE('',#11959);
#10275=PLANE('',#11960);
#10276=PLANE('',#11961);
#10277=PLANE('',#11962);
#10278=PLANE('',#11963);
#10279=PLANE('',#11965);
#10280=PLANE('',#11971);
#10281=PLANE('',#11975);
#10282=PLANE('',#11981);
#10283=PLANE('',#11994);
#10284=PLANE('',#12039);
#10285=PLANE('',#12081);
#10286=PLANE('',#12085);
#10287=PLANE('',#12089);
#10288=PLANE('',#12090);
#10289=PLANE('',#12094);
#10290=PLANE('',#12098);
#10291=PLANE('',#12099);
#10292=PLANE('',#12104);
#10293=PLANE('',#12107);
#10294=PLANE('',#12108);
#10295=PLANE('',#12110);
#10296=PLANE('',#12112);
#10297=PLANE('',#12114);
#10298=PLANE('',#12116);
#10299=PLANE('',#12118);
#10300=PLANE('',#12120);
#10301=PLANE('',#12122);
#10302=PLANE('',#12124);
#10303=PLANE('',#12126);
#10304=PLANE('',#12128);
#10305=PLANE('',#12130);
#10306=PLANE('',#12132);
#10307=PLANE('',#12134);
#10308=PLANE('',#12136);
#10309=PLANE('',#12138);
#10310=PLANE('',#12140);
#10311=PLANE('',#12142);
#10312=PLANE('',#12144);
#10313=PLANE('',#12147);
#10314=PLANE('',#12149);
#10315=PLANE('',#12151);
#10316=PLANE('',#12153);
#10317=PLANE('',#12155);
#10318=PLANE('',#12157);
#10319=PLANE('',#12159);
#10320=PLANE('',#12161);
#10321=PLANE('',#12163);
#10322=PLANE('',#12165);
#10323=PLANE('',#12167);
#10324=PLANE('',#12169);
#10325=PLANE('',#12171);
#10326=PLANE('',#12173);
#10327=PLANE('',#12175);
#10328=PLANE('',#12177);
#10329=PLANE('',#12179);
#10330=PLANE('',#12181);
#10331=PLANE('',#12183);
#10332=PLANE('',#12184);
#10333=PLANE('',#12190);
#10334=PLANE('',#12192);
#10335=PLANE('',#12193);
#10336=PLANE('',#12194);
#10337=PLANE('',#12195);
#10338=PLANE('',#12196);
#10339=PLANE('',#12197);
#10340=PLANE('',#12198);
#10341=PLANE('',#12199);
#10342=PLANE('',#12200);
#10343=PLANE('',#12201);
#10344=PLANE('',#12203);
#10345=PLANE('',#12204);
#10346=PLANE('',#12205);
#10347=PLANE('',#12206);
#10348=PLANE('',#12207);
#10349=PLANE('',#12208);
#10350=PLANE('',#12209);
#10351=PLANE('',#12210);
#10352=PLANE('',#12211);
#10353=PLANE('',#12212);
#10354=PLANE('',#12214);
#10355=PLANE('',#12215);
#10356=PLANE('',#12216);
#10357=PLANE('',#12217);
#10358=PLANE('',#12218);
#10359=PLANE('',#12219);
#10360=PLANE('',#12220);
#10361=PLANE('',#12221);
#10362=PLANE('',#12222);
#10363=PLANE('',#12223);
#10364=PLANE('',#12225);
#10365=PLANE('',#12226);
#10366=PLANE('',#12227);
#10367=PLANE('',#12228);
#10368=PLANE('',#12229);
#10369=PLANE('',#12230);
#10370=PLANE('',#12231);
#10371=PLANE('',#12232);
#10372=PLANE('',#12233);
#10373=PLANE('',#12234);
#10374=PLANE('',#12239);
#10375=PLANE('',#12240);
#10376=PLANE('',#12254);
#10377=PLANE('',#12255);
#10378=PLANE('',#12267);
#10379=PLANE('',#12269);
#10380=PLANE('',#12271);
#10381=PLANE('',#12273);
#10382=PLANE('',#12274);
#10383=PLANE('',#12278);
#10384=PLANE('',#12280);
#10385=PLANE('',#12281);
#10386=PLANE('',#12282);
#10387=PLANE('',#12283);
#10388=PLANE('',#12290);
#10389=PLANE('',#12294);
#10390=PLANE('',#12298);
#10391=PLANE('',#12299);
#10392=PLANE('',#12304);
#10393=PLANE('',#12305);
#10394=PLANE('',#12308);
#10395=PLANE('',#12309);
#10396=PLANE('',#12310);
#10397=PLANE('',#12311);
#10398=PLANE('',#12312);
#10399=PLANE('',#12317);
#10400=PLANE('',#12318);
#10401=PLANE('',#12319);
#10402=PLANE('',#12320);
#10403=PLANE('',#12321);
#10404=PLANE('',#12322);
#10405=PLANE('',#12324);
#10406=PLANE('',#12325);
#10407=PLANE('',#12326);
#10408=PLANE('',#12327);
#10409=PLANE('',#12328);
#10410=PLANE('',#12329);
#10411=PLANE('',#12330);
#10412=PLANE('',#12331);
#10413=PLANE('',#12332);
#10414=PLANE('',#12333);
#10415=PLANE('',#12335);
#10416=PLANE('',#12336);
#10417=PLANE('',#12337);
#10418=PLANE('',#12338);
#10419=PLANE('',#12339);
#10420=PLANE('',#12340);
#10421=PLANE('',#12341);
#10422=PLANE('',#12342);
#10423=PLANE('',#12343);
#10424=PLANE('',#12344);
#10425=PLANE('',#12346);
#10426=PLANE('',#12347);
#10427=PLANE('',#12348);
#10428=PLANE('',#12349);
#10429=PLANE('',#12350);
#10430=PLANE('',#12351);
#10431=PLANE('',#12352);
#10432=PLANE('',#12353);
#10433=PLANE('',#12354);
#10434=PLANE('',#12355);
#10435=PLANE('',#12358);
#10436=PLANE('',#12359);
#10437=PLANE('',#12360);
#10438=PLANE('',#12361);
#10439=PLANE('',#12363);
#10440=PLANE('',#12364);
#10441=PLANE('',#12365);
#10442=PLANE('',#12366);
#10443=PLANE('',#12367);
#10444=PLANE('',#12370);
#10445=PLANE('',#12371);
#10446=PLANE('',#12372);
#10447=PLANE('',#12373);
#10448=PLANE('',#12374);
#10449=PLANE('',#12375);
#10450=PLANE('',#12376);
#10451=PLANE('',#12377);
#10452=PLANE('',#12378);
#10453=PLANE('',#12379);
#10454=PLANE('',#12380);
#10455=PLANE('',#12381);
#10456=PLANE('',#12384);
#10457=PLANE('',#12385);
#10458=PLANE('',#12386);
#10459=PLANE('',#12387);
#10460=PLANE('',#12388);
#10461=PLANE('',#12389);
#10462=PLANE('',#12390);
#10463=PLANE('',#12391);
#10464=PLANE('',#12392);
#10465=PLANE('',#12393);
#10466=PLANE('',#12394);
#10467=PLANE('',#12395);
#10468=PLANE('',#12396);
#10469=PLANE('',#12397);
#10470=PLANE('',#12398);
#10471=PLANE('',#12399);
#10472=PLANE('',#12400);
#10473=PLANE('',#12401);
#10474=PLANE('',#12402);
#10475=PLANE('',#12403);
#10476=PLANE('',#12404);
#10477=PLANE('',#12405);
#10478=PLANE('',#12406);
#10479=PLANE('',#12407);
#10480=PLANE('',#12408);
#10481=PLANE('',#12409);
#10482=PLANE('',#12410);
#10483=PLANE('',#12411);
#10484=PLANE('',#12412);
#10485=PLANE('',#12413);
#10486=PLANE('',#12414);
#10487=PLANE('',#12415);
#10488=PLANE('',#12416);
#10489=PLANE('',#12417);
#10490=PLANE('',#12418);
#10491=PLANE('',#12419);
#10492=PLANE('',#12420);
#10493=PLANE('',#12421);
#10494=PLANE('',#12422);
#10495=PLANE('',#12423);
#10496=PLANE('',#12424);
#10497=PLANE('',#12425);
#10498=PLANE('',#12426);
#10499=PLANE('',#12427);
#10500=PLANE('',#12428);
#10501=PLANE('',#12429);
#10502=PLANE('',#12430);
#10503=PLANE('',#12431);
#10504=PLANE('',#12432);
#10505=PLANE('',#12433);
#10506=PLANE('',#12434);
#10507=PLANE('',#12435);
#10508=PLANE('',#12436);
#10509=PLANE('',#12437);
#10510=PLANE('',#12438);
#10511=PLANE('',#12440);
#10512=PLANE('',#12441);
#10513=PLANE('',#12442);
#10514=PLANE('',#12443);
#10515=PLANE('',#12444);
#10516=PLANE('',#12445);
#10517=PLANE('',#12446);
#10518=PLANE('',#12447);
#10519=PLANE('',#12448);
#10520=PLANE('',#12449);
#10521=PLANE('',#12450);
#10522=PLANE('',#12451);
#10523=PLANE('',#12452);
#10524=PLANE('',#12453);
#10525=PLANE('',#12454);
#10526=PLANE('',#12455);
#10527=PLANE('',#12456);
#10528=PLANE('',#12457);
#10529=PLANE('',#12459);
#10530=PLANE('',#12460);
#10531=PLANE('',#12461);
#10532=PLANE('',#12462);
#10533=PLANE('',#12463);
#10534=PLANE('',#12464);
#10535=PLANE('',#12465);
#10536=PLANE('',#12466);
#10537=PLANE('',#12467);
#10538=PLANE('',#12468);
#10539=PLANE('',#12469);
#10540=PLANE('',#12470);
#10541=PLANE('',#12471);
#10542=PLANE('',#12472);
#10543=PLANE('',#12473);
#10544=PLANE('',#12474);
#10545=PLANE('',#12475);
#10546=PLANE('',#12476);
#10547=PLANE('',#12477);
#10548=PLANE('',#12478);
#10549=PLANE('',#12479);
#10550=PLANE('',#12481);
#10551=PLANE('',#12482);
#10552=PLANE('',#12483);
#10553=PLANE('',#12484);
#10554=PLANE('',#12485);
#10555=PLANE('',#12486);
#10556=PLANE('',#12487);
#10557=PLANE('',#12488);
#10558=PLANE('',#12489);
#10559=PLANE('',#12490);
#10560=PLANE('',#12491);
#10561=PLANE('',#12492);
#10562=PLANE('',#12493);
#10563=PLANE('',#12494);
#10564=PLANE('',#12495);
#10565=PLANE('',#12496);
#10566=PLANE('',#12497);
#10567=PLANE('',#12498);
#10568=PLANE('',#12499);
#10569=PLANE('',#12500);
#10570=PLANE('',#12501);
#10571=PLANE('',#12502);
#10572=PLANE('',#12503);
#10573=PLANE('',#12504);
#10574=PLANE('',#12505);
#10575=PLANE('',#12506);
#10576=PLANE('',#12507);
#10577=PLANE('',#12508);
#10578=PLANE('',#12509);
#10579=PLANE('',#12510);
#10580=PLANE('',#12511);
#10581=PLANE('',#12512);
#10582=PLANE('',#12513);
#10583=PLANE('',#12514);
#10584=PLANE('',#12515);
#10585=PLANE('',#12516);
#10586=PLANE('',#12517);
#10587=PLANE('',#12518);
#10588=PLANE('',#12519);
#10589=PLANE('',#12520);
#10590=PLANE('',#12521);
#10591=PLANE('',#12522);
#10592=PLANE('',#12523);
#10593=PLANE('',#12524);
#10594=PLANE('',#12525);
#10595=PLANE('',#12526);
#10596=PLANE('',#12527);
#10597=PLANE('',#12528);
#10598=PLANE('',#12529);
#10599=PLANE('',#12530);
#10600=PLANE('',#12532);
#10601=PLANE('',#12533);
#10602=PLANE('',#12534);
#10603=PLANE('',#12535);
#10604=PLANE('',#12536);
#10605=PLANE('',#12537);
#10606=ADVANCED_FACE('',(#806,#686),#10121,.T.);
#10607=ADVANCED_FACE('',(#807,#687),#10122,.T.);
#10608=ADVANCED_FACE('',(#808),#10123,.T.);
#10609=ADVANCED_FACE('',(#809),#10124,.T.);
#10610=ADVANCED_FACE('',(#810),#10125,.T.);
#10611=ADVANCED_FACE('',(#811),#10126,.T.);
#10612=ADVANCED_FACE('',(#812),#10127,.T.);
#10613=ADVANCED_FACE('',(#813),#10128,.T.);
#10614=ADVANCED_FACE('',(#814),#10129,.T.);
#10615=ADVANCED_FACE('',(#815),#10130,.T.);
#10616=ADVANCED_FACE('',(#816,#688),#10131,.T.);
#10617=ADVANCED_FACE('',(#817,#689),#10132,.T.);
#10618=ADVANCED_FACE('',(#818),#10133,.T.);
#10619=ADVANCED_FACE('',(#819),#10134,.T.);
#10620=ADVANCED_FACE('',(#820),#10135,.T.);
#10621=ADVANCED_FACE('',(#821),#10136,.T.);
#10622=ADVANCED_FACE('',(#822),#10137,.T.);
#10623=ADVANCED_FACE('',(#823),#10138,.T.);
#10624=ADVANCED_FACE('',(#824),#10139,.T.);
#10625=ADVANCED_FACE('',(#825),#10140,.T.);
#10626=ADVANCED_FACE('',(#826),#434,.F.);
#10627=ADVANCED_FACE('',(#827),#435,.F.);
#10628=ADVANCED_FACE('',(#828,#690),#10141,.T.);
#10629=ADVANCED_FACE('',(#829,#691),#10142,.T.);
#10630=ADVANCED_FACE('',(#830),#10143,.T.);
#10631=ADVANCED_FACE('',(#831,#692),#10144,.T.);
#10632=ADVANCED_FACE('',(#832,#693),#10145,.T.);
#10633=ADVANCED_FACE('',(#833),#10146,.T.);
#10634=ADVANCED_FACE('',(#834),#10147,.T.);
#10635=ADVANCED_FACE('',(#835),#10148,.T.);
#10636=ADVANCED_FACE('',(#836),#10149,.T.);
#10637=ADVANCED_FACE('',(#837),#10150,.F.);
#10638=ADVANCED_FACE('',(#838),#10151,.T.);
#10639=ADVANCED_FACE('',(#839),#10152,.T.);
#10640=ADVANCED_FACE('',(#840),#10153,.T.);
#10641=ADVANCED_FACE('',(#841,#694),#436,.T.);
#10642=ADVANCED_FACE('',(#842),#437,.F.);
#10643=ADVANCED_FACE('',(#843,#695),#10154,.T.);
#10644=ADVANCED_FACE('',(#844),#438,.T.);
#10645=ADVANCED_FACE('',(#845),#10155,.T.);
#10646=ADVANCED_FACE('',(#846,#696),#10156,.T.);
#10647=ADVANCED_FACE('',(#847),#439,.T.);
#10648=ADVANCED_FACE('',(#848),#10157,.F.);
#10649=ADVANCED_FACE('',(#849),#440,.F.);
#10650=ADVANCED_FACE('',(#850),#10158,.F.);
#10651=ADVANCED_FACE('',(#851),#10159,.T.);
#10652=ADVANCED_FACE('',(#852),#10160,.T.);
#10653=ADVANCED_FACE('',(#853,#697),#10161,.F.);
#10654=ADVANCED_FACE('',(#854,#698),#10162,.T.);
#10655=ADVANCED_FACE('',(#855,#699),#10163,.T.);
#10656=ADVANCED_FACE('',(#856),#10164,.T.);
#10657=ADVANCED_FACE('',(#857),#10165,.T.);
#10658=ADVANCED_FACE('',(#858),#10166,.T.);
#10659=ADVANCED_FACE('',(#859),#10167,.T.);
#10660=ADVANCED_FACE('',(#860),#10168,.T.);
#10661=ADVANCED_FACE('',(#861),#10169,.T.);
#10662=ADVANCED_FACE('',(#862),#10170,.T.);
#10663=ADVANCED_FACE('',(#863),#10171,.T.);
#10664=ADVANCED_FACE('',(#864,#700),#10172,.T.);
#10665=ADVANCED_FACE('',(#865),#441,.F.);
#10666=ADVANCED_FACE('',(#866),#442,.F.);
#10667=ADVANCED_FACE('',(#867,#701),#10173,.F.);
#10668=ADVANCED_FACE('',(#868,#702),#10174,.F.);
#10669=ADVANCED_FACE('',(#869),#10175,.F.);
#10670=ADVANCED_FACE('',(#870,#703),#10176,.F.);
#10671=ADVANCED_FACE('',(#871,#704),#10177,.F.);
#10672=ADVANCED_FACE('',(#872),#10178,.F.);
#10673=ADVANCED_FACE('',(#873),#10179,.F.);
#10674=ADVANCED_FACE('',(#874),#10180,.F.);
#10675=ADVANCED_FACE('',(#875),#10181,.F.);
#10676=ADVANCED_FACE('',(#876),#10182,.T.);
#10677=ADVANCED_FACE('',(#877),#443,.T.);
#10678=ADVANCED_FACE('',(#878),#10183,.F.);
#10679=ADVANCED_FACE('',(#879),#10184,.T.);
#10680=ADVANCED_FACE('',(#880),#10185,.T.);
#10681=ADVANCED_FACE('',(#881),#10186,.T.);
#10682=ADVANCED_FACE('',(#882),#10187,.T.);
#10683=ADVANCED_FACE('',(#883),#10188,.T.);
#10684=ADVANCED_FACE('',(#884),#10189,.T.);
#10685=ADVANCED_FACE('',(#885),#10190,.T.);
#10686=ADVANCED_FACE('',(#886,#705),#10191,.F.);
#10687=ADVANCED_FACE('',(#887),#10192,.F.);
#10688=ADVANCED_FACE('',(#888),#10193,.F.);
#10689=ADVANCED_FACE('',(#889),#10194,.F.);
#10690=ADVANCED_FACE('',(#890,#706),#444,.T.);
#10691=ADVANCED_FACE('',(#891),#445,.F.);
#10692=ADVANCED_FACE('',(#892,#707),#10195,.F.);
#10693=ADVANCED_FACE('',(#893),#446,.T.);
#10694=ADVANCED_FACE('',(#894),#10196,.F.);
#10695=ADVANCED_FACE('',(#895,#708),#10197,.F.);
#10696=ADVANCED_FACE('',(#896),#447,.T.);
#10697=ADVANCED_FACE('',(#897),#10198,.T.);
#10698=ADVANCED_FACE('',(#898),#448,.F.);
#10699=ADVANCED_FACE('',(#899),#10199,.T.);
#10700=ADVANCED_FACE('',(#900),#10200,.F.);
#10701=ADVANCED_FACE('',(#901),#10201,.F.);
#10702=ADVANCED_FACE('',(#902,#709),#10202,.T.);
#10703=ADVANCED_FACE('',(#903,#710),#10203,.F.);
#10704=ADVANCED_FACE('',(#904),#449,.T.);
#10705=ADVANCED_FACE('',(#905),#10204,.T.);
#10706=ADVANCED_FACE('',(#906),#10205,.F.);
#10707=ADVANCED_FACE('',(#907),#10206,.F.);
#10708=ADVANCED_FACE('',(#908),#10207,.F.);
#10709=ADVANCED_FACE('',(#909),#10208,.F.);
#10710=ADVANCED_FACE('',(#910),#10209,.F.);
#10711=ADVANCED_FACE('',(#911),#10210,.F.);
#10712=ADVANCED_FACE('',(#912),#10211,.F.);
#10713=ADVANCED_FACE('',(#913,#711),#10212,.T.);
#10714=ADVANCED_FACE('',(#914),#450,.F.);
#10715=ADVANCED_FACE('',(#915),#451,.T.);
#10716=ADVANCED_FACE('',(#916,#712),#10213,.T.);
#10717=ADVANCED_FACE('',(#917,#713),#10214,.F.);
#10718=ADVANCED_FACE('',(#918),#10215,.T.);
#10719=ADVANCED_FACE('',(#919),#452,.T.);
#10720=ADVANCED_FACE('',(#920),#453,.F.);
#10721=ADVANCED_FACE('',(#921,#714),#10216,.F.);
#10722=ADVANCED_FACE('',(#922),#454,.T.);
#10723=ADVANCED_FACE('',(#923,#715),#10217,.T.);
#10724=ADVANCED_FACE('',(#924),#10218,.F.);
#10725=ADVANCED_FACE('',(#925),#10219,.F.);
#10726=ADVANCED_FACE('',(#926),#10220,.F.);
#10727=ADVANCED_FACE('',(#927),#10221,.T.);
#10728=ADVANCED_FACE('',(#928,#716),#10222,.T.);
#10729=ADVANCED_FACE('',(#929),#10223,.F.);
#10730=ADVANCED_FACE('',(#930),#10224,.F.);
#10731=ADVANCED_FACE('',(#931),#455,.T.);
#10732=ADVANCED_FACE('',(#932),#10225,.T.);
#10733=ADVANCED_FACE('',(#933),#456,.F.);
#10734=ADVANCED_FACE('',(#934),#457,.T.);
#10735=ADVANCED_FACE('',(#935),#10226,.T.);
#10736=ADVANCED_FACE('',(#936,#717),#10227,.F.);
#10737=ADVANCED_FACE('',(#937),#10228,.T.);
#10738=ADVANCED_FACE('',(#938),#10229,.T.);
#10739=ADVANCED_FACE('',(#939),#10230,.F.);
#10740=ADVANCED_FACE('',(#940,#718),#10231,.F.);
#10741=ADVANCED_FACE('',(#941),#10232,.T.);
#10742=ADVANCED_FACE('',(#942),#10233,.T.);
#10743=ADVANCED_FACE('',(#943),#458,.T.);
#10744=ADVANCED_FACE('',(#944),#10234,.F.);
#10745=ADVANCED_FACE('',(#945),#459,.F.);
#10746=ADVANCED_FACE('',(#946),#460,.T.);
#10747=ADVANCED_FACE('',(#947),#10235,.F.);
#10748=ADVANCED_FACE('',(#948,#719),#10236,.T.);
#10749=ADVANCED_FACE('',(#949),#461,.F.);
#10750=ADVANCED_FACE('',(#950),#462,.T.);
#10751=ADVANCED_FACE('',(#951,#720),#10237,.F.);
#10752=ADVANCED_FACE('',(#952,#721),#10238,.T.);
#10753=ADVANCED_FACE('',(#953),#10239,.F.);
#10754=ADVANCED_FACE('',(#954),#463,.T.);
#10755=ADVANCED_FACE('',(#955),#464,.F.);
#10756=ADVANCED_FACE('',(#956,#722),#10240,.T.);
#10757=ADVANCED_FACE('',(#957),#465,.T.);
#10758=ADVANCED_FACE('',(#958,#723),#10241,.F.);
#10759=ADVANCED_FACE('',(#959),#10242,.T.);
#10760=ADVANCED_FACE('',(#960,#724),#10243,.T.);
#10761=ADVANCED_FACE('',(#961,#725),#10244,.F.);
#10762=ADVANCED_FACE('',(#962),#184,.T.);
#10763=ADVANCED_FACE('',(#963,#726),#10245,.T.);
#10764=ADVANCED_FACE('',(#964),#466,.T.);
#10765=ADVANCED_FACE('',(#965),#10246,.F.);
#10766=ADVANCED_FACE('',(#966),#10247,.T.);
#10767=ADVANCED_FACE('',(#967),#10248,.T.);
#10768=ADVANCED_FACE('',(#968),#467,.F.);
#10769=ADVANCED_FACE('',(#969),#468,.T.);
#10770=ADVANCED_FACE('',(#970,#727),#10249,.T.);
#10771=ADVANCED_FACE('',(#971,#728),#10250,.T.);
#10772=ADVANCED_FACE('',(#972),#10251,.T.);
#10773=ADVANCED_FACE('',(#973),#10252,.T.);
#10774=ADVANCED_FACE('',(#974),#10253,.T.);
#10775=ADVANCED_FACE('',(#975),#10254,.T.);
#10776=ADVANCED_FACE('',(#976),#10255,.T.);
#10777=ADVANCED_FACE('',(#977),#10256,.T.);
#10778=ADVANCED_FACE('',(#978),#10257,.T.);
#10779=ADVANCED_FACE('',(#979),#10258,.T.);
#10780=ADVANCED_FACE('',(#980,#729),#10259,.T.);
#10781=ADVANCED_FACE('',(#981,#730),#10260,.T.);
#10782=ADVANCED_FACE('',(#982),#10261,.T.);
#10783=ADVANCED_FACE('',(#983),#10262,.T.);
#10784=ADVANCED_FACE('',(#984),#10263,.T.);
#10785=ADVANCED_FACE('',(#985),#10264,.T.);
#10786=ADVANCED_FACE('',(#986),#10265,.T.);
#10787=ADVANCED_FACE('',(#987),#10266,.T.);
#10788=ADVANCED_FACE('',(#988),#10267,.T.);
#10789=ADVANCED_FACE('',(#989),#10268,.T.);
#10790=ADVANCED_FACE('',(#990,#731),#10269,.T.);
#10791=ADVANCED_FACE('',(#991,#732),#10270,.T.);
#10792=ADVANCED_FACE('',(#992),#10271,.T.);
#10793=ADVANCED_FACE('',(#993),#10272,.T.);
#10794=ADVANCED_FACE('',(#994),#10273,.T.);
#10795=ADVANCED_FACE('',(#995),#10274,.T.);
#10796=ADVANCED_FACE('',(#996),#10275,.T.);
#10797=ADVANCED_FACE('',(#997),#10276,.T.);
#10798=ADVANCED_FACE('',(#998),#10277,.T.);
#10799=ADVANCED_FACE('',(#999),#10278,.T.);
#10800=ADVANCED_FACE('',(#1000,#733),#10279,.F.);
#10801=ADVANCED_FACE('',(#1001),#180,.T.);
#10802=ADVANCED_FACE('',(#1002,#734),#10280,.T.);
#10803=ADVANCED_FACE('',(#1003),#469,.F.);
#10804=ADVANCED_FACE('',(#1004,#735),#10281,.T.);
#10805=ADVANCED_FACE('',(#1005),#181,.T.);
#10806=ADVANCED_FACE('',(#1006,#736),#10282,.F.);
#10807=ADVANCED_FACE('',(#1007),#470,.F.);
#10808=ADVANCED_FACE('',(#1008),#182,.T.);
#10809=ADVANCED_FACE('',(#1009),#471,.T.);
#10810=ADVANCED_FACE('',(#1010,#737,#738,#739,#740,#741,#742,#743,#744,
#745,#746,#747,#748,#749,#750,#751,#752,#753,#754,#755,#756,#757),#10283,
 .F.);
#10811=ADVANCED_FACE('',(#1011),#183,.T.);
#10812=ADVANCED_FACE('',(#1012,#758,#759,#760,#761,#762,#763,#764,#765,
#766,#767,#768,#769,#770,#771,#772,#773,#774,#775,#776,#777,#778),#10284,
 .T.);
#10813=ADVANCED_FACE('',(#1013),#10285,.T.);
#10814=ADVANCED_FACE('',(#1014),#472,.T.);
#10815=ADVANCED_FACE('',(#1015),#10286,.T.);
#10816=ADVANCED_FACE('',(#1016),#473,.T.);
#10817=ADVANCED_FACE('',(#1017),#10287,.T.);
#10818=ADVANCED_FACE('',(#1018),#10288,.T.);
#10819=ADVANCED_FACE('',(#1019),#474,.T.);
#10820=ADVANCED_FACE('',(#1020),#10289,.T.);
#10821=ADVANCED_FACE('',(#1021),#475,.T.);
#10822=ADVANCED_FACE('',(#1022),#10290,.T.);
#10823=ADVANCED_FACE('',(#1023,#779),#10291,.F.);
#10824=ADVANCED_FACE('',(#1024),#476,.T.);
#10825=ADVANCED_FACE('',(#1025,#780),#10292,.T.);
#10826=ADVANCED_FACE('',(#1026),#477,.T.);
#10827=ADVANCED_FACE('',(#1027),#478,.T.);
#10828=ADVANCED_FACE('',(#1028),#10293,.T.);
#10829=ADVANCED_FACE('',(#1029),#10294,.T.);
#10830=ADVANCED_FACE('',(#1030),#479,.F.);
#10831=ADVANCED_FACE('',(#1031),#10295,.T.);
#10832=ADVANCED_FACE('',(#1032),#480,.F.);
#10833=ADVANCED_FACE('',(#1033),#10296,.T.);
#10834=ADVANCED_FACE('',(#1034),#481,.F.);
#10835=ADVANCED_FACE('',(#1035),#10297,.T.);
#10836=ADVANCED_FACE('',(#1036),#482,.F.);
#10837=ADVANCED_FACE('',(#1037),#10298,.T.);
#10838=ADVANCED_FACE('',(#1038),#483,.F.);
#10839=ADVANCED_FACE('',(#1039),#10299,.T.);
#10840=ADVANCED_FACE('',(#1040),#484,.F.);
#10841=ADVANCED_FACE('',(#1041),#10300,.T.);
#10842=ADVANCED_FACE('',(#1042),#485,.F.);
#10843=ADVANCED_FACE('',(#1043),#10301,.T.);
#10844=ADVANCED_FACE('',(#1044),#486,.F.);
#10845=ADVANCED_FACE('',(#1045),#10302,.T.);
#10846=ADVANCED_FACE('',(#1046),#487,.F.);
#10847=ADVANCED_FACE('',(#1047),#10303,.T.);
#10848=ADVANCED_FACE('',(#1048),#488,.F.);
#10849=ADVANCED_FACE('',(#1049),#10304,.T.);
#10850=ADVANCED_FACE('',(#1050),#489,.F.);
#10851=ADVANCED_FACE('',(#1051),#10305,.T.);
#10852=ADVANCED_FACE('',(#1052),#490,.F.);
#10853=ADVANCED_FACE('',(#1053),#10306,.T.);
#10854=ADVANCED_FACE('',(#1054),#491,.F.);
#10855=ADVANCED_FACE('',(#1055),#10307,.T.);
#10856=ADVANCED_FACE('',(#1056),#492,.F.);
#10857=ADVANCED_FACE('',(#1057),#10308,.T.);
#10858=ADVANCED_FACE('',(#1058),#493,.F.);
#10859=ADVANCED_FACE('',(#1059),#10309,.T.);
#10860=ADVANCED_FACE('',(#1060),#494,.F.);
#10861=ADVANCED_FACE('',(#1061),#10310,.T.);
#10862=ADVANCED_FACE('',(#1062),#495,.F.);
#10863=ADVANCED_FACE('',(#1063),#10311,.T.);
#10864=ADVANCED_FACE('',(#1064),#496,.F.);
#10865=ADVANCED_FACE('',(#1065),#10312,.T.);
#10866=ADVANCED_FACE('',(#1066),#497,.F.);
#10867=ADVANCED_FACE('',(#1067),#498,.T.);
#10868=ADVANCED_FACE('',(#1068),#10313,.T.);
#10869=ADVANCED_FACE('',(#1069),#499,.T.);
#10870=ADVANCED_FACE('',(#1070),#10314,.T.);
#10871=ADVANCED_FACE('',(#1071),#500,.T.);
#10872=ADVANCED_FACE('',(#1072),#10315,.T.);
#10873=ADVANCED_FACE('',(#1073),#501,.T.);
#10874=ADVANCED_FACE('',(#1074),#10316,.T.);
#10875=ADVANCED_FACE('',(#1075),#502,.T.);
#10876=ADVANCED_FACE('',(#1076),#10317,.T.);
#10877=ADVANCED_FACE('',(#1077),#503,.T.);
#10878=ADVANCED_FACE('',(#1078),#10318,.T.);
#10879=ADVANCED_FACE('',(#1079),#504,.T.);
#10880=ADVANCED_FACE('',(#1080),#10319,.T.);
#10881=ADVANCED_FACE('',(#1081),#505,.T.);
#10882=ADVANCED_FACE('',(#1082),#10320,.T.);
#10883=ADVANCED_FACE('',(#1083),#506,.T.);
#10884=ADVANCED_FACE('',(#1084),#10321,.T.);
#10885=ADVANCED_FACE('',(#1085),#507,.T.);
#10886=ADVANCED_FACE('',(#1086),#10322,.T.);
#10887=ADVANCED_FACE('',(#1087),#508,.T.);
#10888=ADVANCED_FACE('',(#1088),#10323,.T.);
#10889=ADVANCED_FACE('',(#1089),#509,.T.);
#10890=ADVANCED_FACE('',(#1090),#10324,.T.);
#10891=ADVANCED_FACE('',(#1091),#510,.T.);
#10892=ADVANCED_FACE('',(#1092),#10325,.T.);
#10893=ADVANCED_FACE('',(#1093),#511,.T.);
#10894=ADVANCED_FACE('',(#1094),#10326,.T.);
#10895=ADVANCED_FACE('',(#1095),#512,.T.);
#10896=ADVANCED_FACE('',(#1096),#10327,.T.);
#10897=ADVANCED_FACE('',(#1097),#513,.T.);
#10898=ADVANCED_FACE('',(#1098),#10328,.T.);
#10899=ADVANCED_FACE('',(#1099),#514,.T.);
#10900=ADVANCED_FACE('',(#1100),#10329,.T.);
#10901=ADVANCED_FACE('',(#1101),#515,.T.);
#10902=ADVANCED_FACE('',(#1102),#10330,.T.);
#10903=ADVANCED_FACE('',(#1103),#516,.T.);
#10904=ADVANCED_FACE('',(#1104),#10331,.T.);
#10905=ADVANCED_FACE('',(#1105),#10332,.T.);
#10906=ADVANCED_FACE('',(#1106),#517,.F.);
#10907=ADVANCED_FACE('',(#1107),#179,.T.);
#10908=ADVANCED_FACE('',(#1108),#518,.T.);
#10909=ADVANCED_FACE('',(#1109,#781),#10333,.F.);
#10910=ADVANCED_FACE('',(#1110,#782),#10334,.F.);
#10911=ADVANCED_FACE('',(#1111),#10335,.T.);
#10912=ADVANCED_FACE('',(#1112),#10336,.T.);
#10913=ADVANCED_FACE('',(#1113),#10337,.T.);
#10914=ADVANCED_FACE('',(#1114),#10338,.T.);
#10915=ADVANCED_FACE('',(#1115),#10339,.T.);
#10916=ADVANCED_FACE('',(#1116),#10340,.T.);
#10917=ADVANCED_FACE('',(#1117),#10341,.T.);
#10918=ADVANCED_FACE('',(#1118),#10342,.T.);
#10919=ADVANCED_FACE('',(#1119,#783),#10343,.T.);
#10920=ADVANCED_FACE('',(#1120,#784),#10344,.F.);
#10921=ADVANCED_FACE('',(#1121),#10345,.T.);
#10922=ADVANCED_FACE('',(#1122),#10346,.T.);
#10923=ADVANCED_FACE('',(#1123),#10347,.T.);
#10924=ADVANCED_FACE('',(#1124),#10348,.T.);
#10925=ADVANCED_FACE('',(#1125),#10349,.T.);
#10926=ADVANCED_FACE('',(#1126),#10350,.T.);
#10927=ADVANCED_FACE('',(#1127),#10351,.T.);
#10928=ADVANCED_FACE('',(#1128),#10352,.T.);
#10929=ADVANCED_FACE('',(#1129,#785),#10353,.T.);
#10930=ADVANCED_FACE('',(#1130,#786),#10354,.T.);
#10931=ADVANCED_FACE('',(#1131,#787),#10355,.T.);
#10932=ADVANCED_FACE('',(#1132),#10356,.T.);
#10933=ADVANCED_FACE('',(#1133),#10357,.T.);
#10934=ADVANCED_FACE('',(#1134),#10358,.T.);
#10935=ADVANCED_FACE('',(#1135),#10359,.T.);
#10936=ADVANCED_FACE('',(#1136),#10360,.T.);
#10937=ADVANCED_FACE('',(#1137),#10361,.T.);
#10938=ADVANCED_FACE('',(#1138),#10362,.T.);
#10939=ADVANCED_FACE('',(#1139),#10363,.T.);
#10940=ADVANCED_FACE('',(#1140,#788),#10364,.T.);
#10941=ADVANCED_FACE('',(#1141),#10365,.F.);
#10942=ADVANCED_FACE('',(#1142),#10366,.F.);
#10943=ADVANCED_FACE('',(#1143),#10367,.F.);
#10944=ADVANCED_FACE('',(#1144),#10368,.F.);
#10945=ADVANCED_FACE('',(#1145),#10369,.F.);
#10946=ADVANCED_FACE('',(#1146),#10370,.F.);
#10947=ADVANCED_FACE('',(#1147),#10371,.F.);
#10948=ADVANCED_FACE('',(#1148),#10372,.F.);
#10949=ADVANCED_FACE('',(#1149,#789),#10373,.F.);
#10950=ADVANCED_FACE('',(#1150),#519,.T.);
#10951=ADVANCED_FACE('',(#1151),#10374,.T.);
#10952=ADVANCED_FACE('',(#1152,#790,#791,#792),#10375,.T.);
#10953=ADVANCED_FACE('',(#1153),#520,.T.);
#10954=ADVANCED_FACE('',(#1154),#10376,.F.);
#10955=ADVANCED_FACE('',(#1155,#793,#794,#795),#10377,.F.);
#10956=ADVANCED_FACE('',(#1156),#521,.T.);
#10957=ADVANCED_FACE('',(#1157),#10378,.F.);
#10958=ADVANCED_FACE('',(#1158),#522,.T.);
#10959=ADVANCED_FACE('',(#1159),#10379,.T.);
#10960=ADVANCED_FACE('',(#1160),#523,.F.);
#10961=ADVANCED_FACE('',(#1161),#10380,.T.);
#10962=ADVANCED_FACE('',(#1162),#524,.T.);
#10963=ADVANCED_FACE('',(#1163),#10381,.F.);
#10964=ADVANCED_FACE('',(#1164),#10382,.T.);
#10965=ADVANCED_FACE('',(#1165),#525,.T.);
#10966=ADVANCED_FACE('',(#1166),#526,.T.);
#10967=ADVANCED_FACE('',(#1167),#527,.F.);
#10968=ADVANCED_FACE('',(#1168),#10383,.F.);
#10969=ADVANCED_FACE('',(#1169),#528,.F.);
#10970=ADVANCED_FACE('',(#1170),#10384,.F.);
#10971=ADVANCED_FACE('',(#1171),#10385,.F.);
#10972=ADVANCED_FACE('',(#1172),#10386,.F.);
#10973=ADVANCED_FACE('',(#1173),#10387,.F.);
#10974=ADVANCED_FACE('',(#1174),#529,.F.);
#10975=ADVANCED_FACE('',(#1175),#530,.F.);
#10976=ADVANCED_FACE('',(#1176),#531,.F.);
#10977=ADVANCED_FACE('',(#1177),#10388,.F.);
#10978=ADVANCED_FACE('',(#1178),#532,.F.);
#10979=ADVANCED_FACE('',(#1179),#10389,.F.);
#10980=ADVANCED_FACE('',(#1180),#533,.T.);
#10981=ADVANCED_FACE('',(#1181),#10390,.T.);
#10982=ADVANCED_FACE('',(#1182,#796),#10391,.F.);
#10983=ADVANCED_FACE('',(#1183),#534,.T.);
#10984=ADVANCED_FACE('',(#1184),#10392,.T.);
#10985=ADVANCED_FACE('',(#1185,#797),#10393,.T.);
#10986=ADVANCED_FACE('',(#1186),#535,.T.);
#10987=ADVANCED_FACE('',(#1187),#10394,.F.);
#10988=ADVANCED_FACE('',(#1188),#10395,.F.);
#10989=ADVANCED_FACE('',(#1189),#10396,.T.);
#10990=ADVANCED_FACE('',(#1190),#10397,.F.);
#10991=ADVANCED_FACE('',(#1191),#10398,.T.);
#10992=ADVANCED_FACE('',(#1192),#536,.F.);
#10993=ADVANCED_FACE('',(#1193),#10399,.T.);
#10994=ADVANCED_FACE('',(#1194),#10400,.T.);
#10995=ADVANCED_FACE('',(#1195),#10401,.T.);
#10996=ADVANCED_FACE('',(#1196),#10402,.T.);
#10997=ADVANCED_FACE('',(#1197,#798),#10403,.T.);
#10998=ADVANCED_FACE('',(#1198,#799),#10404,.F.);
#10999=ADVANCED_FACE('',(#1199),#10405,.F.);
#11000=ADVANCED_FACE('',(#1200),#10406,.F.);
#11001=ADVANCED_FACE('',(#1201),#10407,.F.);
#11002=ADVANCED_FACE('',(#1202),#10408,.F.);
#11003=ADVANCED_FACE('',(#1203),#10409,.T.);
#11004=ADVANCED_FACE('',(#1204,#800),#10410,.T.);
#11005=ADVANCED_FACE('',(#1205),#10411,.T.);
#11006=ADVANCED_FACE('',(#1206,#801),#10412,.T.);
#11007=ADVANCED_FACE('',(#1207),#10413,.T.);
#11008=ADVANCED_FACE('',(#1208),#10414,.T.);
#11009=ADVANCED_FACE('',(#1209),#10415,.F.);
#11010=ADVANCED_FACE('',(#1210),#10416,.F.);
#11011=ADVANCED_FACE('',(#1211),#10417,.F.);
#11012=ADVANCED_FACE('',(#1212),#10418,.F.);
#11013=ADVANCED_FACE('',(#1213),#10419,.T.);
#11014=ADVANCED_FACE('',(#1214),#10420,.T.);
#11015=ADVANCED_FACE('',(#1215,#802),#10421,.T.);
#11016=ADVANCED_FACE('',(#1216),#10422,.T.);
#11017=ADVANCED_FACE('',(#1217,#803),#10423,.T.);
#11018=ADVANCED_FACE('',(#1218),#10424,.T.);
#11019=ADVANCED_FACE('',(#1219,#804),#10425,.F.);
#11020=ADVANCED_FACE('',(#1220),#10426,.F.);
#11021=ADVANCED_FACE('',(#1221),#10427,.F.);
#11022=ADVANCED_FACE('',(#1222),#10428,.F.);
#11023=ADVANCED_FACE('',(#1223),#10429,.F.);
#11024=ADVANCED_FACE('',(#1224),#10430,.F.);
#11025=ADVANCED_FACE('',(#1225),#10431,.F.);
#11026=ADVANCED_FACE('',(#1226),#10432,.F.);
#11027=ADVANCED_FACE('',(#1227),#10433,.F.);
#11028=ADVANCED_FACE('',(#1228,#805),#10434,.F.);
#11029=ADVANCED_FACE('',(#1229),#10435,.F.);
#11030=ADVANCED_FACE('',(#1230),#10436,.T.);
#11031=ADVANCED_FACE('',(#1231),#10437,.F.);
#11032=ADVANCED_FACE('',(#1232),#10438,.T.);
#11033=ADVANCED_FACE('',(#1233),#10439,.T.);
#11034=ADVANCED_FACE('',(#1234),#10440,.T.);
#11035=ADVANCED_FACE('',(#1235),#10441,.T.);
#11036=ADVANCED_FACE('',(#1236),#10442,.F.);
#11037=ADVANCED_FACE('',(#1237),#10443,.T.);
#11038=ADVANCED_FACE('',(#1238),#537,.F.);
#11039=ADVANCED_FACE('',(#1239),#10444,.T.);
#11040=ADVANCED_FACE('',(#1240),#10445,.F.);
#11041=ADVANCED_FACE('',(#1241),#10446,.T.);
#11042=ADVANCED_FACE('',(#1242),#10447,.T.);
#11043=ADVANCED_FACE('',(#1243),#10448,.T.);
#11044=ADVANCED_FACE('',(#1244),#10449,.T.);
#11045=ADVANCED_FACE('',(#1245),#10450,.T.);
#11046=ADVANCED_FACE('',(#1246),#10451,.T.);
#11047=ADVANCED_FACE('',(#1247),#10452,.T.);
#11048=ADVANCED_FACE('',(#1248),#10453,.T.);
#11049=ADVANCED_FACE('',(#1249),#10454,.T.);
#11050=ADVANCED_FACE('',(#1250),#10455,.T.);
#11051=ADVANCED_FACE('',(#1251),#10456,.F.);
#11052=ADVANCED_FACE('',(#1252),#10457,.F.);
#11053=ADVANCED_FACE('',(#1253),#10458,.F.);
#11054=ADVANCED_FACE('',(#1254),#10459,.T.);
#11055=ADVANCED_FACE('',(#1255),#10460,.T.);
#11056=ADVANCED_FACE('',(#1256),#10461,.T.);
#11057=ADVANCED_FACE('',(#1257),#10462,.T.);
#11058=ADVANCED_FACE('',(#1258),#10463,.T.);
#11059=ADVANCED_FACE('',(#1259),#10464,.T.);
#11060=ADVANCED_FACE('',(#1260),#10465,.T.);
#11061=ADVANCED_FACE('',(#1261),#10466,.T.);
#11062=ADVANCED_FACE('',(#1262),#10467,.F.);
#11063=ADVANCED_FACE('',(#1263),#10468,.T.);
#11064=ADVANCED_FACE('',(#1264),#10469,.T.);
#11065=ADVANCED_FACE('',(#1265),#10470,.T.);
#11066=ADVANCED_FACE('',(#1266),#10471,.T.);
#11067=ADVANCED_FACE('',(#1267),#10472,.T.);
#11068=ADVANCED_FACE('',(#1268),#10473,.T.);
#11069=ADVANCED_FACE('',(#1269),#10474,.T.);
#11070=ADVANCED_FACE('',(#1270),#10475,.T.);
#11071=ADVANCED_FACE('',(#1271),#10476,.T.);
#11072=ADVANCED_FACE('',(#1272),#10477,.F.);
#11073=ADVANCED_FACE('',(#1273),#10478,.F.);
#11074=ADVANCED_FACE('',(#1274),#10479,.F.);
#11075=ADVANCED_FACE('',(#1275),#10480,.F.);
#11076=ADVANCED_FACE('',(#1276),#10481,.F.);
#11077=ADVANCED_FACE('',(#1277),#10482,.F.);
#11078=ADVANCED_FACE('',(#1278),#10483,.F.);
#11079=ADVANCED_FACE('',(#1279),#10484,.F.);
#11080=ADVANCED_FACE('',(#1280),#10485,.F.);
#11081=ADVANCED_FACE('',(#1281),#10486,.T.);
#11082=ADVANCED_FACE('',(#1282),#10487,.F.);
#11083=ADVANCED_FACE('',(#1283),#10488,.F.);
#11084=ADVANCED_FACE('',(#1284),#10489,.T.);
#11085=ADVANCED_FACE('',(#1285),#10490,.T.);
#11086=ADVANCED_FACE('',(#1286),#10491,.T.);
#11087=ADVANCED_FACE('',(#1287),#10492,.T.);
#11088=ADVANCED_FACE('',(#1288),#10493,.T.);
#11089=ADVANCED_FACE('',(#1289),#10494,.T.);
#11090=ADVANCED_FACE('',(#1290),#10495,.T.);
#11091=ADVANCED_FACE('',(#1291),#10496,.T.);
#11092=ADVANCED_FACE('',(#1292),#10497,.T.);
#11093=ADVANCED_FACE('',(#1293),#10498,.T.);
#11094=ADVANCED_FACE('',(#1294),#10499,.T.);
#11095=ADVANCED_FACE('',(#1295),#10500,.T.);
#11096=ADVANCED_FACE('',(#1296),#10501,.T.);
#11097=ADVANCED_FACE('',(#1297),#10502,.T.);
#11098=ADVANCED_FACE('',(#1298),#10503,.T.);
#11099=ADVANCED_FACE('',(#1299),#10504,.T.);
#11100=ADVANCED_FACE('',(#1300),#10505,.T.);
#11101=ADVANCED_FACE('',(#1301),#10506,.T.);
#11102=ADVANCED_FACE('',(#1302),#10507,.T.);
#11103=ADVANCED_FACE('',(#1303),#10508,.T.);
#11104=ADVANCED_FACE('',(#1304),#10509,.T.);
#11105=ADVANCED_FACE('',(#1305),#10510,.T.);
#11106=ADVANCED_FACE('',(#1306),#10511,.T.);
#11107=ADVANCED_FACE('',(#1307),#10512,.T.);
#11108=ADVANCED_FACE('',(#1308),#10513,.T.);
#11109=ADVANCED_FACE('',(#1309),#10514,.T.);
#11110=ADVANCED_FACE('',(#1310),#10515,.T.);
#11111=ADVANCED_FACE('',(#1311),#10516,.T.);
#11112=ADVANCED_FACE('',(#1312),#10517,.T.);
#11113=ADVANCED_FACE('',(#1313),#10518,.T.);
#11114=ADVANCED_FACE('',(#1314),#10519,.T.);
#11115=ADVANCED_FACE('',(#1315),#10520,.T.);
#11116=ADVANCED_FACE('',(#1316),#10521,.T.);
#11117=ADVANCED_FACE('',(#1317),#10522,.T.);
#11118=ADVANCED_FACE('',(#1318),#10523,.T.);
#11119=ADVANCED_FACE('',(#1319),#10524,.T.);
#11120=ADVANCED_FACE('',(#1320),#10525,.T.);
#11121=ADVANCED_FACE('',(#1321),#10526,.T.);
#11122=ADVANCED_FACE('',(#1322),#10527,.T.);
#11123=ADVANCED_FACE('',(#1323),#10528,.T.);
#11124=ADVANCED_FACE('',(#1324),#10529,.F.);
#11125=ADVANCED_FACE('',(#1325),#10530,.T.);
#11126=ADVANCED_FACE('',(#1326),#10531,.T.);
#11127=ADVANCED_FACE('',(#1327),#10532,.T.);
#11128=ADVANCED_FACE('',(#1328),#10533,.T.);
#11129=ADVANCED_FACE('',(#1329),#10534,.T.);
#11130=ADVANCED_FACE('',(#1330),#10535,.T.);
#11131=ADVANCED_FACE('',(#1331),#10536,.T.);
#11132=ADVANCED_FACE('',(#1332),#10537,.F.);
#11133=ADVANCED_FACE('',(#1333),#10538,.T.);
#11134=ADVANCED_FACE('',(#1334),#10539,.F.);
#11135=ADVANCED_FACE('',(#1335),#10540,.T.);
#11136=ADVANCED_FACE('',(#1336),#10541,.T.);
#11137=ADVANCED_FACE('',(#1337),#10542,.T.);
#11138=ADVANCED_FACE('',(#1338),#10543,.F.);
#11139=ADVANCED_FACE('',(#1339),#10544,.T.);
#11140=ADVANCED_FACE('',(#1340),#10545,.T.);
#11141=ADVANCED_FACE('',(#1341),#10546,.F.);
#11142=ADVANCED_FACE('',(#1342),#10547,.T.);
#11143=ADVANCED_FACE('',(#1343),#10548,.T.);
#11144=ADVANCED_FACE('',(#1344),#10549,.T.);
#11145=ADVANCED_FACE('',(#1345),#10550,.T.);
#11146=ADVANCED_FACE('',(#1346),#10551,.T.);
#11147=ADVANCED_FACE('',(#1347),#10552,.F.);
#11148=ADVANCED_FACE('',(#1348),#10553,.F.);
#11149=ADVANCED_FACE('',(#1349),#10554,.F.);
#11150=ADVANCED_FACE('',(#1350),#10555,.T.);
#11151=ADVANCED_FACE('',(#1351),#10556,.T.);
#11152=ADVANCED_FACE('',(#1352),#10557,.T.);
#11153=ADVANCED_FACE('',(#1353),#10558,.T.);
#11154=ADVANCED_FACE('',(#1354),#10559,.T.);
#11155=ADVANCED_FACE('',(#1355),#10560,.F.);
#11156=ADVANCED_FACE('',(#1356),#10561,.F.);
#11157=ADVANCED_FACE('',(#1357),#10562,.T.);
#11158=ADVANCED_FACE('',(#1358),#10563,.T.);
#11159=ADVANCED_FACE('',(#1359),#10564,.F.);
#11160=ADVANCED_FACE('',(#1360),#10565,.F.);
#11161=ADVANCED_FACE('',(#1361),#10566,.F.);
#11162=ADVANCED_FACE('',(#1362),#10567,.T.);
#11163=ADVANCED_FACE('',(#1363),#10568,.T.);
#11164=ADVANCED_FACE('',(#1364),#10569,.F.);
#11165=ADVANCED_FACE('',(#1365),#10570,.F.);
#11166=ADVANCED_FACE('',(#1366),#10571,.T.);
#11167=ADVANCED_FACE('',(#1367),#10572,.T.);
#11168=ADVANCED_FACE('',(#1368),#10573,.F.);
#11169=ADVANCED_FACE('',(#1369),#10574,.T.);
#11170=ADVANCED_FACE('',(#1370),#10575,.T.);
#11171=ADVANCED_FACE('',(#1371),#10576,.T.);
#11172=ADVANCED_FACE('',(#1372),#10577,.T.);
#11173=ADVANCED_FACE('',(#1373),#10578,.T.);
#11174=ADVANCED_FACE('',(#1374),#10579,.T.);
#11175=ADVANCED_FACE('',(#1375),#10580,.T.);
#11176=ADVANCED_FACE('',(#1376),#10581,.T.);
#11177=ADVANCED_FACE('',(#1377),#10582,.T.);
#11178=ADVANCED_FACE('',(#1378),#10583,.T.);
#11179=ADVANCED_FACE('',(#1379),#10584,.T.);
#11180=ADVANCED_FACE('',(#1380),#10585,.F.);
#11181=ADVANCED_FACE('',(#1381),#10586,.F.);
#11182=ADVANCED_FACE('',(#1382),#10587,.F.);
#11183=ADVANCED_FACE('',(#1383),#10588,.F.);
#11184=ADVANCED_FACE('',(#1384),#10589,.F.);
#11185=ADVANCED_FACE('',(#1385),#10590,.F.);
#11186=ADVANCED_FACE('',(#1386),#10591,.T.);
#11187=ADVANCED_FACE('',(#1387),#10592,.F.);
#11188=ADVANCED_FACE('',(#1388),#10593,.T.);
#11189=ADVANCED_FACE('',(#1389),#10594,.T.);
#11190=ADVANCED_FACE('',(#1390),#10595,.T.);
#11191=ADVANCED_FACE('',(#1391),#10596,.T.);
#11192=ADVANCED_FACE('',(#1392),#10597,.T.);
#11193=ADVANCED_FACE('',(#1393),#10598,.T.);
#11194=ADVANCED_FACE('',(#1394),#10599,.T.);
#11195=ADVANCED_FACE('',(#1395),#10600,.T.);
#11196=ADVANCED_FACE('',(#1396),#10601,.T.);
#11197=ADVANCED_FACE('',(#1397),#10602,.T.);
#11198=ADVANCED_FACE('',(#1398),#10603,.T.);
#11199=ADVANCED_FACE('',(#1399),#10604,.T.);
#11200=ADVANCED_FACE('',(#1400),#10605,.F.);
#11201=CLOSED_SHELL('',(#10606,#10607,#10608,#10609,#10610,#10611,#10612,
#10613,#10614,#10615));
#11202=CLOSED_SHELL('',(#10616,#10617,#10618,#10619,#10620,#10621,#10622,
#10623,#10624,#10625));
#11203=CLOSED_SHELL('',(#10626,#10627,#10628,#10629,#10630,#10631,#10632,
#10633,#10634,#10635,#10636,#10637));
#11204=CLOSED_SHELL('',(#10638,#10639,#10640,#10641,#10642,#10643,#10644,
#10645,#10646,#10647,#10648,#10649,#10650,#10651,#10652,#10653,#10654));
#11205=CLOSED_SHELL('',(#10655,#10656,#10657,#10658,#10659,#10660,#10661,
#10662,#10663,#10664));
#11206=CLOSED_SHELL('',(#10665,#10666,#10667,#10668,#10669,#10670,#10671,
#10672,#10673,#10674,#10675,#10676));
#11207=CLOSED_SHELL('',(#10677,#10678,#10679,#10680,#10681,#10682,#10683,
#10684,#10685,#10686));
#11208=CLOSED_SHELL('',(#10687,#10688,#10689,#10690,#10691,#10692,#10693,
#10694,#10695,#10696,#10697,#10698,#10699,#10700,#10701,#10702,#10703));
#11209=CLOSED_SHELL('',(#10704,#10705,#10706,#10707,#10708,#10709,#10710,
#10711,#10712,#10713));
#11210=CLOSED_SHELL('',(#10714,#10715,#10716,#10717,#10718,#10719,#10720,
#10721,#10722,#10723,#10724));
#11211=CLOSED_SHELL('',(#10725,#10726,#10727,#10728,#10729,#10730,#10731,
#10732,#10733,#10734,#10735,#10736));
#11212=CLOSED_SHELL('',(#10737,#10738,#10739,#10740,#10741,#10742,#10743,
#10744,#10745,#10746,#10747,#10748));
#11213=CLOSED_SHELL('',(#10749,#10750,#10751,#10752,#10753,#10754,#10755,
#10756,#10757,#10758,#10759));
#11214=CLOSED_SHELL('',(#10760,#10761,#10762,#10763,#10764,#10765,#10766,
#10767,#10768,#10769));
#11215=CLOSED_SHELL('',(#10770,#10771,#10772,#10773,#10774,#10775,#10776,
#10777,#10778,#10779));
#11216=CLOSED_SHELL('',(#10780,#10781,#10782,#10783,#10784,#10785,#10786,
#10787,#10788,#10789));
#11217=CLOSED_SHELL('',(#10790,#10791,#10792,#10793,#10794,#10795,#10796,
#10797,#10798,#10799));
#11218=CLOSED_SHELL('',(#10800,#10801,#10802,#10803));
#11219=CLOSED_SHELL('',(#10804,#10805,#10806,#10807));
#11220=CLOSED_SHELL('',(#10808,#10809,#10810,#10811,#10812,#10813,#10814,
#10815,#10816,#10817,#10818,#10819,#10820,#10821,#10822,#10823,#10824,#10825,
#10826,#10827,#10828,#10829,#10830,#10831,#10832,#10833,#10834,#10835,#10836,
#10837,#10838,#10839,#10840,#10841,#10842,#10843,#10844,#10845,#10846,#10847,
#10848,#10849,#10850,#10851,#10852,#10853,#10854,#10855,#10856,#10857,#10858,
#10859,#10860,#10861,#10862,#10863,#10864,#10865,#10866,#10867,#10868,#10869,
#10870,#10871,#10872,#10873,#10874,#10875,#10876,#10877,#10878,#10879,#10880,
#10881,#10882,#10883,#10884,#10885,#10886,#10887,#10888,#10889,#10890,#10891,
#10892,#10893,#10894,#10895,#10896,#10897,#10898,#10899,#10900,#10901,#10902,
#10903,#10904,#10905,#10906,#10907,#10908,#10909));
#11221=CLOSED_SHELL('',(#10910,#10911,#10912,#10913,#10914,#10915,#10916,
#10917,#10918,#10919));
#11222=CLOSED_SHELL('',(#10920,#10921,#10922,#10923,#10924,#10925,#10926,
#10927,#10928,#10929));
#11223=CLOSED_SHELL('',(#10930,#10931,#10932,#10933,#10934,#10935,#10936,
#10937,#10938,#10939));
#11224=CLOSED_SHELL('',(#10940,#10941,#10942,#10943,#10944,#10945,#10946,
#10947,#10948,#10949));
#11225=CLOSED_SHELL('',(#10950,#10951,#10952,#10953,#10954,#10955,#10956,
#10957,#10958,#10959,#10960,#10961,#10962,#10963,#10964,#10965,#10966,#10967,
#10968,#10969,#10970,#10971,#10972,#10973,#10974,#10975));
#11226=CLOSED_SHELL('',(#10976,#10977,#10978,#10979,#10980,#10981,#10982,
#10983,#10984,#10985,#10986,#10987,#10988,#10989,#10990,#10991));
#11227=CLOSED_SHELL('',(#10992,#10993,#10994,#10995,#10996,#10997,#10998));
#11228=CLOSED_SHELL('',(#10999,#11000,#11001,#11002,#11003,#11004,#11005,
#11006,#11007,#11008));
#11229=CLOSED_SHELL('',(#11009,#11010,#11011,#11012,#11013,#11014,#11015,
#11016,#11017,#11018));
#11230=CLOSED_SHELL('',(#11019,#11020,#11021,#11022,#11023,#11024,#11025,
#11026,#11027,#11028));
#11231=CLOSED_SHELL('',(#11029,#11030,#11031,#11032,#11033,#11034,#11035,
#11036,#11037,#11038,#11039,#11040,#11041,#11042,#11043,#11044,#11045,#11046,
#11047,#11048,#11049,#11050));
#11232=CLOSED_SHELL('',(#11051,#11052,#11053,#11054,#11055,#11056,#11057,
#11058,#11059,#11060,#11061,#11062,#11063,#11064,#11065,#11066,#11067,#11068,
#11069,#11070,#11071,#11072));
#11233=CLOSED_SHELL('',(#11073,#11074,#11075,#11076,#11077,#11078,#11079,
#11080,#11081,#11082,#11083,#11084,#11085,#11086,#11087,#11088,#11089,#11090,
#11091,#11092,#11093,#11094,#11095,#11096,#11097,#11098,#11099,#11100,#11101,
#11102,#11103,#11104,#11105));
#11234=CLOSED_SHELL('',(#11106,#11107,#11108,#11109,#11110,#11111,#11112,
#11113,#11114,#11115,#11116,#11117,#11118,#11119,#11120,#11121,#11122,#11123));
#11235=CLOSED_SHELL('',(#11124,#11125,#11126,#11127,#11128,#11129,#11130,
#11131,#11132,#11133,#11134,#11135,#11136,#11137,#11138,#11139,#11140,#11141,
#11142,#11143,#11144));
#11236=CLOSED_SHELL('',(#11145,#11146,#11147,#11148,#11149,#11150,#11151,
#11152,#11153,#11154,#11155,#11156,#11157,#11158,#11159,#11160,#11161,#11162,
#11163,#11164,#11165,#11166,#11167,#11168,#11169,#11170,#11171,#11172,#11173,
#11174,#11175,#11176));
#11237=CLOSED_SHELL('',(#11177,#11178,#11179,#11180,#11181,#11182,#11183,
#11184,#11185,#11186,#11187,#11188,#11189,#11190,#11191,#11192,#11193,#11194));
#11238=CLOSED_SHELL('',(#11195,#11196,#11197,#11198,#11199,#11200));
#11239=DERIVED_UNIT_ELEMENT(#11315,1.);
#11240=DERIVED_UNIT_ELEMENT(#19009,-3.);
#11241=DERIVED_UNIT_ELEMENT(#11315,1.);
#11242=DERIVED_UNIT_ELEMENT(#19009,-3.);
#11243=DERIVED_UNIT_ELEMENT(#11315,1.);
#11244=DERIVED_UNIT_ELEMENT(#19009,-3.);
#11245=DERIVED_UNIT_ELEMENT(#11315,1.);
#11246=DERIVED_UNIT_ELEMENT(#19009,-3.);
#11247=DERIVED_UNIT_ELEMENT(#11315,1.);
#11248=DERIVED_UNIT_ELEMENT(#19009,-3.);
#11249=DERIVED_UNIT_ELEMENT(#11315,1.);
#11250=DERIVED_UNIT_ELEMENT(#19009,-3.);
#11251=DERIVED_UNIT_ELEMENT(#11315,1.);
#11252=DERIVED_UNIT_ELEMENT(#19009,-3.);
#11253=DERIVED_UNIT_ELEMENT(#11315,1.);
#11254=DERIVED_UNIT_ELEMENT(#19009,-3.);
#11255=DERIVED_UNIT_ELEMENT(#11315,1.);
#11256=DERIVED_UNIT_ELEMENT(#19009,-3.);
#11257=DERIVED_UNIT_ELEMENT(#11315,1.);
#11258=DERIVED_UNIT_ELEMENT(#19009,-3.);
#11259=DERIVED_UNIT_ELEMENT(#11315,1.);
#11260=DERIVED_UNIT_ELEMENT(#19009,-3.);
#11261=DERIVED_UNIT_ELEMENT(#11315,1.);
#11262=DERIVED_UNIT_ELEMENT(#19009,-3.);
#11263=DERIVED_UNIT_ELEMENT(#11315,1.);
#11264=DERIVED_UNIT_ELEMENT(#19009,-3.);
#11265=DERIVED_UNIT_ELEMENT(#11315,1.);
#11266=DERIVED_UNIT_ELEMENT(#19009,-3.);
#11267=DERIVED_UNIT_ELEMENT(#11315,1.);
#11268=DERIVED_UNIT_ELEMENT(#19009,-3.);
#11269=DERIVED_UNIT_ELEMENT(#11315,1.);
#11270=DERIVED_UNIT_ELEMENT(#19009,-3.);
#11271=DERIVED_UNIT_ELEMENT(#11315,1.);
#11272=DERIVED_UNIT_ELEMENT(#19009,-3.);
#11273=DERIVED_UNIT_ELEMENT(#11315,1.);
#11274=DERIVED_UNIT_ELEMENT(#19009,-3.);
#11275=DERIVED_UNIT_ELEMENT(#11315,1.);
#11276=DERIVED_UNIT_ELEMENT(#19009,-3.);
#11277=DERIVED_UNIT_ELEMENT(#11315,1.);
#11278=DERIVED_UNIT_ELEMENT(#19009,-3.);
#11279=DERIVED_UNIT_ELEMENT(#11315,1.);
#11280=DERIVED_UNIT_ELEMENT(#19009,-3.);
#11281=DERIVED_UNIT_ELEMENT(#11315,1.);
#11282=DERIVED_UNIT_ELEMENT(#19009,-3.);
#11283=DERIVED_UNIT_ELEMENT(#11315,1.);
#11284=DERIVED_UNIT_ELEMENT(#19009,-3.);
#11285=DERIVED_UNIT_ELEMENT(#11315,1.);
#11286=DERIVED_UNIT_ELEMENT(#19009,-3.);
#11287=DERIVED_UNIT_ELEMENT(#11315,1.);
#11288=DERIVED_UNIT_ELEMENT(#19009,-3.);
#11289=DERIVED_UNIT_ELEMENT(#11315,1.);
#11290=DERIVED_UNIT_ELEMENT(#19009,-3.);
#11291=DERIVED_UNIT_ELEMENT(#11315,1.);
#11292=DERIVED_UNIT_ELEMENT(#19009,-3.);
#11293=DERIVED_UNIT_ELEMENT(#11315,1.);
#11294=DERIVED_UNIT_ELEMENT(#19009,-3.);
#11295=DERIVED_UNIT_ELEMENT(#11315,1.);
#11296=DERIVED_UNIT_ELEMENT(#19009,-3.);
#11297=DERIVED_UNIT_ELEMENT(#11315,1.);
#11298=DERIVED_UNIT_ELEMENT(#19009,-3.);
#11299=DERIVED_UNIT_ELEMENT(#11315,1.);
#11300=DERIVED_UNIT_ELEMENT(#19009,-3.);
#11301=DERIVED_UNIT_ELEMENT(#11315,1.);
#11302=DERIVED_UNIT_ELEMENT(#19009,-3.);
#11303=DERIVED_UNIT_ELEMENT(#11315,1.);
#11304=DERIVED_UNIT_ELEMENT(#19009,-3.);
#11305=DERIVED_UNIT_ELEMENT(#11315,1.);
#11306=DERIVED_UNIT_ELEMENT(#19009,-3.);
#11307=DERIVED_UNIT_ELEMENT(#11315,1.);
#11308=DERIVED_UNIT_ELEMENT(#19009,-3.);
#11309=DERIVED_UNIT_ELEMENT(#11315,1.);
#11310=DERIVED_UNIT_ELEMENT(#19009,-3.);
#11311=DERIVED_UNIT_ELEMENT(#11315,1.);
#11312=DERIVED_UNIT_ELEMENT(#19009,-3.);
#11313=DERIVED_UNIT_ELEMENT(#11315,1.);
#11314=DERIVED_UNIT_ELEMENT(#19009,-3.);
#11315=(
MASS_UNIT()
NAMED_UNIT(*)
SI_UNIT(.KILO.,.GRAM.)
);
#11316=DERIVED_UNIT((#11239,#11240));
#11317=DERIVED_UNIT((#11241,#11242));
#11318=DERIVED_UNIT((#11243,#11244));
#11319=DERIVED_UNIT((#11245,#11246));
#11320=DERIVED_UNIT((#11247,#11248));
#11321=DERIVED_UNIT((#11249,#11250));
#11322=DERIVED_UNIT((#11251,#11252));
#11323=DERIVED_UNIT((#11253,#11254));
#11324=DERIVED_UNIT((#11255,#11256));
#11325=DERIVED_UNIT((#11257,#11258));
#11326=DERIVED_UNIT((#11259,#11260));
#11327=DERIVED_UNIT((#11261,#11262));
#11328=DERIVED_UNIT((#11263,#11264));
#11329=DERIVED_UNIT((#11265,#11266));
#11330=DERIVED_UNIT((#11267,#11268));
#11331=DERIVED_UNIT((#11269,#11270));
#11332=DERIVED_UNIT((#11271,#11272));
#11333=DERIVED_UNIT((#11273,#11274));
#11334=DERIVED_UNIT((#11275,#11276));
#11335=DERIVED_UNIT((#11277,#11278));
#11336=DERIVED_UNIT((#11279,#11280));
#11337=DERIVED_UNIT((#11281,#11282));
#11338=DERIVED_UNIT((#11283,#11284));
#11339=DERIVED_UNIT((#11285,#11286));
#11340=DERIVED_UNIT((#11287,#11288));
#11341=DERIVED_UNIT((#11289,#11290));
#11342=DERIVED_UNIT((#11291,#11292));
#11343=DERIVED_UNIT((#11293,#11294));
#11344=DERIVED_UNIT((#11295,#11296));
#11345=DERIVED_UNIT((#11297,#11298));
#11346=DERIVED_UNIT((#11299,#11300));
#11347=DERIVED_UNIT((#11301,#11302));
#11348=DERIVED_UNIT((#11303,#11304));
#11349=DERIVED_UNIT((#11305,#11306));
#11350=DERIVED_UNIT((#11307,#11308));
#11351=DERIVED_UNIT((#11309,#11310));
#11352=DERIVED_UNIT((#11311,#11312));
#11353=DERIVED_UNIT((#11313,#11314));
#11354=MEASURE_REPRESENTATION_ITEM('density measure',
POSITIVE_RATIO_MEASURE(7850.),#11316);
#11355=MEASURE_REPRESENTATION_ITEM('density measure',
POSITIVE_RATIO_MEASURE(7850.),#11317);
#11356=MEASURE_REPRESENTATION_ITEM('density measure',
POSITIVE_RATIO_MEASURE(7850.),#11318);
#11357=MEASURE_REPRESENTATION_ITEM('density measure',
POSITIVE_RATIO_MEASURE(7850.),#11319);
#11358=MEASURE_REPRESENTATION_ITEM('density measure',
POSITIVE_RATIO_MEASURE(7850.),#11320);
#11359=MEASURE_REPRESENTATION_ITEM('density measure',
POSITIVE_RATIO_MEASURE(7850.),#11321);
#11360=MEASURE_REPRESENTATION_ITEM('density measure',
POSITIVE_RATIO_MEASURE(7850.),#11322);
#11361=MEASURE_REPRESENTATION_ITEM('density measure',
POSITIVE_RATIO_MEASURE(7850.),#11323);
#11362=MEASURE_REPRESENTATION_ITEM('density measure',
POSITIVE_RATIO_MEASURE(7850.),#11324);
#11363=MEASURE_REPRESENTATION_ITEM('density measure',
POSITIVE_RATIO_MEASURE(7850.),#11325);
#11364=MEASURE_REPRESENTATION_ITEM('density measure',
POSITIVE_RATIO_MEASURE(7850.),#11326);
#11365=MEASURE_REPRESENTATION_ITEM('density measure',
POSITIVE_RATIO_MEASURE(7850.),#11327);
#11366=MEASURE_REPRESENTATION_ITEM('density measure',
POSITIVE_RATIO_MEASURE(7850.),#11328);
#11367=MEASURE_REPRESENTATION_ITEM('density measure',
POSITIVE_RATIO_MEASURE(7850.),#11329);
#11368=MEASURE_REPRESENTATION_ITEM('density measure',
POSITIVE_RATIO_MEASURE(7850.),#11330);
#11369=MEASURE_REPRESENTATION_ITEM('density measure',
POSITIVE_RATIO_MEASURE(7850.),#11331);
#11370=MEASURE_REPRESENTATION_ITEM('density measure',
POSITIVE_RATIO_MEASURE(7850.),#11332);
#11371=MEASURE_REPRESENTATION_ITEM('density measure',
POSITIVE_RATIO_MEASURE(7850.),#11333);
#11372=MEASURE_REPRESENTATION_ITEM('density measure',
POSITIVE_RATIO_MEASURE(7850.),#11334);
#11373=MEASURE_REPRESENTATION_ITEM('density measure',
POSITIVE_RATIO_MEASURE(7850.),#11335);
#11374=MEASURE_REPRESENTATION_ITEM('density measure',
POSITIVE_RATIO_MEASURE(7850.),#11336);
#11375=MEASURE_REPRESENTATION_ITEM('density measure',
POSITIVE_RATIO_MEASURE(7850.),#11337);
#11376=MEASURE_REPRESENTATION_ITEM('density measure',
POSITIVE_RATIO_MEASURE(7850.),#11338);
#11377=MEASURE_REPRESENTATION_ITEM('density measure',
POSITIVE_RATIO_MEASURE(7850.),#11339);
#11378=MEASURE_REPRESENTATION_ITEM('density measure',
POSITIVE_RATIO_MEASURE(7850.),#11340);
#11379=MEASURE_REPRESENTATION_ITEM('density measure',
POSITIVE_RATIO_MEASURE(7850.),#11341);
#11380=MEASURE_REPRESENTATION_ITEM('density measure',
POSITIVE_RATIO_MEASURE(7850.),#11342);
#11381=MEASURE_REPRESENTATION_ITEM('density measure',
POSITIVE_RATIO_MEASURE(7850.),#11343);
#11382=MEASURE_REPRESENTATION_ITEM('density measure',
POSITIVE_RATIO_MEASURE(7850.),#11344);
#11383=MEASURE_REPRESENTATION_ITEM('density measure',
POSITIVE_RATIO_MEASURE(7850.),#11345);
#11384=MEASURE_REPRESENTATION_ITEM('density measure',
POSITIVE_RATIO_MEASURE(7850.),#11346);
#11385=MEASURE_REPRESENTATION_ITEM('density measure',
POSITIVE_RATIO_MEASURE(7850.),#11347);
#11386=MEASURE_REPRESENTATION_ITEM('density measure',
POSITIVE_RATIO_MEASURE(7850.),#11348);
#11387=MEASURE_REPRESENTATION_ITEM('density measure',
POSITIVE_RATIO_MEASURE(7850.),#11349);
#11388=MEASURE_REPRESENTATION_ITEM('density measure',
POSITIVE_RATIO_MEASURE(7850.),#11350);
#11389=MEASURE_REPRESENTATION_ITEM('density measure',
POSITIVE_RATIO_MEASURE(7850.),#11351);
#11390=MEASURE_REPRESENTATION_ITEM('density measure',
POSITIVE_RATIO_MEASURE(7850.),#11352);
#11391=MEASURE_REPRESENTATION_ITEM('density measure',
POSITIVE_RATIO_MEASURE(7850.),#11353);
#11392=PROPERTY_DEFINITION_REPRESENTATION(#11582,#11468);
#11393=PROPERTY_DEFINITION_REPRESENTATION(#11583,#11469);
#11394=PROPERTY_DEFINITION_REPRESENTATION(#11584,#11470);
#11395=PROPERTY_DEFINITION_REPRESENTATION(#11585,#11471);
#11396=PROPERTY_DEFINITION_REPRESENTATION(#11586,#11472);
#11397=PROPERTY_DEFINITION_REPRESENTATION(#11587,#11473);
#11398=PROPERTY_DEFINITION_REPRESENTATION(#11588,#11474);
#11399=PROPERTY_DEFINITION_REPRESENTATION(#11589,#11475);
#11400=PROPERTY_DEFINITION_REPRESENTATION(#11590,#11476);
#11401=PROPERTY_DEFINITION_REPRESENTATION(#11591,#11477);
#11402=PROPERTY_DEFINITION_REPRESENTATION(#11592,#11478);
#11403=PROPERTY_DEFINITION_REPRESENTATION(#11593,#11479);
#11404=PROPERTY_DEFINITION_REPRESENTATION(#11594,#11480);
#11405=PROPERTY_DEFINITION_REPRESENTATION(#11595,#11481);
#11406=PROPERTY_DEFINITION_REPRESENTATION(#11596,#11482);
#11407=PROPERTY_DEFINITION_REPRESENTATION(#11597,#11483);
#11408=PROPERTY_DEFINITION_REPRESENTATION(#11598,#11484);
#11409=PROPERTY_DEFINITION_REPRESENTATION(#11599,#11485);
#11410=PROPERTY_DEFINITION_REPRESENTATION(#11600,#11486);
#11411=PROPERTY_DEFINITION_REPRESENTATION(#11601,#11487);
#11412=PROPERTY_DEFINITION_REPRESENTATION(#11602,#11488);
#11413=PROPERTY_DEFINITION_REPRESENTATION(#11603,#11489);
#11414=PROPERTY_DEFINITION_REPRESENTATION(#11604,#11490);
#11415=PROPERTY_DEFINITION_REPRESENTATION(#11605,#11491);
#11416=PROPERTY_DEFINITION_REPRESENTATION(#11606,#11492);
#11417=PROPERTY_DEFINITION_REPRESENTATION(#11607,#11493);
#11418=PROPERTY_DEFINITION_REPRESENTATION(#11608,#11494);
#11419=PROPERTY_DEFINITION_REPRESENTATION(#11609,#11495);
#11420=PROPERTY_DEFINITION_REPRESENTATION(#11610,#11496);
#11421=PROPERTY_DEFINITION_REPRESENTATION(#11611,#11497);
#11422=PROPERTY_DEFINITION_REPRESENTATION(#11612,#11498);
#11423=PROPERTY_DEFINITION_REPRESENTATION(#11613,#11499);
#11424=PROPERTY_DEFINITION_REPRESENTATION(#11614,#11500);
#11425=PROPERTY_DEFINITION_REPRESENTATION(#11615,#11501);
#11426=PROPERTY_DEFINITION_REPRESENTATION(#11616,#11502);
#11427=PROPERTY_DEFINITION_REPRESENTATION(#11617,#11503);
#11428=PROPERTY_DEFINITION_REPRESENTATION(#11618,#11504);
#11429=PROPERTY_DEFINITION_REPRESENTATION(#11619,#11505);
#11430=PROPERTY_DEFINITION_REPRESENTATION(#11620,#11506);
#11431=PROPERTY_DEFINITION_REPRESENTATION(#11621,#11507);
#11432=PROPERTY_DEFINITION_REPRESENTATION(#11622,#11508);
#11433=PROPERTY_DEFINITION_REPRESENTATION(#11623,#11509);
#11434=PROPERTY_DEFINITION_REPRESENTATION(#11624,#11510);
#11435=PROPERTY_DEFINITION_REPRESENTATION(#11625,#11511);
#11436=PROPERTY_DEFINITION_REPRESENTATION(#11626,#11512);
#11437=PROPERTY_DEFINITION_REPRESENTATION(#11627,#11513);
#11438=PROPERTY_DEFINITION_REPRESENTATION(#11628,#11514);
#11439=PROPERTY_DEFINITION_REPRESENTATION(#11629,#11515);
#11440=PROPERTY_DEFINITION_REPRESENTATION(#11630,#11516);
#11441=PROPERTY_DEFINITION_REPRESENTATION(#11631,#11517);
#11442=PROPERTY_DEFINITION_REPRESENTATION(#11632,#11518);
#11443=PROPERTY_DEFINITION_REPRESENTATION(#11633,#11519);
#11444=PROPERTY_DEFINITION_REPRESENTATION(#11634,#11520);
#11445=PROPERTY_DEFINITION_REPRESENTATION(#11635,#11521);
#11446=PROPERTY_DEFINITION_REPRESENTATION(#11636,#11522);
#11447=PROPERTY_DEFINITION_REPRESENTATION(#11637,#11523);
#11448=PROPERTY_DEFINITION_REPRESENTATION(#11638,#11524);
#11449=PROPERTY_DEFINITION_REPRESENTATION(#11639,#11525);
#11450=PROPERTY_DEFINITION_REPRESENTATION(#11640,#11526);
#11451=PROPERTY_DEFINITION_REPRESENTATION(#11641,#11527);
#11452=PROPERTY_DEFINITION_REPRESENTATION(#11642,#11528);
#11453=PROPERTY_DEFINITION_REPRESENTATION(#11643,#11529);
#11454=PROPERTY_DEFINITION_REPRESENTATION(#11644,#11530);
#11455=PROPERTY_DEFINITION_REPRESENTATION(#11645,#11531);
#11456=PROPERTY_DEFINITION_REPRESENTATION(#11646,#11532);
#11457=PROPERTY_DEFINITION_REPRESENTATION(#11647,#11533);
#11458=PROPERTY_DEFINITION_REPRESENTATION(#11648,#11534);
#11459=PROPERTY_DEFINITION_REPRESENTATION(#11649,#11535);
#11460=PROPERTY_DEFINITION_REPRESENTATION(#11650,#11536);
#11461=PROPERTY_DEFINITION_REPRESENTATION(#11651,#11537);
#11462=PROPERTY_DEFINITION_REPRESENTATION(#11652,#11538);
#11463=PROPERTY_DEFINITION_REPRESENTATION(#11653,#11539);
#11464=PROPERTY_DEFINITION_REPRESENTATION(#11654,#11540);
#11465=PROPERTY_DEFINITION_REPRESENTATION(#11655,#11541);
#11466=PROPERTY_DEFINITION_REPRESENTATION(#11656,#11542);
#11467=PROPERTY_DEFINITION_REPRESENTATION(#11657,#11543);
#11468=REPRESENTATION('material name',(#11544),#18968);
#11469=REPRESENTATION('density',(#11354),#18968);
#11470=REPRESENTATION('material name',(#11545),#18969);
#11471=REPRESENTATION('density',(#11355),#18969);
#11472=REPRESENTATION('material name',(#11546),#18970);
#11473=REPRESENTATION('density',(#11356),#18970);
#11474=REPRESENTATION('material name',(#11547),#18971);
#11475=REPRESENTATION('density',(#11357),#18971);
#11476=REPRESENTATION('material name',(#11548),#18972);
#11477=REPRESENTATION('density',(#11358),#18972);
#11478=REPRESENTATION('material name',(#11549),#18973);
#11479=REPRESENTATION('density',(#11359),#18973);
#11480=REPRESENTATION('material name',(#11550),#18974);
#11481=REPRESENTATION('density',(#11360),#18974);
#11482=REPRESENTATION('material name',(#11551),#18975);
#11483=REPRESENTATION('density',(#11361),#18975);
#11484=REPRESENTATION('material name',(#11552),#18976);
#11485=REPRESENTATION('density',(#11362),#18976);
#11486=REPRESENTATION('material name',(#11553),#18977);
#11487=REPRESENTATION('density',(#11363),#18977);
#11488=REPRESENTATION('material name',(#11554),#18978);
#11489=REPRESENTATION('density',(#11364),#18978);
#11490=REPRESENTATION('material name',(#11555),#18979);
#11491=REPRESENTATION('density',(#11365),#18979);
#11492=REPRESENTATION('material name',(#11556),#18980);
#11493=REPRESENTATION('density',(#11366),#18980);
#11494=REPRESENTATION('material name',(#11557),#18981);
#11495=REPRESENTATION('density',(#11367),#18981);
#11496=REPRESENTATION('material name',(#11558),#18982);
#11497=REPRESENTATION('density',(#11368),#18982);
#11498=REPRESENTATION('material name',(#11559),#18983);
#11499=REPRESENTATION('density',(#11369),#18983);
#11500=REPRESENTATION('material name',(#11560),#18984);
#11501=REPRESENTATION('density',(#11370),#18984);
#11502=REPRESENTATION('material name',(#11561),#18985);
#11503=REPRESENTATION('density',(#11371),#18985);
#11504=REPRESENTATION('material name',(#11562),#18986);
#11505=REPRESENTATION('density',(#11372),#18986);
#11506=REPRESENTATION('material name',(#11563),#18987);
#11507=REPRESENTATION('density',(#11373),#18987);
#11508=REPRESENTATION('material name',(#11564),#18988);
#11509=REPRESENTATION('density',(#11374),#18988);
#11510=REPRESENTATION('material name',(#11565),#18989);
#11511=REPRESENTATION('density',(#11375),#18989);
#11512=REPRESENTATION('material name',(#11566),#18990);
#11513=REPRESENTATION('density',(#11376),#18990);
#11514=REPRESENTATION('material name',(#11567),#18991);
#11515=REPRESENTATION('density',(#11377),#18991);
#11516=REPRESENTATION('material name',(#11568),#18992);
#11517=REPRESENTATION('density',(#11378),#18992);
#11518=REPRESENTATION('material name',(#11569),#18993);
#11519=REPRESENTATION('density',(#11379),#18993);
#11520=REPRESENTATION('material name',(#11570),#18994);
#11521=REPRESENTATION('density',(#11380),#18994);
#11522=REPRESENTATION('material name',(#11571),#18995);
#11523=REPRESENTATION('density',(#11381),#18995);
#11524=REPRESENTATION('material name',(#11572),#18996);
#11525=REPRESENTATION('density',(#11382),#18996);
#11526=REPRESENTATION('material name',(#11573),#18997);
#11527=REPRESENTATION('density',(#11383),#18997);
#11528=REPRESENTATION('material name',(#11574),#18998);
#11529=REPRESENTATION('density',(#11384),#18998);
#11530=REPRESENTATION('material name',(#11575),#18999);
#11531=REPRESENTATION('density',(#11385),#18999);
#11532=REPRESENTATION('material name',(#11576),#19001);
#11533=REPRESENTATION('density',(#11386),#19001);
#11534=REPRESENTATION('material name',(#11577),#19002);
#11535=REPRESENTATION('density',(#11387),#19002);
#11536=REPRESENTATION('material name',(#11578),#19003);
#11537=REPRESENTATION('density',(#11388),#19003);
#11538=REPRESENTATION('material name',(#11579),#19004);
#11539=REPRESENTATION('density',(#11389),#19004);
#11540=REPRESENTATION('material name',(#11580),#19005);
#11541=REPRESENTATION('density',(#11390),#19005);
#11542=REPRESENTATION('material name',(#11581),#19006);
#11543=REPRESENTATION('density',(#11391),#19006);
#11544=DESCRIPTIVE_REPRESENTATION_ITEM('Steel','Steel');
#11545=DESCRIPTIVE_REPRESENTATION_ITEM('Steel','Steel');
#11546=DESCRIPTIVE_REPRESENTATION_ITEM('Steel','Steel');
#11547=DESCRIPTIVE_REPRESENTATION_ITEM('Steel','Steel');
#11548=DESCRIPTIVE_REPRESENTATION_ITEM('Steel','Steel');
#11549=DESCRIPTIVE_REPRESENTATION_ITEM('Steel','Steel');
#11550=DESCRIPTIVE_REPRESENTATION_ITEM('Steel','Steel');
#11551=DESCRIPTIVE_REPRESENTATION_ITEM('Steel','Steel');
#11552=DESCRIPTIVE_REPRESENTATION_ITEM('Steel','Steel');
#11553=DESCRIPTIVE_REPRESENTATION_ITEM('Steel','Steel');
#11554=DESCRIPTIVE_REPRESENTATION_ITEM('Steel','Steel');
#11555=DESCRIPTIVE_REPRESENTATION_ITEM('Steel','Steel');
#11556=DESCRIPTIVE_REPRESENTATION_ITEM('Steel','Steel');
#11557=DESCRIPTIVE_REPRESENTATION_ITEM('Steel','Steel');
#11558=DESCRIPTIVE_REPRESENTATION_ITEM('Steel','Steel');
#11559=DESCRIPTIVE_REPRESENTATION_ITEM('Steel','Steel');
#11560=DESCRIPTIVE_REPRESENTATION_ITEM('Steel','Steel');
#11561=DESCRIPTIVE_REPRESENTATION_ITEM('Steel','Steel');
#11562=DESCRIPTIVE_REPRESENTATION_ITEM('Steel','Steel');
#11563=DESCRIPTIVE_REPRESENTATION_ITEM('Steel','Steel');
#11564=DESCRIPTIVE_REPRESENTATION_ITEM('Steel','Steel');
#11565=DESCRIPTIVE_REPRESENTATION_ITEM('Steel','Steel');
#11566=DESCRIPTIVE_REPRESENTATION_ITEM('Steel','Steel');
#11567=DESCRIPTIVE_REPRESENTATION_ITEM('Steel','Steel');
#11568=DESCRIPTIVE_REPRESENTATION_ITEM('Steel','Steel');
#11569=DESCRIPTIVE_REPRESENTATION_ITEM('Steel','Steel');
#11570=DESCRIPTIVE_REPRESENTATION_ITEM('Steel','Steel');
#11571=DESCRIPTIVE_REPRESENTATION_ITEM('Steel','Steel');
#11572=DESCRIPTIVE_REPRESENTATION_ITEM('Steel','Steel');
#11573=DESCRIPTIVE_REPRESENTATION_ITEM('Steel','Steel');
#11574=DESCRIPTIVE_REPRESENTATION_ITEM('Steel','Steel');
#11575=DESCRIPTIVE_REPRESENTATION_ITEM('Steel','Steel');
#11576=DESCRIPTIVE_REPRESENTATION_ITEM('Steel','Steel');
#11577=DESCRIPTIVE_REPRESENTATION_ITEM('Steel','Steel');
#11578=DESCRIPTIVE_REPRESENTATION_ITEM('Steel','Steel');
#11579=DESCRIPTIVE_REPRESENTATION_ITEM('Steel','Steel');
#11580=DESCRIPTIVE_REPRESENTATION_ITEM('Steel','Steel');
#11581=DESCRIPTIVE_REPRESENTATION_ITEM('Steel','Steel');
#11582=PROPERTY_DEFINITION('material property','material name',#19176);
#11583=PROPERTY_DEFINITION('material property','density of part',#19176);
#11584=PROPERTY_DEFINITION('material property','material name',#19177);
#11585=PROPERTY_DEFINITION('material property','density of part',#19177);
#11586=PROPERTY_DEFINITION('material property','material name',#19178);
#11587=PROPERTY_DEFINITION('material property','density of part',#19178);
#11588=PROPERTY_DEFINITION('material property','material name',#19179);
#11589=PROPERTY_DEFINITION('material property','density of part',#19179);
#11590=PROPERTY_DEFINITION('material property','material name',#19180);
#11591=PROPERTY_DEFINITION('material property','density of part',#19180);
#11592=PROPERTY_DEFINITION('material property','material name',#19181);
#11593=PROPERTY_DEFINITION('material property','density of part',#19181);
#11594=PROPERTY_DEFINITION('material property','material name',#19182);
#11595=PROPERTY_DEFINITION('material property','density of part',#19182);
#11596=PROPERTY_DEFINITION('material property','material name',#19183);
#11597=PROPERTY_DEFINITION('material property','density of part',#19183);
#11598=PROPERTY_DEFINITION('material property','material name',#19184);
#11599=PROPERTY_DEFINITION('material property','density of part',#19184);
#11600=PROPERTY_DEFINITION('material property','material name',#19185);
#11601=PROPERTY_DEFINITION('material property','density of part',#19185);
#11602=PROPERTY_DEFINITION('material property','material name',#19186);
#11603=PROPERTY_DEFINITION('material property','density of part',#19186);
#11604=PROPERTY_DEFINITION('material property','material name',#19187);
#11605=PROPERTY_DEFINITION('material property','density of part',#19187);
#11606=PROPERTY_DEFINITION('material property','material name',#19188);
#11607=PROPERTY_DEFINITION('material property','density of part',#19188);
#11608=PROPERTY_DEFINITION('material property','material name',#19189);
#11609=PROPERTY_DEFINITION('material property','density of part',#19189);
#11610=PROPERTY_DEFINITION('material property','material name',#19190);
#11611=PROPERTY_DEFINITION('material property','density of part',#19190);
#11612=PROPERTY_DEFINITION('material property','material name',#19191);
#11613=PROPERTY_DEFINITION('material property','density of part',#19191);
#11614=PROPERTY_DEFINITION('material property','material name',#19192);
#11615=PROPERTY_DEFINITION('material property','density of part',#19192);
#11616=PROPERTY_DEFINITION('material property','material name',#19193);
#11617=PROPERTY_DEFINITION('material property','density of part',#19193);
#11618=PROPERTY_DEFINITION('material property','material name',#19194);
#11619=PROPERTY_DEFINITION('material property','density of part',#19194);
#11620=PROPERTY_DEFINITION('material property','material name',#19195);
#11621=PROPERTY_DEFINITION('material property','density of part',#19195);
#11622=PROPERTY_DEFINITION('material property','material name',#19196);
#11623=PROPERTY_DEFINITION('material property','density of part',#19196);
#11624=PROPERTY_DEFINITION('material property','material name',#19197);
#11625=PROPERTY_DEFINITION('material property','density of part',#19197);
#11626=PROPERTY_DEFINITION('material property','material name',#19198);
#11627=PROPERTY_DEFINITION('material property','density of part',#19198);
#11628=PROPERTY_DEFINITION('material property','material name',#19199);
#11629=PROPERTY_DEFINITION('material property','density of part',#19199);
#11630=PROPERTY_DEFINITION('material property','material name',#19200);
#11631=PROPERTY_DEFINITION('material property','density of part',#19200);
#11632=PROPERTY_DEFINITION('material property','material name',#19201);
#11633=PROPERTY_DEFINITION('material property','density of part',#19201);
#11634=PROPERTY_DEFINITION('material property','material name',#19202);
#11635=PROPERTY_DEFINITION('material property','density of part',#19202);
#11636=PROPERTY_DEFINITION('material property','material name',#19203);
#11637=PROPERTY_DEFINITION('material property','density of part',#19203);
#11638=PROPERTY_DEFINITION('material property','material name',#19204);
#11639=PROPERTY_DEFINITION('material property','density of part',#19204);
#11640=PROPERTY_DEFINITION('material property','material name',#19205);
#11641=PROPERTY_DEFINITION('material property','density of part',#19205);
#11642=PROPERTY_DEFINITION('material property','material name',#19206);
#11643=PROPERTY_DEFINITION('material property','density of part',#19206);
#11644=PROPERTY_DEFINITION('material property','material name',#19207);
#11645=PROPERTY_DEFINITION('material property','density of part',#19207);
#11646=PROPERTY_DEFINITION('material property','material name',#19209);
#11647=PROPERTY_DEFINITION('material property','density of part',#19209);
#11648=PROPERTY_DEFINITION('material property','material name',#19210);
#11649=PROPERTY_DEFINITION('material property','density of part',#19210);
#11650=PROPERTY_DEFINITION('material property','material name',#19211);
#11651=PROPERTY_DEFINITION('material property','density of part',#19211);
#11652=PROPERTY_DEFINITION('material property','material name',#19212);
#11653=PROPERTY_DEFINITION('material property','density of part',#19212);
#11654=PROPERTY_DEFINITION('material property','material name',#19213);
#11655=PROPERTY_DEFINITION('material property','density of part',#19213);
#11656=PROPERTY_DEFINITION('material property','material name',#19214);
#11657=PROPERTY_DEFINITION('material property','density of part',#19214);
#11658=AXIS2_PLACEMENT_3D('',#15673,#12579,#12580);
#11659=AXIS2_PLACEMENT_3D('',#15674,#12581,#12582);
#11660=AXIS2_PLACEMENT_3D('',#15675,#12583,#12584);
#11661=AXIS2_PLACEMENT_3D('',#15692,#12593,#12594);
#11662=AXIS2_PLACEMENT_3D('',#15709,#12603,#12604);
#11663=AXIS2_PLACEMENT_3D('',#15712,#12607,#12608);
#11664=AXIS2_PLACEMENT_3D('',#15714,#12610,#12611);
#11665=AXIS2_PLACEMENT_3D('',#15716,#12613,#12614);
#11666=AXIS2_PLACEMENT_3D('',#15717,#12615,#12616);
#11667=AXIS2_PLACEMENT_3D('',#15720,#12619,#12620);
#11668=AXIS2_PLACEMENT_3D('',#15722,#12622,#12623);
#11669=AXIS2_PLACEMENT_3D('',#15724,#12625,#12626);
#11670=AXIS2_PLACEMENT_3D('',#15725,#12627,#12628);
#11671=AXIS2_PLACEMENT_3D('',#15726,#12629,#12630);
#11672=AXIS2_PLACEMENT_3D('',#15743,#12639,#12640);
#11673=AXIS2_PLACEMENT_3D('',#15760,#12649,#12650);
#11674=AXIS2_PLACEMENT_3D('',#15763,#12653,#12654);
#11675=AXIS2_PLACEMENT_3D('',#15765,#12656,#12657);
#11676=AXIS2_PLACEMENT_3D('',#15767,#12659,#12660);
#11677=AXIS2_PLACEMENT_3D('',#15768,#12661,#12662);
#11678=AXIS2_PLACEMENT_3D('',#15771,#12665,#12666);
#11679=AXIS2_PLACEMENT_3D('',#15773,#12668,#12669);
#11680=AXIS2_PLACEMENT_3D('',#15775,#12671,#12672);
#11681=AXIS2_PLACEMENT_3D('',#15776,#12673,#12674);
#11682=AXIS2_PLACEMENT_3D('',#15777,#12675,#12676);
#11683=AXIS2_PLACEMENT_3D('',#15779,#12677,#12678);
#11684=AXIS2_PLACEMENT_3D('',#15782,#12680,#12681);
#11685=AXIS2_PLACEMENT_3D('',#15783,#12682,#12683);
#11686=AXIS2_PLACEMENT_3D('',#15785,#12684,#12685);
#11687=AXIS2_PLACEMENT_3D('',#15788,#12687,#12688);
#11688=AXIS2_PLACEMENT_3D('',#15789,#12689,#12690);
#11689=AXIS2_PLACEMENT_3D('',#15798,#12695,#12696);
#11690=AXIS2_PLACEMENT_3D('',#15807,#12701,#12702);
#11691=AXIS2_PLACEMENT_3D('',#15810,#12705,#12706);
#11692=AXIS2_PLACEMENT_3D('',#15819,#12711,#12712);
#11693=AXIS2_PLACEMENT_3D('',#15828,#12717,#12718);
#11694=AXIS2_PLACEMENT_3D('',#15831,#12721,#12722);
#11695=AXIS2_PLACEMENT_3D('',#15834,#12725,#12726);
#11696=AXIS2_PLACEMENT_3D('',#15837,#12729,#12730);
#11697=AXIS2_PLACEMENT_3D('',#15838,#12731,#12732);
#11698=AXIS2_PLACEMENT_3D('',#15839,#12733,#12734);
#11699=AXIS2_PLACEMENT_3D('',#15840,#12735,#12736);
#11700=AXIS2_PLACEMENT_3D('',#15843,#12737,#12738);
#11701=AXIS2_PLACEMENT_3D('',#15847,#12741,#12742);
#11702=AXIS2_PLACEMENT_3D('',#15849,#12743,#12744);
#11703=AXIS2_PLACEMENT_3D('',#15853,#12747,#12748);
#11704=AXIS2_PLACEMENT_3D('',#15855,#12749,#12750);
#11705=AXIS2_PLACEMENT_3D('',#15857,#12752,#12753);
#11706=AXIS2_PLACEMENT_3D('',#15859,#12754,#12755);
#11707=AXIS2_PLACEMENT_3D('',#15862,#12757,#12758);
#11708=AXIS2_PLACEMENT_3D('',#15864,#12759,#12760);
#11709=AXIS2_PLACEMENT_3D('',#15902,#12762,#12763);
#11710=AXIS2_PLACEMENT_3D('',#15905,#12765,#12766);
#11711=AXIS2_PLACEMENT_3D('',#15906,#12767,#12768);
#11712=AXIS2_PLACEMENT_3D('',#15908,#12769,#12770);
#11713=AXIS2_PLACEMENT_3D('',#15911,#12772,#12773);
#11714=AXIS2_PLACEMENT_3D('',#15912,#12774,#12775);
#11715=AXIS2_PLACEMENT_3D('',#15915,#12776,#12777);
#11716=AXIS2_PLACEMENT_3D('',#15922,#12782,#12783);
#11717=AXIS2_PLACEMENT_3D('',#15925,#12784,#12785);
#11718=AXIS2_PLACEMENT_3D('',#15928,#12788,#12789);
#11719=AXIS2_PLACEMENT_3D('',#15930,#12791,#12792);
#11720=AXIS2_PLACEMENT_3D('',#15934,#12795,#12796);
#11721=AXIS2_PLACEMENT_3D('',#15935,#12797,#12798);
#11722=AXIS2_PLACEMENT_3D('',#15938,#12800,#12801);
#11723=AXIS2_PLACEMENT_3D('',#15939,#12802,#12803);
#11724=AXIS2_PLACEMENT_3D('',#15940,#12804,#12805);
#11725=AXIS2_PLACEMENT_3D('',#15942,#12806,#12807);
#11726=AXIS2_PLACEMENT_3D('',#15945,#12809,#12810);
#11727=AXIS2_PLACEMENT_3D('',#15946,#12811,#12812);
#11728=AXIS2_PLACEMENT_3D('',#15948,#12814,#12815);
#11729=AXIS2_PLACEMENT_3D('',#15950,#12817,#12818);
#11730=AXIS2_PLACEMENT_3D('',#15951,#12819,#12820);
#11731=AXIS2_PLACEMENT_3D('',#15952,#12821,#12822);
#11732=AXIS2_PLACEMENT_3D('',#15953,#12823,#12824);
#11733=AXIS2_PLACEMENT_3D('',#15954,#12825,#12826);
#11734=AXIS2_PLACEMENT_3D('',#15971,#12835,#12836);
#11735=AXIS2_PLACEMENT_3D('',#15977,#12840,#12841);
#11736=AXIS2_PLACEMENT_3D('',#15981,#12844,#12845);
#11737=AXIS2_PLACEMENT_3D('',#15985,#12848,#12849);
#11738=AXIS2_PLACEMENT_3D('',#15987,#12851,#12852);
#11739=AXIS2_PLACEMENT_3D('',#15993,#12856,#12857);
#11740=AXIS2_PLACEMENT_3D('',#15997,#12860,#12861);
#11741=AXIS2_PLACEMENT_3D('',#16001,#12864,#12865);
#11742=AXIS2_PLACEMENT_3D('',#16003,#12867,#12868);
#11743=AXIS2_PLACEMENT_3D('',#16004,#12869,#12870);
#11744=AXIS2_PLACEMENT_3D('',#16005,#12871,#12872);
#11745=AXIS2_PLACEMENT_3D('',#16007,#12873,#12874);
#11746=AXIS2_PLACEMENT_3D('',#16010,#12876,#12877);
#11747=AXIS2_PLACEMENT_3D('',#16011,#12878,#12879);
#11748=AXIS2_PLACEMENT_3D('',#16013,#12880,#12881);
#11749=AXIS2_PLACEMENT_3D('',#16016,#12883,#12884);
#11750=AXIS2_PLACEMENT_3D('',#16017,#12885,#12886);
#11751=AXIS2_PLACEMENT_3D('',#16026,#12891,#12892);
#11752=AXIS2_PLACEMENT_3D('',#16035,#12897,#12898);
#11753=AXIS2_PLACEMENT_3D('',#16038,#12901,#12902);
#11754=AXIS2_PLACEMENT_3D('',#16047,#12907,#12908);
#11755=AXIS2_PLACEMENT_3D('',#16056,#12913,#12914);
#11756=AXIS2_PLACEMENT_3D('',#16059,#12917,#12918);
#11757=AXIS2_PLACEMENT_3D('',#16062,#12921,#12922);
#11758=AXIS2_PLACEMENT_3D('',#16065,#12925,#12926);
#11759=AXIS2_PLACEMENT_3D('',#16066,#12927,#12928);
#11760=AXIS2_PLACEMENT_3D('',#16067,#12929,#12930);
#11761=AXIS2_PLACEMENT_3D('',#16068,#12931,#12932);
#11762=AXIS2_PLACEMENT_3D('',#16070,#12933,#12934);
#11763=AXIS2_PLACEMENT_3D('',#16073,#12936,#12937);
#11764=AXIS2_PLACEMENT_3D('',#16074,#12938,#12939);
#11765=AXIS2_PLACEMENT_3D('',#16075,#12940,#12941);
#11766=AXIS2_PLACEMENT_3D('',#16084,#12946,#12947);
#11767=AXIS2_PLACEMENT_3D('',#16090,#12951,#12952);
#11768=AXIS2_PLACEMENT_3D('',#16096,#12956,#12957);
#11769=AXIS2_PLACEMENT_3D('',#16102,#12961,#12962);
#11770=AXIS2_PLACEMENT_3D('',#16108,#12966,#12967);
#11771=AXIS2_PLACEMENT_3D('',#16111,#12970,#12971);
#11772=AXIS2_PLACEMENT_3D('',#16112,#12972,#12973);
#11773=AXIS2_PLACEMENT_3D('',#16113,#12974,#12975);
#11774=AXIS2_PLACEMENT_3D('',#16114,#12976,#12977);
#11775=AXIS2_PLACEMENT_3D('',#16117,#12978,#12979);
#11776=AXIS2_PLACEMENT_3D('',#16121,#12982,#12983);
#11777=AXIS2_PLACEMENT_3D('',#16123,#12984,#12985);
#11778=AXIS2_PLACEMENT_3D('',#16127,#12988,#12989);
#11779=AXIS2_PLACEMENT_3D('',#16129,#12990,#12991);
#11780=AXIS2_PLACEMENT_3D('',#16131,#12993,#12994);
#11781=AXIS2_PLACEMENT_3D('',#16133,#12995,#12996);
#11782=AXIS2_PLACEMENT_3D('',#16136,#12998,#12999);
#11783=AXIS2_PLACEMENT_3D('',#16138,#13000,#13001);
#11784=AXIS2_PLACEMENT_3D('',#16140,#13002,#13003);
#11785=AXIS2_PLACEMENT_3D('',#16144,#13005,#13006);
#11786=AXIS2_PLACEMENT_3D('',#16180,#13008,#13009);
#11787=AXIS2_PLACEMENT_3D('',#16182,#13010,#13011);
#11788=AXIS2_PLACEMENT_3D('',#16185,#13013,#13014);
#11789=AXIS2_PLACEMENT_3D('',#16186,#13015,#13016);
#11790=AXIS2_PLACEMENT_3D('',#16189,#13017,#13018);
#11791=AXIS2_PLACEMENT_3D('',#16196,#13023,#13024);
#11792=AXIS2_PLACEMENT_3D('',#16199,#13025,#13026);
#11793=AXIS2_PLACEMENT_3D('',#16202,#13029,#13030);
#11794=AXIS2_PLACEMENT_3D('',#16204,#13032,#13033);
#11795=AXIS2_PLACEMENT_3D('',#16208,#13036,#13037);
#11796=AXIS2_PLACEMENT_3D('',#16209,#13038,#13039);
#11797=AXIS2_PLACEMENT_3D('',#16212,#13041,#13042);
#11798=AXIS2_PLACEMENT_3D('',#16213,#13043,#13044);
#11799=AXIS2_PLACEMENT_3D('',#16214,#13045,#13046);
#11800=AXIS2_PLACEMENT_3D('',#16216,#13047,#13048);
#11801=AXIS2_PLACEMENT_3D('',#16219,#13050,#13051);
#11802=AXIS2_PLACEMENT_3D('',#16220,#13052,#13053);
#11803=AXIS2_PLACEMENT_3D('',#16222,#13055,#13056);
#11804=AXIS2_PLACEMENT_3D('',#16224,#13058,#13059);
#11805=AXIS2_PLACEMENT_3D('',#16225,#13060,#13061);
#11806=AXIS2_PLACEMENT_3D('',#16226,#13062,#13063);
#11807=AXIS2_PLACEMENT_3D('',#16227,#13064,#13065);
#11808=AXIS2_PLACEMENT_3D('',#16228,#13066,#13067);
#11809=AXIS2_PLACEMENT_3D('',#16230,#13068,#13069);
#11810=AXIS2_PLACEMENT_3D('',#16233,#13071,#13072);
#11811=AXIS2_PLACEMENT_3D('',#16234,#13073,#13074);
#11812=AXIS2_PLACEMENT_3D('',#16235,#13075,#13076);
#11813=AXIS2_PLACEMENT_3D('',#16244,#13081,#13082);
#11814=AXIS2_PLACEMENT_3D('',#16250,#13086,#13087);
#11815=AXIS2_PLACEMENT_3D('',#16256,#13091,#13092);
#11816=AXIS2_PLACEMENT_3D('',#16262,#13096,#13097);
#11817=AXIS2_PLACEMENT_3D('',#16268,#13101,#13102);
#11818=AXIS2_PLACEMENT_3D('',#16271,#13105,#13106);
#11819=AXIS2_PLACEMENT_3D('',#16272,#13107,#13108);
#11820=AXIS2_PLACEMENT_3D('',#16273,#13109,#13110);
#11821=AXIS2_PLACEMENT_3D('',#16274,#13111,#13112);
#11822=AXIS2_PLACEMENT_3D('',#16276,#13113,#13114);
#11823=AXIS2_PLACEMENT_3D('',#16279,#13116,#13117);
#11824=AXIS2_PLACEMENT_3D('',#16280,#13118,#13119);
#11825=AXIS2_PLACEMENT_3D('',#16282,#13120,#13121);
#11826=AXIS2_PLACEMENT_3D('',#16285,#13123,#13124);
#11827=AXIS2_PLACEMENT_3D('',#16286,#13125,#13126);
#11828=AXIS2_PLACEMENT_3D('',#16287,#13127,#13128);
#11829=AXIS2_PLACEMENT_3D('',#16289,#13129,#13130);
#11830=AXIS2_PLACEMENT_3D('',#16290,#13131,#13132);
#11831=AXIS2_PLACEMENT_3D('',#16291,#13133,#13134);
#11832=AXIS2_PLACEMENT_3D('',#16294,#13136,#13137);
#11833=AXIS2_PLACEMENT_3D('',#16295,#13138,#13139);
#11834=AXIS2_PLACEMENT_3D('',#16297,#13140,#13141);
#11835=AXIS2_PLACEMENT_3D('',#16300,#13143,#13144);
#11836=AXIS2_PLACEMENT_3D('',#16301,#13145,#13146);
#11837=AXIS2_PLACEMENT_3D('',#16303,#13147,#13148);
#11838=AXIS2_PLACEMENT_3D('',#16304,#13149,#13150);
#11839=AXIS2_PLACEMENT_3D('',#16306,#13151,#13152);
#11840=AXIS2_PLACEMENT_3D('',#16308,#13154,#13155);
#11841=AXIS2_PLACEMENT_3D('',#16309,#13156,#13157);
#11842=AXIS2_PLACEMENT_3D('',#16310,#13158,#13159);
#11843=AXIS2_PLACEMENT_3D('',#16311,#13160,#13161);
#11844=AXIS2_PLACEMENT_3D('',#16319,#13165,#13166);
#11845=AXIS2_PLACEMENT_3D('',#16320,#13167,#13168);
#11846=AXIS2_PLACEMENT_3D('',#16325,#13170,#13171);
#11847=AXIS2_PLACEMENT_3D('',#16329,#13174,#13175);
#11848=AXIS2_PLACEMENT_3D('',#16335,#13179,#13180);
#11849=AXIS2_PLACEMENT_3D('',#16343,#13185,#13186);
#11850=AXIS2_PLACEMENT_3D('',#16345,#13187,#13188);
#11851=AXIS2_PLACEMENT_3D('',#16346,#13189,#13190);
#11852=AXIS2_PLACEMENT_3D('',#16350,#13192,#13193);
#11853=AXIS2_PLACEMENT_3D('',#16351,#13194,#13195);
#11854=AXIS2_PLACEMENT_3D('',#16353,#13196,#13197);
#11855=AXIS2_PLACEMENT_3D('',#16354,#13198,#13199);
#11856=AXIS2_PLACEMENT_3D('',#16355,#13200,#13201);
#11857=AXIS2_PLACEMENT_3D('',#16357,#13202,#13203);
#11858=AXIS2_PLACEMENT_3D('',#16361,#13207,#13208);
#11859=AXIS2_PLACEMENT_3D('',#16362,#13209,#13210);
#11860=AXIS2_PLACEMENT_3D('',#16365,#13212,#13213);
#11861=AXIS2_PLACEMENT_3D('',#16366,#13214,#13215);
#11862=AXIS2_PLACEMENT_3D('',#16368,#13216,#13217);
#11863=AXIS2_PLACEMENT_3D('',#16370,#13219,#13220);
#11864=AXIS2_PLACEMENT_3D('',#16372,#13222,#13223);
#11865=AXIS2_PLACEMENT_3D('',#16373,#13224,#13225);
#11866=AXIS2_PLACEMENT_3D('',#16374,#13226,#13227);
#11867=AXIS2_PLACEMENT_3D('',#16379,#13229,#13230);
#11868=AXIS2_PLACEMENT_3D('',#16383,#13233,#13234);
#11869=AXIS2_PLACEMENT_3D('',#16391,#13238,#13239);
#11870=AXIS2_PLACEMENT_3D('',#16392,#13240,#13241);
#11871=AXIS2_PLACEMENT_3D('',#16398,#13245,#13246);
#11872=AXIS2_PLACEMENT_3D('',#16400,#13247,#13248);
#11873=AXIS2_PLACEMENT_3D('',#16408,#13253,#13254);
#11874=AXIS2_PLACEMENT_3D('',#16409,#13255,#13256);
#11875=AXIS2_PLACEMENT_3D('',#16413,#13258,#13259);
#11876=AXIS2_PLACEMENT_3D('',#16414,#13260,#13261);
#11877=AXIS2_PLACEMENT_3D('',#16416,#13262,#13263);
#11878=AXIS2_PLACEMENT_3D('',#16417,#13264,#13265);
#11879=AXIS2_PLACEMENT_3D('',#16418,#13266,#13267);
#11880=AXIS2_PLACEMENT_3D('',#16420,#13268,#13269);
#11881=AXIS2_PLACEMENT_3D('',#16424,#13273,#13274);
#11882=AXIS2_PLACEMENT_3D('',#16425,#13275,#13276);
#11883=AXIS2_PLACEMENT_3D('',#16428,#13278,#13279);
#11884=AXIS2_PLACEMENT_3D('',#16429,#13280,#13281);
#11885=AXIS2_PLACEMENT_3D('',#16431,#13282,#13283);
#11886=AXIS2_PLACEMENT_3D('',#16433,#13285,#13286);
#11887=AXIS2_PLACEMENT_3D('',#16435,#13288,#13289);
#11888=AXIS2_PLACEMENT_3D('',#16436,#13290,#13291);
#11889=AXIS2_PLACEMENT_3D('',#16437,#13292,#13293);
#11890=AXIS2_PLACEMENT_3D('',#16439,#13294,#13295);
#11891=AXIS2_PLACEMENT_3D('',#16442,#13297,#13298);
#11892=AXIS2_PLACEMENT_3D('',#16443,#13299,#13300);
#11893=AXIS2_PLACEMENT_3D('',#16445,#13301,#13302);
#11894=AXIS2_PLACEMENT_3D('',#16448,#13304,#13305);
#11895=AXIS2_PLACEMENT_3D('',#16449,#13306,#13307);
#11896=AXIS2_PLACEMENT_3D('',#16450,#13308,#13309);
#11897=AXIS2_PLACEMENT_3D('',#16452,#13310,#13311);
#11898=AXIS2_PLACEMENT_3D('',#16453,#13312,#13313);
#11899=AXIS2_PLACEMENT_3D('',#16454,#13314,#13315);
#11900=AXIS2_PLACEMENT_3D('',#16457,#13317,#13318);
#11901=AXIS2_PLACEMENT_3D('',#16458,#13319,#13320);
#11902=AXIS2_PLACEMENT_3D('',#16460,#13321,#13322);
#11903=AXIS2_PLACEMENT_3D('',#16463,#13324,#13325);
#11904=AXIS2_PLACEMENT_3D('',#16464,#13326,#13327);
#11905=AXIS2_PLACEMENT_3D('',#16466,#13328,#13329);
#11906=AXIS2_PLACEMENT_3D('',#16467,#13330,#13331);
#11907=AXIS2_PLACEMENT_3D('',#16469,#13332,#13333);
#11908=AXIS2_PLACEMENT_3D('',#16471,#13335,#13336);
#11909=AXIS2_PLACEMENT_3D('',#16472,#13337,#13338);
#11910=AXIS2_PLACEMENT_3D('',#16473,#13339,#13340);
#11911=AXIS2_PLACEMENT_3D('',#16474,#13341,#13342);
#11912=AXIS2_PLACEMENT_3D('',#16476,#13343,#13344);
#11913=AXIS2_PLACEMENT_3D('',#16478,#13345,#13346);
#11914=AXIS2_PLACEMENT_3D('',#16479,#13347,#13348);
#11915=AXIS2_PLACEMENT_3D('',#16482,#13349,#13350);
#11916=AXIS2_PLACEMENT_3D('',#16486,#13352,#13353);
#11917=AXIS2_PLACEMENT_3D('',#16489,#13355,#13356);
#11918=AXIS2_PLACEMENT_3D('',#16510,#13357,#13358);
#11919=AXIS2_PLACEMENT_3D('',#16512,#13359,#13360);
#11920=AXIS2_PLACEMENT_3D('',#16514,#13362,#13363);
#11921=AXIS2_PLACEMENT_3D('',#16515,#13364,#13365);
#11922=AXIS2_PLACEMENT_3D('',#16518,#13366,#13367);
#11923=AXIS2_PLACEMENT_3D('',#16522,#13369,#13370);
#11924=AXIS2_PLACEMENT_3D('',#16524,#13372,#13373);
#11925=AXIS2_PLACEMENT_3D('',#16527,#13376,#13377);
#11926=AXIS2_PLACEMENT_3D('',#16529,#13378,#13379);
#11927=AXIS2_PLACEMENT_3D('',#16530,#13380,#13381);
#11928=AXIS2_PLACEMENT_3D('',#16532,#13383,#13384);
#11929=AXIS2_PLACEMENT_3D('',#16534,#13386,#13387);
#11930=AXIS2_PLACEMENT_3D('',#16536,#13389,#13390);
#11931=AXIS2_PLACEMENT_3D('',#16538,#13392,#13393);
#11932=AXIS2_PLACEMENT_3D('',#16539,#13394,#13395);
#11933=AXIS2_PLACEMENT_3D('',#16556,#13404,#13405);
#11934=AXIS2_PLACEMENT_3D('',#16573,#13414,#13415);
#11935=AXIS2_PLACEMENT_3D('',#16576,#13418,#13419);
#11936=AXIS2_PLACEMENT_3D('',#16578,#13421,#13422);
#11937=AXIS2_PLACEMENT_3D('',#16580,#13424,#13425);
#11938=AXIS2_PLACEMENT_3D('',#16581,#13426,#13427);
#11939=AXIS2_PLACEMENT_3D('',#16584,#13430,#13431);
#11940=AXIS2_PLACEMENT_3D('',#16586,#13433,#13434);
#11941=AXIS2_PLACEMENT_3D('',#16588,#13436,#13437);
#11942=AXIS2_PLACEMENT_3D('',#16589,#13438,#13439);
#11943=AXIS2_PLACEMENT_3D('',#16590,#13440,#13441);
#11944=AXIS2_PLACEMENT_3D('',#16607,#13450,#13451);
#11945=AXIS2_PLACEMENT_3D('',#16624,#13460,#13461);
#11946=AXIS2_PLACEMENT_3D('',#16627,#13464,#13465);
#11947=AXIS2_PLACEMENT_3D('',#16629,#13467,#13468);
#11948=AXIS2_PLACEMENT_3D('',#16631,#13470,#13471);
#11949=AXIS2_PLACEMENT_3D('',#16632,#13472,#13473);
#11950=AXIS2_PLACEMENT_3D('',#16635,#13476,#13477);
#11951=AXIS2_PLACEMENT_3D('',#16637,#13479,#13480);
#11952=AXIS2_PLACEMENT_3D('',#16639,#13482,#13483);
#11953=AXIS2_PLACEMENT_3D('',#16640,#13484,#13485);
#11954=AXIS2_PLACEMENT_3D('',#16641,#13486,#13487);
#11955=AXIS2_PLACEMENT_3D('',#16658,#13496,#13497);
#11956=AXIS2_PLACEMENT_3D('',#16675,#13506,#13507);
#11957=AXIS2_PLACEMENT_3D('',#16678,#13510,#13511);
#11958=AXIS2_PLACEMENT_3D('',#16680,#13513,#13514);
#11959=AXIS2_PLACEMENT_3D('',#16682,#13516,#13517);
#11960=AXIS2_PLACEMENT_3D('',#16683,#13518,#13519);
#11961=AXIS2_PLACEMENT_3D('',#16686,#13522,#13523);
#11962=AXIS2_PLACEMENT_3D('',#16688,#13525,#13526);
#11963=AXIS2_PLACEMENT_3D('',#16690,#13528,#13529);
#11964=AXIS2_PLACEMENT_3D('',#16691,#13530,#13531);
#11965=AXIS2_PLACEMENT_3D('',#16692,#13532,#13533);
#11966=AXIS2_PLACEMENT_3D('',#16694,#13534,#13535);
#11967=AXIS2_PLACEMENT_3D('',#16696,#13536,#13537);
#11968=AXIS2_PLACEMENT_3D('',#16697,#13538,#13539);
#11969=AXIS2_PLACEMENT_3D('',#16699,#13540,#13541);
#11970=AXIS2_PLACEMENT_3D('',#16700,#13542,#13543);
#11971=AXIS2_PLACEMENT_3D('',#16701,#13544,#13545);
#11972=AXIS2_PLACEMENT_3D('',#16703,#13546,#13547);
#11973=AXIS2_PLACEMENT_3D('',#16704,#13548,#13549);
#11974=AXIS2_PLACEMENT_3D('',#16706,#13551,#13552);
#11975=AXIS2_PLACEMENT_3D('',#16707,#13553,#13554);
#11976=AXIS2_PLACEMENT_3D('',#16709,#13555,#13556);
#11977=AXIS2_PLACEMENT_3D('',#16711,#13557,#13558);
#11978=AXIS2_PLACEMENT_3D('',#16712,#13559,#13560);
#11979=AXIS2_PLACEMENT_3D('',#16714,#13561,#13562);
#11980=AXIS2_PLACEMENT_3D('',#16715,#13563,#13564);
#11981=AXIS2_PLACEMENT_3D('',#16716,#13565,#13566);
#11982=AXIS2_PLACEMENT_3D('',#16718,#13567,#13568);
#11983=AXIS2_PLACEMENT_3D('',#16719,#13569,#13570);
#11984=AXIS2_PLACEMENT_3D('',#16721,#13572,#13573);
#11985=AXIS2_PLACEMENT_3D('',#16722,#13574,#13575);
#11986=AXIS2_PLACEMENT_3D('',#16723,#13576,#13577);
#11987=AXIS2_PLACEMENT_3D('',#16724,#13578,#13579);
#11988=AXIS2_PLACEMENT_3D('',#16726,#13580,#13581);
#11989=AXIS2_PLACEMENT_3D('',#16728,#13582,#13583);
#11990=AXIS2_PLACEMENT_3D('',#16730,#13584,#13585);
#11991=AXIS2_PLACEMENT_3D('',#16731,#13586,#13587);
#11992=AXIS2_PLACEMENT_3D('',#16732,#13588,#13589);
#11993=AXIS2_PLACEMENT_3D('',#16735,#13591,#13592);
#11994=AXIS2_PLACEMENT_3D('',#16736,#13593,#13594);
#11995=AXIS2_PLACEMENT_3D('',#16741,#13596,#13597);
#11996=AXIS2_PLACEMENT_3D('',#16744,#13599,#13600);
#11997=AXIS2_PLACEMENT_3D('',#16747,#13601,#13602);
#11998=AXIS2_PLACEMENT_3D('',#16751,#13604,#13605);
#11999=AXIS2_PLACEMENT_3D('',#16755,#13607,#13608);
#12000=AXIS2_PLACEMENT_3D('',#16759,#13610,#13611);
#12001=AXIS2_PLACEMENT_3D('',#16763,#13613,#13614);
#12002=AXIS2_PLACEMENT_3D('',#16767,#13616,#13617);
#12003=AXIS2_PLACEMENT_3D('',#16771,#13619,#13620);
#12004=AXIS2_PLACEMENT_3D('',#16775,#13622,#13623);
#12005=AXIS2_PLACEMENT_3D('',#16779,#13625,#13626);
#12006=AXIS2_PLACEMENT_3D('',#16783,#13628,#13629);
#12007=AXIS2_PLACEMENT_3D('',#16787,#13631,#13632);
#12008=AXIS2_PLACEMENT_3D('',#16791,#13634,#13635);
#12009=AXIS2_PLACEMENT_3D('',#16795,#13637,#13638);
#12010=AXIS2_PLACEMENT_3D('',#16799,#13640,#13641);
#12011=AXIS2_PLACEMENT_3D('',#16803,#13643,#13644);
#12012=AXIS2_PLACEMENT_3D('',#16807,#13646,#13647);
#12013=AXIS2_PLACEMENT_3D('',#16811,#13649,#13650);
#12014=AXIS2_PLACEMENT_3D('',#16815,#13652,#13653);
#12015=AXIS2_PLACEMENT_3D('',#16819,#13655,#13656);
#12016=AXIS2_PLACEMENT_3D('',#16823,#13658,#13659);
#12017=AXIS2_PLACEMENT_3D('',#16827,#13661,#13662);
#12018=AXIS2_PLACEMENT_3D('',#16831,#13664,#13665);
#12019=AXIS2_PLACEMENT_3D('',#16835,#13667,#13668);
#12020=AXIS2_PLACEMENT_3D('',#16839,#13670,#13671);
#12021=AXIS2_PLACEMENT_3D('',#16843,#13673,#13674);
#12022=AXIS2_PLACEMENT_3D('',#16847,#13676,#13677);
#12023=AXIS2_PLACEMENT_3D('',#16851,#13679,#13680);
#12024=AXIS2_PLACEMENT_3D('',#16855,#13682,#13683);
#12025=AXIS2_PLACEMENT_3D('',#16859,#13685,#13686);
#12026=AXIS2_PLACEMENT_3D('',#16863,#13688,#13689);
#12027=AXIS2_PLACEMENT_3D('',#16867,#13691,#13692);
#12028=AXIS2_PLACEMENT_3D('',#16871,#13694,#13695);
#12029=AXIS2_PLACEMENT_3D('',#16875,#13697,#13698);
#12030=AXIS2_PLACEMENT_3D('',#16879,#13700,#13701);
#12031=AXIS2_PLACEMENT_3D('',#16883,#13703,#13704);
#12032=AXIS2_PLACEMENT_3D('',#16887,#13706,#13707);
#12033=AXIS2_PLACEMENT_3D('',#16891,#13709,#13710);
#12034=AXIS2_PLACEMENT_3D('',#16895,#13712,#13713);
#12035=AXIS2_PLACEMENT_3D('',#16898,#13715,#13716);
#12036=AXIS2_PLACEMENT_3D('',#16899,#13717,#13718);
#12037=AXIS2_PLACEMENT_3D('',#16901,#13719,#13720);
#12038=AXIS2_PLACEMENT_3D('',#16902,#13721,#13722);
#12039=AXIS2_PLACEMENT_3D('',#16903,#13723,#13724);
#12040=AXIS2_PLACEMENT_3D('',#16908,#13726,#13727);
#12041=AXIS2_PLACEMENT_3D('',#16911,#13729,#13730);
#12042=AXIS2_PLACEMENT_3D('',#16916,#13732,#13733);
#12043=AXIS2_PLACEMENT_3D('',#16919,#13735,#13736);
#12044=AXIS2_PLACEMENT_3D('',#16924,#13738,#13739);
#12045=AXIS2_PLACEMENT_3D('',#16927,#13741,#13742);
#12046=AXIS2_PLACEMENT_3D('',#16932,#13744,#13745);
#12047=AXIS2_PLACEMENT_3D('',#16935,#13747,#13748);
#12048=AXIS2_PLACEMENT_3D('',#16940,#13750,#13751);
#12049=AXIS2_PLACEMENT_3D('',#16943,#13753,#13754);
#12050=AXIS2_PLACEMENT_3D('',#16948,#13756,#13757);
#12051=AXIS2_PLACEMENT_3D('',#16951,#13759,#13760);
#12052=AXIS2_PLACEMENT_3D('',#16956,#13762,#13763);
#12053=AXIS2_PLACEMENT_3D('',#16959,#13765,#13766);
#12054=AXIS2_PLACEMENT_3D('',#16964,#13768,#13769);
#12055=AXIS2_PLACEMENT_3D('',#16967,#13771,#13772);
#12056=AXIS2_PLACEMENT_3D('',#16972,#13774,#13775);
#12057=AXIS2_PLACEMENT_3D('',#16975,#13777,#13778);
#12058=AXIS2_PLACEMENT_3D('',#16980,#13780,#13781);
#12059=AXIS2_PLACEMENT_3D('',#16983,#13783,#13784);
#12060=AXIS2_PLACEMENT_3D('',#16988,#13786,#13787);
#12061=AXIS2_PLACEMENT_3D('',#16991,#13789,#13790);
#12062=AXIS2_PLACEMENT_3D('',#16994,#13791,#13792);
#12063=AXIS2_PLACEMENT_3D('',#16998,#13794,#13795);
#12064=AXIS2_PLACEMENT_3D('',#17004,#13798,#13799);
#12065=AXIS2_PLACEMENT_3D('',#17007,#13801,#13802);
#12066=AXIS2_PLACEMENT_3D('',#17012,#13804,#13805);
#12067=AXIS2_PLACEMENT_3D('',#17015,#13807,#13808);
#12068=AXIS2_PLACEMENT_3D('',#17020,#13810,#13811);
#12069=AXIS2_PLACEMENT_3D('',#17023,#13813,#13814);
#12070=AXIS2_PLACEMENT_3D('',#17028,#13816,#13817);
#12071=AXIS2_PLACEMENT_3D('',#17031,#13819,#13820);
#12072=AXIS2_PLACEMENT_3D('',#17036,#13822,#13823);
#12073=AXIS2_PLACEMENT_3D('',#17039,#13825,#13826);
#12074=AXIS2_PLACEMENT_3D('',#17044,#13828,#13829);
#12075=AXIS2_PLACEMENT_3D('',#17047,#13831,#13832);
#12076=AXIS2_PLACEMENT_3D('',#17052,#13834,#13835);
#12077=AXIS2_PLACEMENT_3D('',#17055,#13837,#13838);
#12078=AXIS2_PLACEMENT_3D('',#17060,#13840,#13841);
#12079=AXIS2_PLACEMENT_3D('',#17063,#13843,#13844);
#12080=AXIS2_PLACEMENT_3D('',#17065,#13845,#13846);
#12081=AXIS2_PLACEMENT_3D('',#17066,#13847,#13848);
#12082=AXIS2_PLACEMENT_3D('',#17075,#13853,#13854);
#12083=AXIS2_PLACEMENT_3D('',#17077,#13855,#13856);
#12084=AXIS2_PLACEMENT_3D('',#17079,#13857,#13858);
#12085=AXIS2_PLACEMENT_3D('',#17081,#13860,#13861);
#12086=AXIS2_PLACEMENT_3D('',#17087,#13865,#13866);
#12087=AXIS2_PLACEMENT_3D('',#17088,#13867,#13868);
#12088=AXIS2_PLACEMENT_3D('',#17089,#13869,#13870);
#12089=AXIS2_PLACEMENT_3D('',#17090,#13871,#13872);
#12090=AXIS2_PLACEMENT_3D('',#17091,#13873,#13874);
#12091=AXIS2_PLACEMENT_3D('',#17100,#13879,#13880);
#12092=AXIS2_PLACEMENT_3D('',#17102,#13881,#13882);
#12093=AXIS2_PLACEMENT_3D('',#17104,#13883,#13884);
#12094=AXIS2_PLACEMENT_3D('',#17106,#13886,#13887);
#12095=AXIS2_PLACEMENT_3D('',#17112,#13891,#13892);
#12096=AXIS2_PLACEMENT_3D('',#17113,#13893,#13894);
#12097=AXIS2_PLACEMENT_3D('',#17114,#13895,#13896);
#12098=AXIS2_PLACEMENT_3D('',#17115,#13897,#13898);
#12099=AXIS2_PLACEMENT_3D('',#17116,#13899,#13900);
#12100=AXIS2_PLACEMENT_3D('',#17118,#13901,#13902);
#12101=AXIS2_PLACEMENT_3D('',#17120,#13903,#13904);
#12102=AXIS2_PLACEMENT_3D('',#17121,#13905,#13906);
#12103=AXIS2_PLACEMENT_3D('',#17123,#13907,#13908);
#12104=AXIS2_PLACEMENT_3D('',#17125,#13910,#13911);
#12105=AXIS2_PLACEMENT_3D('',#17126,#13912,#13913);
#12106=AXIS2_PLACEMENT_3D('',#17128,#13915,#13916);
#12107=AXIS2_PLACEMENT_3D('',#17131,#13919,#13920);
#12108=AXIS2_PLACEMENT_3D('',#17133,#13922,#13923);
#12109=AXIS2_PLACEMENT_3D('',#17136,#13926,#13927);
#12110=AXIS2_PLACEMENT_3D('',#17138,#13929,#13930);
#12111=AXIS2_PLACEMENT_3D('',#17141,#13933,#13934);
#12112=AXIS2_PLACEMENT_3D('',#17143,#13936,#13937);
#12113=AXIS2_PLACEMENT_3D('',#17146,#13940,#13941);
#12114=AXIS2_PLACEMENT_3D('',#17148,#13943,#13944);
#12115=AXIS2_PLACEMENT_3D('',#17151,#13947,#13948);
#12116=AXIS2_PLACEMENT_3D('',#17153,#13950,#13951);
#12117=AXIS2_PLACEMENT_3D('',#17156,#13954,#13955);
#12118=AXIS2_PLACEMENT_3D('',#17158,#13957,#13958);
#12119=AXIS2_PLACEMENT_3D('',#17161,#13961,#13962);
#12120=AXIS2_PLACEMENT_3D('',#17163,#13964,#13965);
#12121=AXIS2_PLACEMENT_3D('',#17166,#13968,#13969);
#12122=AXIS2_PLACEMENT_3D('',#17168,#13971,#13972);
#12123=AXIS2_PLACEMENT_3D('',#17171,#13975,#13976);
#12124=AXIS2_PLACEMENT_3D('',#17173,#13978,#13979);
#12125=AXIS2_PLACEMENT_3D('',#17176,#13982,#13983);
#12126=AXIS2_PLACEMENT_3D('',#17178,#13985,#13986);
#12127=AXIS2_PLACEMENT_3D('',#17181,#13989,#13990);
#12128=AXIS2_PLACEMENT_3D('',#17183,#13992,#13993);
#12129=AXIS2_PLACEMENT_3D('',#17186,#13996,#13997);
#12130=AXIS2_PLACEMENT_3D('',#17188,#13999,#14000);
#12131=AXIS2_PLACEMENT_3D('',#17191,#14003,#14004);
#12132=AXIS2_PLACEMENT_3D('',#17193,#14006,#14007);
#12133=AXIS2_PLACEMENT_3D('',#17196,#14010,#14011);
#12134=AXIS2_PLACEMENT_3D('',#17198,#14013,#14014);
#12135=AXIS2_PLACEMENT_3D('',#17201,#14017,#14018);
#12136=AXIS2_PLACEMENT_3D('',#17203,#14020,#14021);
#12137=AXIS2_PLACEMENT_3D('',#17206,#14024,#14025);
#12138=AXIS2_PLACEMENT_3D('',#17208,#14027,#14028);
#12139=AXIS2_PLACEMENT_3D('',#17211,#14031,#14032);
#12140=AXIS2_PLACEMENT_3D('',#17213,#14034,#14035);
#12141=AXIS2_PLACEMENT_3D('',#17216,#14038,#14039);
#12142=AXIS2_PLACEMENT_3D('',#17218,#14041,#14042);
#12143=AXIS2_PLACEMENT_3D('',#17221,#14045,#14046);
#12144=AXIS2_PLACEMENT_3D('',#17223,#14048,#14049);
#12145=AXIS2_PLACEMENT_3D('',#17226,#14052,#14053);
#12146=AXIS2_PLACEMENT_3D('',#17228,#14055,#14056);
#12147=AXIS2_PLACEMENT_3D('',#17230,#14058,#14059);
#12148=AXIS2_PLACEMENT_3D('',#17231,#14060,#14061);
#12149=AXIS2_PLACEMENT_3D('',#17233,#14063,#14064);
#12150=AXIS2_PLACEMENT_3D('',#17234,#14065,#14066);
#12151=AXIS2_PLACEMENT_3D('',#17236,#14068,#14069);
#12152=AXIS2_PLACEMENT_3D('',#17237,#14070,#14071);
#12153=AXIS2_PLACEMENT_3D('',#17239,#14073,#14074);
#12154=AXIS2_PLACEMENT_3D('',#17240,#14075,#14076);
#12155=AXIS2_PLACEMENT_3D('',#17242,#14078,#14079);
#12156=AXIS2_PLACEMENT_3D('',#17243,#14080,#14081);
#12157=AXIS2_PLACEMENT_3D('',#17245,#14083,#14084);
#12158=AXIS2_PLACEMENT_3D('',#17246,#14085,#14086);
#12159=AXIS2_PLACEMENT_3D('',#17248,#14088,#14089);
#12160=AXIS2_PLACEMENT_3D('',#17249,#14090,#14091);
#12161=AXIS2_PLACEMENT_3D('',#17251,#14093,#14094);
#12162=AXIS2_PLACEMENT_3D('',#17252,#14095,#14096);
#12163=AXIS2_PLACEMENT_3D('',#17254,#14098,#14099);
#12164=AXIS2_PLACEMENT_3D('',#17255,#14100,#14101);
#12165=AXIS2_PLACEMENT_3D('',#17257,#14103,#14104);
#12166=AXIS2_PLACEMENT_3D('',#17258,#14105,#14106);
#12167=AXIS2_PLACEMENT_3D('',#17260,#14108,#14109);
#12168=AXIS2_PLACEMENT_3D('',#17261,#14110,#14111);
#12169=AXIS2_PLACEMENT_3D('',#17263,#14113,#14114);
#12170=AXIS2_PLACEMENT_3D('',#17264,#14115,#14116);
#12171=AXIS2_PLACEMENT_3D('',#17266,#14118,#14119);
#12172=AXIS2_PLACEMENT_3D('',#17267,#14120,#14121);
#12173=AXIS2_PLACEMENT_3D('',#17269,#14123,#14124);
#12174=AXIS2_PLACEMENT_3D('',#17270,#14125,#14126);
#12175=AXIS2_PLACEMENT_3D('',#17272,#14128,#14129);
#12176=AXIS2_PLACEMENT_3D('',#17273,#14130,#14131);
#12177=AXIS2_PLACEMENT_3D('',#17275,#14133,#14134);
#12178=AXIS2_PLACEMENT_3D('',#17276,#14135,#14136);
#12179=AXIS2_PLACEMENT_3D('',#17278,#14138,#14139);
#12180=AXIS2_PLACEMENT_3D('',#17279,#14140,#14141);
#12181=AXIS2_PLACEMENT_3D('',#17281,#14143,#14144);
#12182=AXIS2_PLACEMENT_3D('',#17282,#14145,#14146);
#12183=AXIS2_PLACEMENT_3D('',#17284,#14148,#14149);
#12184=AXIS2_PLACEMENT_3D('',#17285,#14150,#14151);
#12185=AXIS2_PLACEMENT_3D('',#17287,#14153,#14154);
#12186=AXIS2_PLACEMENT_3D('',#17288,#14155,#14156);
#12187=AXIS2_PLACEMENT_3D('',#17290,#14157,#14158);
#12188=AXIS2_PLACEMENT_3D('',#17293,#14160,#14161);
#12189=AXIS2_PLACEMENT_3D('',#17294,#14162,#14163);
#12190=AXIS2_PLACEMENT_3D('',#17296,#14165,#14166);
#12191=AXIS2_PLACEMENT_3D('',#17297,#14167,#14168);
#12192=AXIS2_PLACEMENT_3D('',#17298,#14169,#14170);
#12193=AXIS2_PLACEMENT_3D('',#17315,#14179,#14180);
#12194=AXIS2_PLACEMENT_3D('',#17321,#14184,#14185);
#12195=AXIS2_PLACEMENT_3D('',#17325,#14188,#14189);
#12196=AXIS2_PLACEMENT_3D('',#17331,#14193,#14194);
#12197=AXIS2_PLACEMENT_3D('',#17335,#14197,#14198);
#12198=AXIS2_PLACEMENT_3D('',#17339,#14201,#14202);
#12199=AXIS2_PLACEMENT_3D('',#17341,#14204,#14205);
#12200=AXIS2_PLACEMENT_3D('',#17345,#14208,#14209);
#12201=AXIS2_PLACEMENT_3D('',#17347,#14211,#14212);
#12202=AXIS2_PLACEMENT_3D('',#17348,#14213,#14214);
#12203=AXIS2_PLACEMENT_3D('',#17349,#14215,#14216);
#12204=AXIS2_PLACEMENT_3D('',#17366,#14225,#14226);
#12205=AXIS2_PLACEMENT_3D('',#17372,#14230,#14231);
#12206=AXIS2_PLACEMENT_3D('',#17376,#14234,#14235);
#12207=AXIS2_PLACEMENT_3D('',#17382,#14239,#14240);
#12208=AXIS2_PLACEMENT_3D('',#17386,#14243,#14244);
#12209=AXIS2_PLACEMENT_3D('',#17390,#14247,#14248);
#12210=AXIS2_PLACEMENT_3D('',#17392,#14250,#14251);
#12211=AXIS2_PLACEMENT_3D('',#17396,#14254,#14255);
#12212=AXIS2_PLACEMENT_3D('',#17398,#14257,#14258);
#12213=AXIS2_PLACEMENT_3D('',#17399,#14259,#14260);
#12214=AXIS2_PLACEMENT_3D('',#17400,#14261,#14262);
#12215=AXIS2_PLACEMENT_3D('',#17417,#14271,#14272);
#12216=AXIS2_PLACEMENT_3D('',#17434,#14281,#14282);
#12217=AXIS2_PLACEMENT_3D('',#17437,#14285,#14286);
#12218=AXIS2_PLACEMENT_3D('',#17439,#14288,#14289);
#12219=AXIS2_PLACEMENT_3D('',#17441,#14291,#14292);
#12220=AXIS2_PLACEMENT_3D('',#17442,#14293,#14294);
#12221=AXIS2_PLACEMENT_3D('',#17445,#14297,#14298);
#12222=AXIS2_PLACEMENT_3D('',#17447,#14300,#14301);
#12223=AXIS2_PLACEMENT_3D('',#17449,#14303,#14304);
#12224=AXIS2_PLACEMENT_3D('',#17450,#14305,#14306);
#12225=AXIS2_PLACEMENT_3D('',#17451,#14307,#14308);
#12226=AXIS2_PLACEMENT_3D('',#17468,#14317,#14318);
#12227=AXIS2_PLACEMENT_3D('',#17474,#14322,#14323);
#12228=AXIS2_PLACEMENT_3D('',#17478,#14326,#14327);
#12229=AXIS2_PLACEMENT_3D('',#17484,#14331,#14332);
#12230=AXIS2_PLACEMENT_3D('',#17488,#14335,#14336);
#12231=AXIS2_PLACEMENT_3D('',#17492,#14339,#14340);
#12232=AXIS2_PLACEMENT_3D('',#17494,#14342,#14343);
#12233=AXIS2_PLACEMENT_3D('',#17498,#14346,#14347);
#12234=AXIS2_PLACEMENT_3D('',#17500,#14349,#14350);
#12235=AXIS2_PLACEMENT_3D('',#17501,#14351,#14352);
#12236=AXIS2_PLACEMENT_3D('',#17502,#14353,#14354);
#12237=AXIS2_PLACEMENT_3D('',#17505,#14355,#14356);
#12238=AXIS2_PLACEMENT_3D('',#17509,#14358,#14359);
#12239=AXIS2_PLACEMENT_3D('',#17511,#14361,#14362);
#12240=AXIS2_PLACEMENT_3D('',#17517,#14366,#14367);
#12241=AXIS2_PLACEMENT_3D('',#17521,#14369,#14370);
#12242=AXIS2_PLACEMENT_3D('',#17525,#14372,#14373);
#12243=AXIS2_PLACEMENT_3D('',#17533,#14377,#14378);
#12244=AXIS2_PLACEMENT_3D('',#17537,#14380,#14381);
#12245=AXIS2_PLACEMENT_3D('',#17541,#14383,#14384);
#12246=AXIS2_PLACEMENT_3D('',#17545,#14386,#14387);
#12247=AXIS2_PLACEMENT_3D('',#17548,#14389,#14390);
#12248=AXIS2_PLACEMENT_3D('',#17551,#14391,#14392);
#12249=AXIS2_PLACEMENT_3D('',#17555,#14394,#14395);
#12250=AXIS2_PLACEMENT_3D('',#17558,#14397,#14398);
#12251=AXIS2_PLACEMENT_3D('',#17560,#14399,#14400);
#12252=AXIS2_PLACEMENT_3D('',#17561,#14401,#14402);
#12253=AXIS2_PLACEMENT_3D('',#17565,#14404,#14405);
#12254=AXIS2_PLACEMENT_3D('',#17567,#14407,#14408);
#12255=AXIS2_PLACEMENT_3D('',#17571,#14411,#14412);
#12256=AXIS2_PLACEMENT_3D('',#17573,#14413,#14414);
#12257=AXIS2_PLACEMENT_3D('',#17577,#14416,#14417);
#12258=AXIS2_PLACEMENT_3D('',#17581,#14419,#14420);
#12259=AXIS2_PLACEMENT_3D('',#17584,#14422,#14423);
#12260=AXIS2_PLACEMENT_3D('',#17592,#14427,#14428);
#12261=AXIS2_PLACEMENT_3D('',#17596,#14430,#14431);
#12262=AXIS2_PLACEMENT_3D('',#17599,#14433,#14434);
#12263=AXIS2_PLACEMENT_3D('',#17601,#14435,#14436);
#12264=AXIS2_PLACEMENT_3D('',#17604,#14437,#14438);
#12265=AXIS2_PLACEMENT_3D('',#17608,#14440,#14441);
#12266=AXIS2_PLACEMENT_3D('',#17610,#14443,#14444);
#12267=AXIS2_PLACEMENT_3D('',#17613,#14447,#14448);
#12268=AXIS2_PLACEMENT_3D('',#17615,#14450,#14451);
#12269=AXIS2_PLACEMENT_3D('',#17618,#14454,#14455);
#12270=AXIS2_PLACEMENT_3D('',#17620,#14457,#14458);
#12271=AXIS2_PLACEMENT_3D('',#17623,#14461,#14462);
#12272=AXIS2_PLACEMENT_3D('',#17625,#14464,#14465);
#12273=AXIS2_PLACEMENT_3D('',#17626,#14466,#14467);
#12274=AXIS2_PLACEMENT_3D('',#17628,#14469,#14470);
#12275=AXIS2_PLACEMENT_3D('',#17629,#14471,#14472);
#12276=AXIS2_PLACEMENT_3D('',#17630,#14473,#14474);
#12277=AXIS2_PLACEMENT_3D('',#17631,#14475,#14476);
#12278=AXIS2_PLACEMENT_3D('',#17634,#14479,#14480);
#12279=AXIS2_PLACEMENT_3D('',#17636,#14482,#14483);
#12280=AXIS2_PLACEMENT_3D('',#17638,#14485,#14486);
#12281=AXIS2_PLACEMENT_3D('',#17639,#14487,#14488);
#12282=AXIS2_PLACEMENT_3D('',#17641,#14490,#14491);
#12283=AXIS2_PLACEMENT_3D('',#17643,#14493,#14494);
#12284=AXIS2_PLACEMENT_3D('',#17644,#14495,#14496);
#12285=AXIS2_PLACEMENT_3D('',#17646,#14498,#14499);
#12286=AXIS2_PLACEMENT_3D('',#17648,#14501,#14502);
#12287=AXIS2_PLACEMENT_3D('',#17649,#14503,#14504);
#12288=AXIS2_PLACEMENT_3D('',#17652,#14505,#14506);
#12289=AXIS2_PLACEMENT_3D('',#17656,#14508,#14509);
#12290=AXIS2_PLACEMENT_3D('',#17658,#14511,#14512);
#12291=AXIS2_PLACEMENT_3D('',#17664,#14516,#14517);
#12292=AXIS2_PLACEMENT_3D('',#17666,#14518,#14519);
#12293=AXIS2_PLACEMENT_3D('',#17668,#14520,#14521);
#12294=AXIS2_PLACEMENT_3D('',#17670,#14523,#14524);
#12295=AXIS2_PLACEMENT_3D('',#17673,#14527,#14528);
#12296=AXIS2_PLACEMENT_3D('',#17676,#14529,#14530);
#12297=AXIS2_PLACEMENT_3D('',#17680,#14532,#14533);
#12298=AXIS2_PLACEMENT_3D('',#17682,#14535,#14536);
#12299=AXIS2_PLACEMENT_3D('',#17688,#14540,#14541);
#12300=AXIS2_PLACEMENT_3D('',#17700,#14547,#14548);
#12301=AXIS2_PLACEMENT_3D('',#17703,#14550,#14551);
#12302=AXIS2_PLACEMENT_3D('',#17704,#14552,#14553);
#12303=AXIS2_PLACEMENT_3D('',#17707,#14554,#14555);
#12304=AXIS2_PLACEMENT_3D('',#17710,#14558,#14559);
#12305=AXIS2_PLACEMENT_3D('',#17714,#14562,#14563);
#12306=AXIS2_PLACEMENT_3D('',#17715,#14564,#14565);
#12307=AXIS2_PLACEMENT_3D('',#17725,#14571,#14572);
#12308=AXIS2_PLACEMENT_3D('',#17726,#14573,#14574);
#12309=AXIS2_PLACEMENT_3D('',#17729,#14577,#14578);
#12310=AXIS2_PLACEMENT_3D('',#17731,#14580,#14581);
#12311=AXIS2_PLACEMENT_3D('',#17732,#14582,#14583);
#12312=AXIS2_PLACEMENT_3D('',#17734,#14585,#14586);
#12313=AXIS2_PLACEMENT_3D('',#17735,#14587,#14588);
#12314=AXIS2_PLACEMENT_3D('',#17736,#14589,#14590);
#12315=AXIS2_PLACEMENT_3D('',#17738,#14591,#14592);
#12316=AXIS2_PLACEMENT_3D('',#17741,#14594,#14595);
#12317=AXIS2_PLACEMENT_3D('',#17742,#14596,#14597);
#12318=AXIS2_PLACEMENT_3D('',#17751,#14602,#14603);
#12319=AXIS2_PLACEMENT_3D('',#17757,#14607,#14608);
#12320=AXIS2_PLACEMENT_3D('',#17763,#14612,#14613);
#12321=AXIS2_PLACEMENT_3D('',#17766,#14616,#14617);
#12322=AXIS2_PLACEMENT_3D('',#17767,#14618,#14619);
#12323=AXIS2_PLACEMENT_3D('',#17768,#14620,#14621);
#12324=AXIS2_PLACEMENT_3D('',#17769,#14622,#14623);
#12325=AXIS2_PLACEMENT_3D('',#17778,#14628,#14629);
#12326=AXIS2_PLACEMENT_3D('',#17784,#14633,#14634);
#12327=AXIS2_PLACEMENT_3D('',#17790,#14638,#14639);
#12328=AXIS2_PLACEMENT_3D('',#17793,#14642,#14643);
#12329=AXIS2_PLACEMENT_3D('',#17802,#14648,#14649);
#12330=AXIS2_PLACEMENT_3D('',#17808,#14653,#14654);
#12331=AXIS2_PLACEMENT_3D('',#17812,#14657,#14658);
#12332=AXIS2_PLACEMENT_3D('',#17816,#14661,#14662);
#12333=AXIS2_PLACEMENT_3D('',#17818,#14664,#14665);
#12334=AXIS2_PLACEMENT_3D('',#17819,#14666,#14667);
#12335=AXIS2_PLACEMENT_3D('',#17820,#14668,#14669);
#12336=AXIS2_PLACEMENT_3D('',#17829,#14674,#14675);
#12337=AXIS2_PLACEMENT_3D('',#17835,#14679,#14680);
#12338=AXIS2_PLACEMENT_3D('',#17841,#14684,#14685);
#12339=AXIS2_PLACEMENT_3D('',#17844,#14688,#14689);
#12340=AXIS2_PLACEMENT_3D('',#17853,#14694,#14695);
#12341=AXIS2_PLACEMENT_3D('',#17859,#14699,#14700);
#12342=AXIS2_PLACEMENT_3D('',#17863,#14703,#14704);
#12343=AXIS2_PLACEMENT_3D('',#17867,#14707,#14708);
#12344=AXIS2_PLACEMENT_3D('',#17869,#14710,#14711);
#12345=AXIS2_PLACEMENT_3D('',#17870,#14712,#14713);
#12346=AXIS2_PLACEMENT_3D('',#17871,#14714,#14715);
#12347=AXIS2_PLACEMENT_3D('',#17888,#14724,#14725);
#12348=AXIS2_PLACEMENT_3D('',#17894,#14729,#14730);
#12349=AXIS2_PLACEMENT_3D('',#17898,#14733,#14734);
#12350=AXIS2_PLACEMENT_3D('',#17904,#14738,#14739);
#12351=AXIS2_PLACEMENT_3D('',#17908,#14742,#14743);
#12352=AXIS2_PLACEMENT_3D('',#17912,#14746,#14747);
#12353=AXIS2_PLACEMENT_3D('',#17916,#14750,#14751);
#12354=AXIS2_PLACEMENT_3D('',#17918,#14753,#14754);
#12355=AXIS2_PLACEMENT_3D('',#17920,#14756,#14757);
#12356=AXIS2_PLACEMENT_3D('',#17921,#14758,#14759);
#12357=AXIS2_PLACEMENT_3D('',#17922,#14760,#14761);
#12358=AXIS2_PLACEMENT_3D('',#17923,#14762,#14763);
#12359=AXIS2_PLACEMENT_3D('',#17932,#14768,#14769);
#12360=AXIS2_PLACEMENT_3D('',#17938,#14773,#14774);
#12361=AXIS2_PLACEMENT_3D('',#17946,#14779,#14780);
#12362=AXIS2_PLACEMENT_3D('',#17958,#14786,#14787);
#12363=AXIS2_PLACEMENT_3D('',#17966,#14792,#14793);
#12364=AXIS2_PLACEMENT_3D('',#17968,#14795,#14796);
#12365=AXIS2_PLACEMENT_3D('',#17974,#14800,#14801);
#12366=AXIS2_PLACEMENT_3D('',#17976,#14803,#14804);
#12367=AXIS2_PLACEMENT_3D('',#17982,#14808,#14809);
#12368=AXIS2_PLACEMENT_3D('',#18004,#14821,#14822);
#12369=AXIS2_PLACEMENT_3D('',#18007,#14823,#14824);
#12370=AXIS2_PLACEMENT_3D('',#18010,#14827,#14828);
#12371=AXIS2_PLACEMENT_3D('',#18015,#14832,#14833);
#12372=AXIS2_PLACEMENT_3D('',#18027,#14840,#14841);
#12373=AXIS2_PLACEMENT_3D('',#18029,#14843,#14844);
#12374=AXIS2_PLACEMENT_3D('',#18031,#14846,#14847);
#12375=AXIS2_PLACEMENT_3D('',#18032,#14848,#14849);
#12376=AXIS2_PLACEMENT_3D('',#18034,#14851,#14852);
#12377=AXIS2_PLACEMENT_3D('',#18036,#14854,#14855);
#12378=AXIS2_PLACEMENT_3D('',#18038,#14857,#14858);
#12379=AXIS2_PLACEMENT_3D('',#18040,#14860,#14861);
#12380=AXIS2_PLACEMENT_3D('',#18042,#14863,#14864);
#12381=AXIS2_PLACEMENT_3D('',#18044,#14866,#14867);
#12382=AXIS2_PLACEMENT_3D('',#18045,#14868,#14869);
#12383=AXIS2_PLACEMENT_3D('',#18046,#14870,#14871);
#12384=AXIS2_PLACEMENT_3D('',#18047,#14872,#14873);
#12385=AXIS2_PLACEMENT_3D('',#18088,#14894,#14895);
#12386=AXIS2_PLACEMENT_3D('',#18094,#14899,#14900);
#12387=AXIS2_PLACEMENT_3D('',#18098,#14903,#14904);
#12388=AXIS2_PLACEMENT_3D('',#18102,#14907,#14908);
#12389=AXIS2_PLACEMENT_3D('',#18106,#14911,#14912);
#12390=AXIS2_PLACEMENT_3D('',#18110,#14915,#14916);
#12391=AXIS2_PLACEMENT_3D('',#18114,#14919,#14920);
#12392=AXIS2_PLACEMENT_3D('',#18118,#14923,#14924);
#12393=AXIS2_PLACEMENT_3D('',#18122,#14927,#14928);
#12394=AXIS2_PLACEMENT_3D('',#18126,#14931,#14932);
#12395=AXIS2_PLACEMENT_3D('',#18130,#14935,#14936);
#12396=AXIS2_PLACEMENT_3D('',#18150,#14947,#14948);
#12397=AXIS2_PLACEMENT_3D('',#18153,#14951,#14952);
#12398=AXIS2_PLACEMENT_3D('',#18155,#14954,#14955);
#12399=AXIS2_PLACEMENT_3D('',#18157,#14957,#14958);
#12400=AXIS2_PLACEMENT_3D('',#18159,#14960,#14961);
#12401=AXIS2_PLACEMENT_3D('',#18161,#14963,#14964);
#12402=AXIS2_PLACEMENT_3D('',#18163,#14966,#14967);
#12403=AXIS2_PLACEMENT_3D('',#18165,#14969,#14970);
#12404=AXIS2_PLACEMENT_3D('',#18167,#14972,#14973);
#12405=AXIS2_PLACEMENT_3D('',#18168,#14974,#14975);
#12406=AXIS2_PLACEMENT_3D('',#18169,#14976,#14977);
#12407=AXIS2_PLACEMENT_3D('',#18176,#14981,#14982);
#12408=AXIS2_PLACEMENT_3D('',#18182,#14986,#14987);
#12409=AXIS2_PLACEMENT_3D('',#18191,#14992,#14993);
#12410=AXIS2_PLACEMENT_3D('',#18197,#14997,#14998);
#12411=AXIS2_PLACEMENT_3D('',#18203,#15002,#15003);
#12412=AXIS2_PLACEMENT_3D('',#18212,#15008,#15009);
#12413=AXIS2_PLACEMENT_3D('',#18218,#15013,#15014);
#12414=AXIS2_PLACEMENT_3D('',#18224,#15018,#15019);
#12415=AXIS2_PLACEMENT_3D('',#18267,#15042,#15043);
#12416=AXIS2_PLACEMENT_3D('',#18283,#15053,#15054);
#12417=AXIS2_PLACEMENT_3D('',#18320,#15075,#15076);
#12418=AXIS2_PLACEMENT_3D('',#18322,#15078,#15079);
#12419=AXIS2_PLACEMENT_3D('',#18324,#15081,#15082);
#12420=AXIS2_PLACEMENT_3D('',#18326,#15084,#15085);
#12421=AXIS2_PLACEMENT_3D('',#18328,#15087,#15088);
#12422=AXIS2_PLACEMENT_3D('',#18329,#15089,#15090);
#12423=AXIS2_PLACEMENT_3D('',#18335,#15094,#15095);
#12424=AXIS2_PLACEMENT_3D('',#18337,#15097,#15098);
#12425=AXIS2_PLACEMENT_3D('',#18339,#15100,#15101);
#12426=AXIS2_PLACEMENT_3D('',#18341,#15103,#15104);
#12427=AXIS2_PLACEMENT_3D('',#18343,#15106,#15107);
#12428=AXIS2_PLACEMENT_3D('',#18345,#15109,#15110);
#12429=AXIS2_PLACEMENT_3D('',#18347,#15112,#15113);
#12430=AXIS2_PLACEMENT_3D('',#18349,#15115,#15116);
#12431=AXIS2_PLACEMENT_3D('',#18351,#15118,#15119);
#12432=AXIS2_PLACEMENT_3D('',#18353,#15121,#15122);
#12433=AXIS2_PLACEMENT_3D('',#18355,#15124,#15125);
#12434=AXIS2_PLACEMENT_3D('',#18357,#15127,#15128);
#12435=AXIS2_PLACEMENT_3D('',#18358,#15129,#15130);
#12436=AXIS2_PLACEMENT_3D('',#18360,#15132,#15133);
#12437=AXIS2_PLACEMENT_3D('',#18362,#15135,#15136);
#12438=AXIS2_PLACEMENT_3D('',#18364,#15138,#15139);
#12439=AXIS2_PLACEMENT_3D('',#18365,#15140,#15141);
#12440=AXIS2_PLACEMENT_3D('',#18366,#15142,#15143);
#12441=AXIS2_PLACEMENT_3D('',#18375,#15148,#15149);
#12442=AXIS2_PLACEMENT_3D('',#18381,#15153,#15154);
#12443=AXIS2_PLACEMENT_3D('',#18390,#15159,#15160);
#12444=AXIS2_PLACEMENT_3D('',#18396,#15164,#15165);
#12445=AXIS2_PLACEMENT_3D('',#18419,#15178,#15179);
#12446=AXIS2_PLACEMENT_3D('',#18421,#15181,#15182);
#12447=AXIS2_PLACEMENT_3D('',#18427,#15186,#15187);
#12448=AXIS2_PLACEMENT_3D('',#18431,#15190,#15191);
#12449=AXIS2_PLACEMENT_3D('',#18435,#15194,#15195);
#12450=AXIS2_PLACEMENT_3D('',#18441,#15199,#15200);
#12451=AXIS2_PLACEMENT_3D('',#18445,#15203,#15204);
#12452=AXIS2_PLACEMENT_3D('',#18449,#15207,#15208);
#12453=AXIS2_PLACEMENT_3D('',#18451,#15210,#15211);
#12454=AXIS2_PLACEMENT_3D('',#18455,#15214,#15215);
#12455=AXIS2_PLACEMENT_3D('',#18459,#15218,#15219);
#12456=AXIS2_PLACEMENT_3D('',#18461,#15221,#15222);
#12457=AXIS2_PLACEMENT_3D('',#18463,#15224,#15225);
#12458=AXIS2_PLACEMENT_3D('',#18464,#15226,#15227);
#12459=AXIS2_PLACEMENT_3D('',#18465,#15228,#15229);
#12460=AXIS2_PLACEMENT_3D('',#18476,#15235,#15236);
#12461=AXIS2_PLACEMENT_3D('',#18488,#15243,#15244);
#12462=AXIS2_PLACEMENT_3D('',#18498,#15250,#15251);
#12463=AXIS2_PLACEMENT_3D('',#18502,#15254,#15255);
#12464=AXIS2_PLACEMENT_3D('',#18508,#15259,#15260);
#12465=AXIS2_PLACEMENT_3D('',#18512,#15263,#15264);
#12466=AXIS2_PLACEMENT_3D('',#18521,#15269,#15270);
#12467=AXIS2_PLACEMENT_3D('',#18530,#15275,#15276);
#12468=AXIS2_PLACEMENT_3D('',#18533,#15279,#15280);
#12469=AXIS2_PLACEMENT_3D('',#18541,#15285,#15286);
#12470=AXIS2_PLACEMENT_3D('',#18547,#15290,#15291);
#12471=AXIS2_PLACEMENT_3D('',#18553,#15295,#15296);
#12472=AXIS2_PLACEMENT_3D('',#18557,#15299,#15300);
#12473=AXIS2_PLACEMENT_3D('',#18561,#15303,#15304);
#12474=AXIS2_PLACEMENT_3D('',#18563,#15306,#15307);
#12475=AXIS2_PLACEMENT_3D('',#18566,#15310,#15311);
#12476=AXIS2_PLACEMENT_3D('',#18568,#15313,#15314);
#12477=AXIS2_PLACEMENT_3D('',#18572,#15317,#15318);
#12478=AXIS2_PLACEMENT_3D('',#18574,#15320,#15321);
#12479=AXIS2_PLACEMENT_3D('',#18576,#15323,#15324);
#12480=AXIS2_PLACEMENT_3D('',#18577,#15325,#15326);
#12481=AXIS2_PLACEMENT_3D('',#18578,#15327,#15328);
#12482=AXIS2_PLACEMENT_3D('',#18599,#15339,#15340);
#12483=AXIS2_PLACEMENT_3D('',#18613,#15348,#15349);
#12484=AXIS2_PLACEMENT_3D('',#18619,#15353,#15354);
#12485=AXIS2_PLACEMENT_3D('',#18621,#15356,#15357);
#12486=AXIS2_PLACEMENT_3D('',#18625,#15360,#15361);
#12487=AXIS2_PLACEMENT_3D('',#18629,#15364,#15365);
#12488=AXIS2_PLACEMENT_3D('',#18638,#15370,#15371);
#12489=AXIS2_PLACEMENT_3D('',#18641,#15374,#15375);
#12490=AXIS2_PLACEMENT_3D('',#18644,#15378,#15379);
#12491=AXIS2_PLACEMENT_3D('',#18648,#15382,#15383);
#12492=AXIS2_PLACEMENT_3D('',#18666,#15393,#15394);
#12493=AXIS2_PLACEMENT_3D('',#18687,#15405,#15406);
#12494=AXIS2_PLACEMENT_3D('',#18693,#15410,#15411);
#12495=AXIS2_PLACEMENT_3D('',#18697,#15414,#15415);
#12496=AXIS2_PLACEMENT_3D('',#18701,#15418,#15419);
#12497=AXIS2_PLACEMENT_3D('',#18705,#15422,#15423);
#12498=AXIS2_PLACEMENT_3D('',#18709,#15426,#15427);
#12499=AXIS2_PLACEMENT_3D('',#18713,#15430,#15431);
#12500=AXIS2_PLACEMENT_3D('',#18717,#15434,#15435);
#12501=AXIS2_PLACEMENT_3D('',#18719,#15437,#15438);
#12502=AXIS2_PLACEMENT_3D('',#18720,#15439,#15440);
#12503=AXIS2_PLACEMENT_3D('',#18740,#15451,#15452);
#12504=AXIS2_PLACEMENT_3D('',#18743,#15455,#15456);
#12505=AXIS2_PLACEMENT_3D('',#18745,#15458,#15459);
#12506=AXIS2_PLACEMENT_3D('',#18748,#15462,#15463);
#12507=AXIS2_PLACEMENT_3D('',#18750,#15465,#15466);
#12508=AXIS2_PLACEMENT_3D('',#18752,#15468,#15469);
#12509=AXIS2_PLACEMENT_3D('',#18754,#15471,#15472);
#12510=AXIS2_PLACEMENT_3D('',#18756,#15474,#15475);
#12511=AXIS2_PLACEMENT_3D('',#18758,#15477,#15478);
#12512=AXIS2_PLACEMENT_3D('',#18759,#15479,#15480);
#12513=AXIS2_PLACEMENT_3D('',#18760,#15481,#15482);
#12514=AXIS2_PLACEMENT_3D('',#18777,#15491,#15492);
#12515=AXIS2_PLACEMENT_3D('',#18795,#15502,#15503);
#12516=AXIS2_PLACEMENT_3D('',#18806,#15510,#15511);
#12517=AXIS2_PLACEMENT_3D('',#18810,#15514,#15515);
#12518=AXIS2_PLACEMENT_3D('',#18816,#15519,#15520);
#12519=AXIS2_PLACEMENT_3D('',#18818,#15522,#15523);
#12520=AXIS2_PLACEMENT_3D('',#18824,#15527,#15528);
#12521=AXIS2_PLACEMENT_3D('',#18828,#15531,#15532);
#12522=AXIS2_PLACEMENT_3D('',#18830,#15534,#15535);
#12523=AXIS2_PLACEMENT_3D('',#18834,#15538,#15539);
#12524=AXIS2_PLACEMENT_3D('',#18843,#15544,#15545);
#12525=AXIS2_PLACEMENT_3D('',#18847,#15548,#15549);
#12526=AXIS2_PLACEMENT_3D('',#18850,#15552,#15553);
#12527=AXIS2_PLACEMENT_3D('',#18852,#15555,#15556);
#12528=AXIS2_PLACEMENT_3D('',#18854,#15558,#15559);
#12529=AXIS2_PLACEMENT_3D('',#18855,#15560,#15561);
#12530=AXIS2_PLACEMENT_3D('',#18857,#15563,#15564);
#12531=AXIS2_PLACEMENT_3D('',#18858,#15565,#15566);
#12532=AXIS2_PLACEMENT_3D('',#18859,#15567,#15568);
#12533=AXIS2_PLACEMENT_3D('',#18868,#15573,#15574);
#12534=AXIS2_PLACEMENT_3D('',#18874,#15578,#15579);
#12535=AXIS2_PLACEMENT_3D('',#18880,#15583,#15584);
#12536=AXIS2_PLACEMENT_3D('',#18883,#15587,#15588);
#12537=AXIS2_PLACEMENT_3D('',#18884,#15589,#15590);
#12538=AXIS2_PLACEMENT_3D('',#18885,#15591,#15592);
#12539=AXIS2_PLACEMENT_3D('',#18886,#15593,#15594);
#12540=AXIS2_PLACEMENT_3D('',#18887,#15595,#15596);
#12541=AXIS2_PLACEMENT_3D('',#18888,#15597,#15598);
#12542=AXIS2_PLACEMENT_3D('',#18889,#15599,#15600);
#12543=AXIS2_PLACEMENT_3D('',#18890,#15601,#15602);
#12544=AXIS2_PLACEMENT_3D('',#18891,#15603,#15604);
#12545=AXIS2_PLACEMENT_3D('',#18892,#15605,#15606);
#12546=AXIS2_PLACEMENT_3D('',#18893,#15607,#15608);
#12547=AXIS2_PLACEMENT_3D('',#18894,#15609,#15610);
#12548=AXIS2_PLACEMENT_3D('',#18895,#15611,#15612);
#12549=AXIS2_PLACEMENT_3D('',#18896,#15613,#15614);
#12550=AXIS2_PLACEMENT_3D('',#18897,#15615,#15616);
#12551=AXIS2_PLACEMENT_3D('',#18898,#15617,#15618);
#12552=AXIS2_PLACEMENT_3D('',#18899,#15619,#15620);
#12553=AXIS2_PLACEMENT_3D('',#18900,#15621,#15622);
#12554=AXIS2_PLACEMENT_3D('',#18901,#15623,#15624);
#12555=AXIS2_PLACEMENT_3D('',#18902,#15625,#15626);
#12556=AXIS2_PLACEMENT_3D('',#18903,#15627,#15628);
#12557=AXIS2_PLACEMENT_3D('',#18904,#15629,#15630);
#12558=AXIS2_PLACEMENT_3D('',#18905,#15631,#15632);
#12559=AXIS2_PLACEMENT_3D('',#18906,#15633,#15634);
#12560=AXIS2_PLACEMENT_3D('',#18907,#15635,#15636);
#12561=AXIS2_PLACEMENT_3D('',#18908,#15637,#15638);
#12562=AXIS2_PLACEMENT_3D('',#18909,#15639,#15640);
#12563=AXIS2_PLACEMENT_3D('',#18910,#15641,#15642);
#12564=AXIS2_PLACEMENT_3D('',#18911,#15643,#15644);
#12565=AXIS2_PLACEMENT_3D('',#18912,#15645,#15646);
#12566=AXIS2_PLACEMENT_3D('',#18913,#15647,#15648);
#12567=AXIS2_PLACEMENT_3D('',#18914,#15649,#15650);
#12568=AXIS2_PLACEMENT_3D('',#18915,#15651,#15652);
#12569=AXIS2_PLACEMENT_3D('',#18916,#15653,#15654);
#12570=AXIS2_PLACEMENT_3D('',#18917,#15655,#15656);
#12571=AXIS2_PLACEMENT_3D('',#18918,#15657,#15658);
#12572=AXIS2_PLACEMENT_3D('',#18919,#15659,#15660);
#12573=AXIS2_PLACEMENT_3D('',#18920,#15661,#15662);
#12574=AXIS2_PLACEMENT_3D('',#18921,#15663,#15664);
#12575=AXIS2_PLACEMENT_3D('',#18922,#15665,#15666);
#12576=AXIS2_PLACEMENT_3D('',#18923,#15667,#15668);
#12577=AXIS2_PLACEMENT_3D('',#18924,#15669,#15670);
#12578=AXIS2_PLACEMENT_3D('',#18925,#15671,#15672);
#12579=DIRECTION('axis',(0.,0.,1.));
#12580=DIRECTION('refdir',(1.,0.,0.));
#12581=DIRECTION('axis',(0.,0.,1.));
#12582=DIRECTION('refdir',(1.,0.,0.));
#12583=DIRECTION('center_axis',(1.,0.,0.));
#12584=DIRECTION('ref_axis',(0.,0.,-1.));
#12585=DIRECTION('',(0.,0.,1.));
#12586=DIRECTION('',(0.,-1.,0.));
#12587=DIRECTION('',(0.,0.,-1.));
#12588=DIRECTION('',(0.,1.,0.));
#12589=DIRECTION('',(0.,0.,-1.));
#12590=DIRECTION('',(0.,-1.,0.));
#12591=DIRECTION('',(0.,0.,1.));
#12592=DIRECTION('',(0.,1.,0.));
#12593=DIRECTION('center_axis',(-1.,0.,0.));
#12594=DIRECTION('ref_axis',(0.,0.,1.));
#12595=DIRECTION('',(0.,0.,-1.));
#12596=DIRECTION('',(0.,-1.,0.));
#12597=DIRECTION('',(0.,0.,1.));
#12598=DIRECTION('',(0.,1.,0.));
#12599=DIRECTION('',(0.,0.,1.));
#12600=DIRECTION('',(0.,-1.,0.));
#12601=DIRECTION('',(0.,0.,-1.));
#12602=DIRECTION('',(0.,1.,0.));
#12603=DIRECTION('center_axis',(0.,0.,-1.));
#12604=DIRECTION('ref_axis',(0.,1.,0.));
#12605=DIRECTION('',(-1.,0.,0.));
#12606=DIRECTION('',(1.,0.,0.));
#12607=DIRECTION('center_axis',(0.,1.,0.));
#12608=DIRECTION('ref_axis',(0.,0.,1.));
#12609=DIRECTION('',(1.,0.,0.));
#12610=DIRECTION('center_axis',(0.,0.,1.));
#12611=DIRECTION('ref_axis',(0.,-1.,0.));
#12612=DIRECTION('',(1.,0.,0.));
#12613=DIRECTION('center_axis',(0.,-1.,0.));
#12614=DIRECTION('ref_axis',(0.,0.,-1.));
#12615=DIRECTION('center_axis',(0.,0.,-1.));
#12616=DIRECTION('ref_axis',(0.,1.,0.));
#12617=DIRECTION('',(-1.,0.,0.));
#12618=DIRECTION('',(1.,0.,0.));
#12619=DIRECTION('center_axis',(0.,-1.,0.));
#12620=DIRECTION('ref_axis',(0.,0.,-1.));
#12621=DIRECTION('',(1.,0.,0.));
#12622=DIRECTION('center_axis',(0.,0.,1.));
#12623=DIRECTION('ref_axis',(0.,-1.,0.));
#12624=DIRECTION('',(1.,0.,0.));
#12625=DIRECTION('center_axis',(0.,1.,0.));
#12626=DIRECTION('ref_axis',(0.,0.,1.));
#12627=DIRECTION('axis',(0.,0.,1.));
#12628=DIRECTION('refdir',(1.,0.,0.));
#12629=DIRECTION('center_axis',(1.,0.,0.));
#12630=DIRECTION('ref_axis',(0.,0.,-1.));
#12631=DIRECTION('',(0.,0.,1.));
#12632=DIRECTION('',(0.,-1.,0.));
#12633=DIRECTION('',(0.,0.,-1.));
#12634=DIRECTION('',(0.,1.,0.));
#12635=DIRECTION('',(0.,0.,-1.));
#12636=DIRECTION('',(0.,-1.,0.));
#12637=DIRECTION('',(0.,0.,1.));
#12638=DIRECTION('',(0.,1.,0.));
#12639=DIRECTION('center_axis',(-1.,0.,0.));
#12640=DIRECTION('ref_axis',(0.,0.,1.));
#12641=DIRECTION('',(0.,0.,-1.));
#12642=DIRECTION('',(0.,-1.,0.));
#12643=DIRECTION('',(0.,0.,1.));
#12644=DIRECTION('',(0.,1.,0.));
#12645=DIRECTION('',(0.,0.,1.));
#12646=DIRECTION('',(0.,-1.,0.));
#12647=DIRECTION('',(0.,0.,-1.));
#12648=DIRECTION('',(0.,1.,0.));
#12649=DIRECTION('center_axis',(0.,0.,-1.));
#12650=DIRECTION('ref_axis',(0.,1.,0.));
#12651=DIRECTION('',(-1.,0.,0.));
#12652=DIRECTION('',(1.,0.,0.));
#12653=DIRECTION('center_axis',(0.,1.,0.));
#12654=DIRECTION('ref_axis',(0.,0.,1.));
#12655=DIRECTION('',(1.,0.,0.));
#12656=DIRECTION('center_axis',(0.,0.,1.));
#12657=DIRECTION('ref_axis',(0.,-1.,0.));
#12658=DIRECTION('',(1.,0.,0.));
#12659=DIRECTION('center_axis',(0.,-1.,0.));
#12660=DIRECTION('ref_axis',(0.,0.,-1.));
#12661=DIRECTION('center_axis',(0.,0.,-1.));
#12662=DIRECTION('ref_axis',(0.,1.,0.));
#12663=DIRECTION('',(-1.,0.,0.));
#12664=DIRECTION('',(1.,0.,0.));
#12665=DIRECTION('center_axis',(0.,-1.,0.));
#12666=DIRECTION('ref_axis',(0.,0.,-1.));
#12667=DIRECTION('',(1.,0.,0.));
#12668=DIRECTION('center_axis',(0.,0.,1.));
#12669=DIRECTION('ref_axis',(0.,-1.,0.));
#12670=DIRECTION('',(1.,0.,0.));
#12671=DIRECTION('center_axis',(0.,1.,0.));
#12672=DIRECTION('ref_axis',(0.,0.,1.));
#12673=DIRECTION('axis',(0.,0.,1.));
#12674=DIRECTION('refdir',(1.,0.,0.));
#12675=DIRECTION('center_axis',(0.,0.,-1.));
#12676=DIRECTION('ref_axis',(-1.,0.,0.));
#12677=DIRECTION('center_axis',(0.,0.,-1.));
#12678=DIRECTION('ref_axis',(-1.,0.,0.));
#12679=DIRECTION('',(0.,0.,-1.));
#12680=DIRECTION('center_axis',(0.,0.,1.));
#12681=DIRECTION('ref_axis',(-1.,0.,0.));
#12682=DIRECTION('center_axis',(0.,0.,-1.));
#12683=DIRECTION('ref_axis',(-1.,0.,0.));
#12684=DIRECTION('center_axis',(0.,0.,-1.));
#12685=DIRECTION('ref_axis',(-1.,0.,0.));
#12686=DIRECTION('',(0.,0.,-1.));
#12687=DIRECTION('center_axis',(0.,0.,1.));
#12688=DIRECTION('ref_axis',(-1.,0.,0.));
#12689=DIRECTION('center_axis',(0.,0.,1.));
#12690=DIRECTION('ref_axis',(-1.,0.,0.));
#12691=DIRECTION('',(1.,0.,0.));
#12692=DIRECTION('',(0.,-1.,0.));
#12693=DIRECTION('',(-1.,0.,0.));
#12694=DIRECTION('',(0.,-1.,0.));
#12695=DIRECTION('center_axis',(0.,0.,-1.));
#12696=DIRECTION('ref_axis',(1.,0.,0.));
#12697=DIRECTION('',(1.,0.,0.));
#12698=DIRECTION('',(0.,-1.,0.));
#12699=DIRECTION('',(1.,0.,0.));
#12700=DIRECTION('',(0.,-1.,0.));
#12701=DIRECTION('center_axis',(0.,-1.,0.));
#12702=DIRECTION('ref_axis',(0.,0.,-1.));
#12703=DIRECTION('',(0.,0.,-1.));
#12704=DIRECTION('',(0.,0.,1.));
#12705=DIRECTION('center_axis',(0.,0.,-1.));
#12706=DIRECTION('ref_axis',(1.,0.,0.));
#12707=DIRECTION('',(-1.,0.,0.));
#12708=DIRECTION('',(0.,-1.,0.));
#12709=DIRECTION('',(1.,0.,0.));
#12710=DIRECTION('',(0.,-1.,0.));
#12711=DIRECTION('center_axis',(0.,0.,1.));
#12712=DIRECTION('ref_axis',(-1.,0.,0.));
#12713=DIRECTION('',(1.,0.,0.));
#12714=DIRECTION('',(0.,-1.,0.));
#12715=DIRECTION('',(-1.,0.,0.));
#12716=DIRECTION('',(0.,-1.,0.));
#12717=DIRECTION('center_axis',(0.,-1.,0.));
#12718=DIRECTION('ref_axis',(0.,0.,-1.));
#12719=DIRECTION('',(0.,0.,1.));
#12720=DIRECTION('',(0.,0.,-1.));
#12721=DIRECTION('center_axis',(1.,0.,0.));
#12722=DIRECTION('ref_axis',(0.,0.,1.));
#12723=DIRECTION('',(0.,0.,1.));
#12724=DIRECTION('',(0.,0.,1.));
#12725=DIRECTION('center_axis',(-1.,0.,0.));
#12726=DIRECTION('ref_axis',(0.,0.,-1.));
#12727=DIRECTION('',(0.,0.,1.));
#12728=DIRECTION('',(0.,0.,-1.));
#12729=DIRECTION('center_axis',(0.,-1.,0.));
#12730=DIRECTION('ref_axis',(0.,0.,-1.));
#12731=DIRECTION('center_axis',(0.,-1.,0.));
#12732=DIRECTION('ref_axis',(1.,0.,0.));
#12733=DIRECTION('axis',(0.,0.,1.));
#12734=DIRECTION('refdir',(1.,0.,0.));
#12735=DIRECTION('center_axis',(-0.874157276121531,0.,-0.485642931178645));
#12736=DIRECTION('ref_axis',(-0.485642931178645,0.,0.874157276121531));
#12737=DIRECTION('center_axis',(-0.874157276121531,0.,-0.485642931178645));
#12738=DIRECTION('ref_axis',(0.485642931178645,0.,-0.874157276121531));
#12739=DIRECTION('',(0.,1.,0.));
#12740=DIRECTION('',(0.485642931178645,0.,-0.874157276121531));
#12741=DIRECTION('center_axis',(-0.874157276121531,0.,-0.485642931178645));
#12742=DIRECTION('ref_axis',(-0.485642931178645,0.,0.874157276121531));
#12743=DIRECTION('center_axis',(-0.874157276121531,0.,-0.485642931178645));
#12744=DIRECTION('ref_axis',(0.485642931178645,0.,-0.874157276121531));
#12745=DIRECTION('',(0.485642931178645,0.,-0.874157276121531));
#12746=DIRECTION('',(0.,-1.,0.));
#12747=DIRECTION('center_axis',(-0.485642931178645,0.,0.874157276121531));
#12748=DIRECTION('ref_axis',(0.,1.,0.));
#12749=DIRECTION('center_axis',(-0.485642931178645,0.,0.874157276121531));
#12750=DIRECTION('ref_axis',(0.874157276121531,0.,0.485642931178645));
#12751=DIRECTION('',(-0.874157276121531,0.,-0.485642931178644));
#12752=DIRECTION('center_axis',(0.,0.,1.));
#12753=DIRECTION('ref_axis',(1.,0.,0.));
#12754=DIRECTION('center_axis',(0.,0.,1.));
#12755=DIRECTION('ref_axis',(1.,0.,0.));
#12756=DIRECTION('',(0.,0.,-1.));
#12757=DIRECTION('center_axis',(0.,0.,-1.));
#12758=DIRECTION('ref_axis',(1.,0.,0.));
#12759=DIRECTION('center_axis',(0.485642931178645,0.,-0.874157276121531));
#12760=DIRECTION('ref_axis',(0.874157276121531,0.,0.485642931178645));
#12761=DIRECTION('',(0.,0.,1.));
#12762=DIRECTION('center_axis',(0.,0.,1.));
#12763=DIRECTION('ref_axis',(1.,0.,0.));
#12764=DIRECTION('',(0.,0.,-1.));
#12765=DIRECTION('center_axis',(-0.485642931178645,0.,0.874157276121531));
#12766=DIRECTION('ref_axis',(0.874157276121531,0.,0.485642931178645));
#12767=DIRECTION('center_axis',(0.485642931178631,0.,-0.874157276121538));
#12768=DIRECTION('ref_axis',(0.,-1.,0.));
#12769=DIRECTION('center_axis',(0.48564293117863,0.,-0.874157276121539));
#12770=DIRECTION('ref_axis',(0.,-1.,0.));
#12771=DIRECTION('',(0.485642931178631,0.,-0.874157276121538));
#12772=DIRECTION('center_axis',(-0.485642931178632,0.,0.874157276121538));
#12773=DIRECTION('ref_axis',(0.,-1.,0.));
#12774=DIRECTION('center_axis',(-0.48564293117863,0.,0.874157276121539));
#12775=DIRECTION('ref_axis',(0.874157276121539,0.,0.48564293117863));
#12776=DIRECTION('center_axis',(0.48564293117863,0.,-0.874157276121539));
#12777=DIRECTION('ref_axis',(0.618122537769101,-0.707106781186548,0.343401409871721));
#12778=DIRECTION('',(-0.874157276121531,0.,-0.485642931178644));
#12779=DIRECTION('',(0.874157276121539,0.,0.48564293117863));
#12780=DIRECTION('',(0.,-1.,0.));
#12781=DIRECTION('',(-0.874157276121539,0.,-0.48564293117863));
#12782=DIRECTION('center_axis',(0.48564293117863,0.,-0.874157276121539));
#12783=DIRECTION('ref_axis',(0.618122537769101,0.707106781186548,0.343401409871721));
#12784=DIRECTION('center_axis',(-0.485642931178632,0.,0.874157276121538));
#12785=DIRECTION('ref_axis',(0.618122537769101,0.707106781186548,0.343401409871721));
#12786=DIRECTION('',(-0.48564293117863,0.,0.874157276121539));
#12787=DIRECTION('',(0.48564293117863,0.,-0.874157276121539));
#12788=DIRECTION('center_axis',(0.,1.,0.));
#12789=DIRECTION('ref_axis',(0.,0.,1.));
#12790=DIRECTION('',(-0.874157276121538,0.,-0.485642931178632));
#12791=DIRECTION('center_axis',(0.485642931178632,0.,-0.874157276121538));
#12792=DIRECTION('ref_axis',(-0.874157276121538,0.,-0.485642931178632));
#12793=DIRECTION('',(0.874157276121538,0.,0.485642931178632));
#12794=DIRECTION('',(0.,1.,0.));
#12795=DIRECTION('center_axis',(0.,1.,0.));
#12796=DIRECTION('ref_axis',(1.,0.,0.));
#12797=DIRECTION('center_axis',(0.,1.,0.));
#12798=DIRECTION('ref_axis',(1.,0.,0.));
#12799=DIRECTION('',(0.,-1.,0.));
#12800=DIRECTION('center_axis',(0.,-1.,0.));
#12801=DIRECTION('ref_axis',(1.,0.,0.));
#12802=DIRECTION('center_axis',(0.,1.,0.));
#12803=DIRECTION('ref_axis',(1.,0.,0.));
#12804=DIRECTION('center_axis',(0.,0.,1.));
#12805=DIRECTION('ref_axis',(1.,0.,0.));
#12806=DIRECTION('center_axis',(0.,0.,-1.));
#12807=DIRECTION('ref_axis',(1.,0.,0.));
#12808=DIRECTION('',(0.,0.,-1.));
#12809=DIRECTION('center_axis',(0.,0.,1.));
#12810=DIRECTION('ref_axis',(1.,0.,0.));
#12811=DIRECTION('center_axis',(0.,1.,0.));
#12812=DIRECTION('ref_axis',(1.,0.,0.));
#12813=DIRECTION('',(1.,0.,0.));
#12814=DIRECTION('center_axis',(0.,0.,1.));
#12815=DIRECTION('ref_axis',(1.,0.,0.));
#12816=DIRECTION('',(-1.,0.,0.));
#12817=DIRECTION('center_axis',(0.,1.,0.));
#12818=DIRECTION('ref_axis',(0.,0.,1.));
#12819=DIRECTION('center_axis',(0.,0.,1.));
#12820=DIRECTION('ref_axis',(1.,0.,0.));
#12821=DIRECTION('center_axis',(0.,0.,1.));
#12822=DIRECTION('ref_axis',(1.,0.,0.));
#12823=DIRECTION('axis',(0.,0.,1.));
#12824=DIRECTION('refdir',(1.,0.,0.));
#12825=DIRECTION('center_axis',(0.,-1.,0.));
#12826=DIRECTION('ref_axis',(0.,0.,-1.));
#12827=DIRECTION('',(1.,0.,0.));
#12828=DIRECTION('',(0.,0.,1.));
#12829=DIRECTION('',(-1.,0.,0.));
#12830=DIRECTION('',(0.,0.,-1.));
#12831=DIRECTION('',(-1.,0.,0.));
#12832=DIRECTION('',(0.,0.,1.));
#12833=DIRECTION('',(1.,0.,0.));
#12834=DIRECTION('',(0.,0.,-1.));
#12835=DIRECTION('center_axis',(1.,0.,0.));
#12836=DIRECTION('ref_axis',(0.,0.,-1.));
#12837=DIRECTION('',(0.,-1.,0.));
#12838=DIRECTION('',(0.,0.,-1.));
#12839=DIRECTION('',(0.,1.,0.));
#12840=DIRECTION('center_axis',(0.,0.,-1.));
#12841=DIRECTION('ref_axis',(-1.,0.,0.));
#12842=DIRECTION('',(-1.,0.,0.));
#12843=DIRECTION('',(0.,1.,0.));
#12844=DIRECTION('center_axis',(-1.,0.,0.));
#12845=DIRECTION('ref_axis',(0.,0.,1.));
#12846=DIRECTION('',(0.,0.,1.));
#12847=DIRECTION('',(0.,1.,0.));
#12848=DIRECTION('center_axis',(0.,0.,1.));
#12849=DIRECTION('ref_axis',(1.,0.,0.));
#12850=DIRECTION('',(1.,0.,0.));
#12851=DIRECTION('center_axis',(1.,0.,0.));
#12852=DIRECTION('ref_axis',(0.,0.,-1.));
#12853=DIRECTION('',(0.,-1.,0.));
#12854=DIRECTION('',(0.,0.,-1.));
#12855=DIRECTION('',(0.,1.,0.));
#12856=DIRECTION('center_axis',(0.,0.,1.));
#12857=DIRECTION('ref_axis',(1.,0.,0.));
#12858=DIRECTION('',(1.,0.,0.));
#12859=DIRECTION('',(0.,1.,0.));
#12860=DIRECTION('center_axis',(-1.,0.,0.));
#12861=DIRECTION('ref_axis',(0.,0.,1.));
#12862=DIRECTION('',(0.,0.,1.));
#12863=DIRECTION('',(0.,1.,0.));
#12864=DIRECTION('center_axis',(0.,0.,-1.));
#12865=DIRECTION('ref_axis',(-1.,0.,0.));
#12866=DIRECTION('',(-1.,0.,0.));
#12867=DIRECTION('center_axis',(0.,1.,0.));
#12868=DIRECTION('ref_axis',(0.,0.,1.));
#12869=DIRECTION('axis',(0.,0.,1.));
#12870=DIRECTION('refdir',(1.,0.,0.));
#12871=DIRECTION('center_axis',(0.,0.,-1.));
#12872=DIRECTION('ref_axis',(-1.,0.,0.));
#12873=DIRECTION('center_axis',(0.,0.,-1.));
#12874=DIRECTION('ref_axis',(-1.,0.,0.));
#12875=DIRECTION('',(0.,0.,1.));
#12876=DIRECTION('center_axis',(0.,0.,1.));
#12877=DIRECTION('ref_axis',(-1.,0.,0.));
#12878=DIRECTION('center_axis',(0.,0.,-1.));
#12879=DIRECTION('ref_axis',(-1.,0.,0.));
#12880=DIRECTION('center_axis',(0.,0.,-1.));
#12881=DIRECTION('ref_axis',(-1.,0.,0.));
#12882=DIRECTION('',(0.,0.,1.));
#12883=DIRECTION('center_axis',(0.,0.,1.));
#12884=DIRECTION('ref_axis',(-1.,0.,0.));
#12885=DIRECTION('center_axis',(0.,0.,1.));
#12886=DIRECTION('ref_axis',(-1.,0.,0.));
#12887=DIRECTION('',(1.,0.,0.));
#12888=DIRECTION('',(0.,-1.,0.));
#12889=DIRECTION('',(-1.,0.,0.));
#12890=DIRECTION('',(0.,-1.,0.));
#12891=DIRECTION('center_axis',(0.,0.,-1.));
#12892=DIRECTION('ref_axis',(1.,0.,0.));
#12893=DIRECTION('',(1.,0.,0.));
#12894=DIRECTION('',(0.,-1.,0.));
#12895=DIRECTION('',(1.,0.,0.));
#12896=DIRECTION('',(0.,-1.,0.));
#12897=DIRECTION('center_axis',(0.,1.,0.));
#12898=DIRECTION('ref_axis',(0.,0.,1.));
#12899=DIRECTION('',(0.,0.,1.));
#12900=DIRECTION('',(0.,0.,-1.));
#12901=DIRECTION('center_axis',(0.,0.,-1.));
#12902=DIRECTION('ref_axis',(1.,0.,0.));
#12903=DIRECTION('',(-1.,0.,0.));
#12904=DIRECTION('',(0.,-1.,0.));
#12905=DIRECTION('',(1.,0.,0.));
#12906=DIRECTION('',(0.,-1.,0.));
#12907=DIRECTION('center_axis',(0.,0.,1.));
#12908=DIRECTION('ref_axis',(-1.,0.,0.));
#12909=DIRECTION('',(1.,0.,0.));
#12910=DIRECTION('',(0.,-1.,0.));
#12911=DIRECTION('',(-1.,0.,0.));
#12912=DIRECTION('',(0.,-1.,0.));
#12913=DIRECTION('center_axis',(0.,1.,0.));
#12914=DIRECTION('ref_axis',(0.,0.,1.));
#12915=DIRECTION('',(0.,0.,1.));
#12916=DIRECTION('',(0.,0.,-1.));
#12917=DIRECTION('center_axis',(-1.,0.,0.));
#12918=DIRECTION('ref_axis',(0.,0.,-1.));
#12919=DIRECTION('',(0.,0.,-1.));
#12920=DIRECTION('',(0.,0.,-1.));
#12921=DIRECTION('center_axis',(1.,0.,0.));
#12922=DIRECTION('ref_axis',(0.,0.,1.));
#12923=DIRECTION('',(0.,0.,-1.));
#12924=DIRECTION('',(0.,0.,1.));
#12925=DIRECTION('center_axis',(0.,1.,0.));
#12926=DIRECTION('ref_axis',(0.,0.,1.));
#12927=DIRECTION('center_axis',(0.,1.,0.));
#12928=DIRECTION('ref_axis',(1.,0.,0.));
#12929=DIRECTION('axis',(0.,0.,1.));
#12930=DIRECTION('refdir',(1.,0.,0.));
#12931=DIRECTION('center_axis',(0.,0.,-1.));
#12932=DIRECTION('ref_axis',(-1.,0.,0.));
#12933=DIRECTION('center_axis',(0.,0.,-1.));
#12934=DIRECTION('ref_axis',(-1.,0.,0.));
#12935=DIRECTION('',(0.,0.,1.));
#12936=DIRECTION('center_axis',(0.,0.,1.));
#12937=DIRECTION('ref_axis',(-1.,0.,0.));
#12938=DIRECTION('center_axis',(0.,0.,1.));
#12939=DIRECTION('ref_axis',(-1.,0.,0.));
#12940=DIRECTION('center_axis',(0.866025403784438,0.500000000000001,0.));
#12941=DIRECTION('ref_axis',(-0.500000000000001,0.866025403784438,0.));
#12942=DIRECTION('',(-0.500000000000001,0.866025403784438,0.));
#12943=DIRECTION('',(0.,0.,1.));
#12944=DIRECTION('',(-0.500000000000001,0.866025403784438,0.));
#12945=DIRECTION('',(0.,0.,1.));
#12946=DIRECTION('center_axis',(0.866025403784438,-0.500000000000001,0.));
#12947=DIRECTION('ref_axis',(0.500000000000001,0.866025403784438,0.));
#12948=DIRECTION('',(0.500000000000001,0.866025403784438,0.));
#12949=DIRECTION('',(0.500000000000001,0.866025403784438,0.));
#12950=DIRECTION('',(0.,0.,1.));
#12951=DIRECTION('center_axis',(0.,-1.,0.));
#12952=DIRECTION('ref_axis',(1.,0.,0.));
#12953=DIRECTION('',(1.,0.,0.));
#12954=DIRECTION('',(1.,0.,0.));
#12955=DIRECTION('',(0.,0.,1.));
#12956=DIRECTION('center_axis',(-0.866025403784438,-0.500000000000001,0.));
#12957=DIRECTION('ref_axis',(0.500000000000001,-0.866025403784438,0.));
#12958=DIRECTION('',(0.500000000000001,-0.866025403784438,0.));
#12959=DIRECTION('',(0.500000000000001,-0.866025403784438,0.));
#12960=DIRECTION('',(0.,0.,1.));
#12961=DIRECTION('center_axis',(-0.866025403784438,0.500000000000001,0.));
#12962=DIRECTION('ref_axis',(-0.500000000000001,-0.866025403784438,0.));
#12963=DIRECTION('',(-0.500000000000001,-0.866025403784438,0.));
#12964=DIRECTION('',(-0.500000000000001,-0.866025403784438,0.));
#12965=DIRECTION('',(0.,0.,1.));
#12966=DIRECTION('center_axis',(0.,1.,0.));
#12967=DIRECTION('ref_axis',(-1.,0.,0.));
#12968=DIRECTION('',(-1.,0.,0.));
#12969=DIRECTION('',(-1.,0.,0.));
#12970=DIRECTION('center_axis',(0.,0.,1.));
#12971=DIRECTION('ref_axis',(1.,0.,0.));
#12972=DIRECTION('center_axis',(0.,0.,1.));
#12973=DIRECTION('ref_axis',(-1.,0.,0.));
#12974=DIRECTION('axis',(0.,0.,1.));
#12975=DIRECTION('refdir',(1.,0.,0.));
#12976=DIRECTION('center_axis',(0.874157276121531,0.,-0.485642931178645));
#12977=DIRECTION('ref_axis',(-0.485642931178645,0.,-0.874157276121531));
#12978=DIRECTION('center_axis',(0.874157276121531,0.,-0.485642931178645));
#12979=DIRECTION('ref_axis',(0.485642931178645,0.,0.874157276121531));
#12980=DIRECTION('',(0.485642931178645,0.,0.874157276121531));
#12981=DIRECTION('',(0.,1.,0.));
#12982=DIRECTION('center_axis',(0.874157276121531,0.,-0.485642931178645));
#12983=DIRECTION('ref_axis',(-0.485642931178645,0.,-0.874157276121531));
#12984=DIRECTION('center_axis',(0.874157276121531,0.,-0.485642931178645));
#12985=DIRECTION('ref_axis',(0.485642931178645,0.,0.874157276121531));
#12986=DIRECTION('',(0.,-1.,0.));
#12987=DIRECTION('',(0.485642931178645,0.,0.874157276121531));
#12988=DIRECTION('center_axis',(0.485642931178645,0.,0.874157276121531));
#12989=DIRECTION('ref_axis',(0.,1.,0.));
#12990=DIRECTION('center_axis',(0.485642931178645,0.,0.874157276121531));
#12991=DIRECTION('ref_axis',(0.874157276121531,0.,-0.485642931178645));
#12992=DIRECTION('',(-0.874157276121531,0.,0.485642931178644));
#12993=DIRECTION('center_axis',(0.,0.,1.));
#12994=DIRECTION('ref_axis',(1.,0.,0.));
#12995=DIRECTION('center_axis',(0.,0.,1.));
#12996=DIRECTION('ref_axis',(1.,0.,0.));
#12997=DIRECTION('',(0.,0.,1.));
#12998=DIRECTION('center_axis',(0.,0.,-1.));
#12999=DIRECTION('ref_axis',(1.,0.,0.));
#13000=DIRECTION('center_axis',(-0.485642931178645,0.,-0.874157276121531));
#13001=DIRECTION('ref_axis',(0.874157276121531,0.,-0.485642931178645));
#13002=DIRECTION('center_axis',(0.485642931178645,0.,0.874157276121531));
#13003=DIRECTION('ref_axis',(0.874157276121531,0.,-0.485642931178645));
#13004=DIRECTION('',(0.,0.,1.));
#13005=DIRECTION('center_axis',(0.,0.,1.));
#13006=DIRECTION('ref_axis',(1.,0.,0.));
#13007=DIRECTION('',(0.,0.,-1.));
#13008=DIRECTION('center_axis',(-0.485642931178631,0.,-0.874157276121538));
#13009=DIRECTION('ref_axis',(0.,-1.,0.));
#13010=DIRECTION('center_axis',(-0.48564293117863,0.,-0.874157276121539));
#13011=DIRECTION('ref_axis',(0.,-1.,0.));
#13012=DIRECTION('',(0.485642931178631,0.,0.874157276121538));
#13013=DIRECTION('center_axis',(0.485642931178632,0.,0.874157276121538));
#13014=DIRECTION('ref_axis',(0.,-1.,0.));
#13015=DIRECTION('center_axis',(0.48564293117863,0.,0.874157276121539));
#13016=DIRECTION('ref_axis',(0.874157276121539,0.,-0.48564293117863));
#13017=DIRECTION('center_axis',(-0.48564293117863,0.,-0.874157276121539));
#13018=DIRECTION('ref_axis',(0.618122537769101,-0.707106781186548,-0.343401409871721));
#13019=DIRECTION('',(-0.874157276121539,0.,0.48564293117863));
#13020=DIRECTION('',(0.,-1.,0.));
#13021=DIRECTION('',(0.874157276121539,0.,-0.48564293117863));
#13022=DIRECTION('',(-0.874157276121531,0.,0.485642931178644));
#13023=DIRECTION('center_axis',(-0.48564293117863,0.,-0.874157276121539));
#13024=DIRECTION('ref_axis',(0.618122537769101,0.707106781186548,-0.343401409871721));
#13025=DIRECTION('center_axis',(0.485642931178632,0.,0.874157276121538));
#13026=DIRECTION('ref_axis',(0.618122537769101,0.707106781186548,-0.343401409871721));
#13027=DIRECTION('',(0.48564293117863,0.,0.874157276121539));
#13028=DIRECTION('',(-0.48564293117863,0.,-0.874157276121539));
#13029=DIRECTION('center_axis',(0.,-1.,0.));
#13030=DIRECTION('ref_axis',(0.,0.,-1.));
#13031=DIRECTION('',(-0.874157276121538,0.,0.485642931178632));
#13032=DIRECTION('center_axis',(-0.485642931178632,0.,-0.874157276121538));
#13033=DIRECTION('ref_axis',(-0.874157276121538,0.,0.485642931178632));
#13034=DIRECTION('',(0.,1.,0.));
#13035=DIRECTION('',(0.874157276121538,0.,-0.485642931178632));
#13036=DIRECTION('center_axis',(0.,-1.,0.));
#13037=DIRECTION('ref_axis',(1.,0.,0.));
#13038=DIRECTION('center_axis',(0.,-1.,0.));
#13039=DIRECTION('ref_axis',(1.,0.,0.));
#13040=DIRECTION('',(0.,-1.,0.));
#13041=DIRECTION('center_axis',(0.,1.,0.));
#13042=DIRECTION('ref_axis',(1.,0.,0.));
#13043=DIRECTION('center_axis',(0.,-1.,0.));
#13044=DIRECTION('ref_axis',(1.,0.,0.));
#13045=DIRECTION('center_axis',(0.,0.,1.));
#13046=DIRECTION('ref_axis',(1.,0.,0.));
#13047=DIRECTION('center_axis',(0.,0.,-1.));
#13048=DIRECTION('ref_axis',(1.,0.,0.));
#13049=DIRECTION('',(0.,0.,1.));
#13050=DIRECTION('center_axis',(0.,0.,1.));
#13051=DIRECTION('ref_axis',(1.,0.,0.));
#13052=DIRECTION('center_axis',(0.,-1.,0.));
#13053=DIRECTION('ref_axis',(1.,0.,0.));
#13054=DIRECTION('',(1.,0.,0.));
#13055=DIRECTION('center_axis',(0.,0.,1.));
#13056=DIRECTION('ref_axis',(1.,0.,0.));
#13057=DIRECTION('',(-1.,0.,0.));
#13058=DIRECTION('center_axis',(0.,-1.,0.));
#13059=DIRECTION('ref_axis',(0.,0.,-1.));
#13060=DIRECTION('center_axis',(0.,0.,1.));
#13061=DIRECTION('ref_axis',(1.,0.,0.));
#13062=DIRECTION('center_axis',(0.,0.,1.));
#13063=DIRECTION('ref_axis',(1.,0.,0.));
#13064=DIRECTION('axis',(0.,0.,1.));
#13065=DIRECTION('refdir',(1.,0.,0.));
#13066=DIRECTION('center_axis',(0.,0.,-1.));
#13067=DIRECTION('ref_axis',(-1.,0.,0.));
#13068=DIRECTION('center_axis',(0.,0.,-1.));
#13069=DIRECTION('ref_axis',(-1.,0.,0.));
#13070=DIRECTION('',(0.,0.,-1.));
#13071=DIRECTION('center_axis',(0.,0.,1.));
#13072=DIRECTION('ref_axis',(-1.,0.,0.));
#13073=DIRECTION('center_axis',(0.,0.,1.));
#13074=DIRECTION('ref_axis',(-1.,0.,0.));
#13075=DIRECTION('center_axis',(-0.866025403784438,-0.500000000000001,0.));
#13076=DIRECTION('ref_axis',(-0.500000000000001,0.866025403784438,0.));
#13077=DIRECTION('',(-0.500000000000001,0.866025403784438,0.));
#13078=DIRECTION('',(0.,0.,-1.));
#13079=DIRECTION('',(-0.500000000000001,0.866025403784438,0.));
#13080=DIRECTION('',(0.,0.,-1.));
#13081=DIRECTION('center_axis',(-0.866025403784438,0.500000000000001,0.));
#13082=DIRECTION('ref_axis',(0.500000000000001,0.866025403784438,0.));
#13083=DIRECTION('',(0.500000000000001,0.866025403784438,0.));
#13084=DIRECTION('',(0.,0.,-1.));
#13085=DIRECTION('',(0.500000000000001,0.866025403784438,0.));
#13086=DIRECTION('center_axis',(0.,1.,0.));
#13087=DIRECTION('ref_axis',(1.,0.,0.));
#13088=DIRECTION('',(1.,0.,0.));
#13089=DIRECTION('',(0.,0.,-1.));
#13090=DIRECTION('',(1.,0.,0.));
#13091=DIRECTION('center_axis',(0.866025403784438,0.500000000000001,0.));
#13092=DIRECTION('ref_axis',(0.500000000000001,-0.866025403784438,0.));
#13093=DIRECTION('',(0.500000000000001,-0.866025403784438,0.));
#13094=DIRECTION('',(0.,0.,-1.));
#13095=DIRECTION('',(0.500000000000001,-0.866025403784438,0.));
#13096=DIRECTION('center_axis',(0.866025403784438,-0.500000000000001,0.));
#13097=DIRECTION('ref_axis',(-0.500000000000001,-0.866025403784438,0.));
#13098=DIRECTION('',(-0.500000000000001,-0.866025403784438,0.));
#13099=DIRECTION('',(0.,0.,-1.));
#13100=DIRECTION('',(-0.500000000000001,-0.866025403784438,0.));
#13101=DIRECTION('center_axis',(0.,-1.,0.));
#13102=DIRECTION('ref_axis',(-1.,0.,0.));
#13103=DIRECTION('',(-1.,0.,0.));
#13104=DIRECTION('',(-1.,0.,0.));
#13105=DIRECTION('center_axis',(0.,0.,1.));
#13106=DIRECTION('ref_axis',(1.,0.,0.));
#13107=DIRECTION('center_axis',(0.,0.,1.));
#13108=DIRECTION('ref_axis',(-1.,0.,0.));
#13109=DIRECTION('axis',(0.,0.,1.));
#13110=DIRECTION('refdir',(1.,0.,0.));
#13111=DIRECTION('center_axis',(0.,-1.,0.));
#13112=DIRECTION('ref_axis',(-1.,0.,0.));
#13113=DIRECTION('center_axis',(0.,-1.,0.));
#13114=DIRECTION('ref_axis',(-1.,0.,0.));
#13115=DIRECTION('',(0.,-1.,0.));
#13116=DIRECTION('center_axis',(0.,-1.,0.));
#13117=DIRECTION('ref_axis',(-1.,0.,0.));
#13118=DIRECTION('center_axis',(0.,1.,0.));
#13119=DIRECTION('ref_axis',(-1.,0.,0.));
#13120=DIRECTION('center_axis',(0.,1.,0.));
#13121=DIRECTION('ref_axis',(-1.,0.,0.));
#13122=DIRECTION('',(0.,-1.,0.));
#13123=DIRECTION('center_axis',(0.,1.,0.));
#13124=DIRECTION('ref_axis',(-1.,0.,0.));
#13125=DIRECTION('center_axis',(0.,1.,0.));
#13126=DIRECTION('ref_axis',(-1.,0.,0.));
#13127=DIRECTION('center_axis',(0.,1.,0.));
#13128=DIRECTION('ref_axis',(-1.,0.,0.));
#13129=DIRECTION('center_axis',(0.,-1.,0.));
#13130=DIRECTION('ref_axis',(-1.,0.,0.));
#13131=DIRECTION('center_axis',(0.,1.,0.));
#13132=DIRECTION('ref_axis',(-1.,0.,0.));
#13133=DIRECTION('center_axis',(0.,1.,0.));
#13134=DIRECTION('ref_axis',(-1.,0.,0.));
#13135=DIRECTION('',(0.,-1.,0.));
#13136=DIRECTION('center_axis',(0.,-1.,0.));
#13137=DIRECTION('ref_axis',(-1.,0.,0.));
#13138=DIRECTION('center_axis',(0.,1.,0.));
#13139=DIRECTION('ref_axis',(-1.,0.,0.));
#13140=DIRECTION('center_axis',(0.,-1.,0.));
#13141=DIRECTION('ref_axis',(-1.,0.,0.));
#13142=DIRECTION('',(0.,-1.,0.));
#13143=DIRECTION('center_axis',(0.,-1.,0.));
#13144=DIRECTION('ref_axis',(-1.,0.,0.));
#13145=DIRECTION('center_axis',(0.,1.,0.));
#13146=DIRECTION('ref_axis',(-1.,0.,0.));
#13147=DIRECTION('center_axis',(0.,1.,0.));
#13148=DIRECTION('ref_axis',(-1.,0.,0.));
#13149=DIRECTION('center_axis',(0.,1.,0.));
#13150=DIRECTION('ref_axis',(-1.,0.,0.));
#13151=DIRECTION('center_axis',(0.,1.,0.));
#13152=DIRECTION('ref_axis',(-1.,0.,0.));
#13153=DIRECTION('',(0.,-1.,0.));
#13154=DIRECTION('center_axis',(0.,1.,0.));
#13155=DIRECTION('ref_axis',(-1.,0.,0.));
#13156=DIRECTION('center_axis',(0.,1.,0.));
#13157=DIRECTION('ref_axis',(-1.,0.,0.));
#13158=DIRECTION('axis',(0.,0.,1.));
#13159=DIRECTION('refdir',(1.,0.,0.));
#13160=DIRECTION('center_axis',(-1.05165876007618E-13,-1.,8.47409175528156E-32));
#13161=DIRECTION('ref_axis',(1.,-1.05165876007618E-13,1.38777878078145E-17));
#13162=DIRECTION('',(0.874157276121539,-9.19315157117548E-14,-0.48564293117863));
#13163=DIRECTION('',(-0.48564293117861,5.10730642843059E-14,-0.87415727612155));
#13164=DIRECTION('',(-0.874157276121539,9.19315157117548E-14,0.48564293117863));
#13165=DIRECTION('center_axis',(1.05165876007618E-13,1.,-8.47409175528156E-32));
#13166=DIRECTION('ref_axis',(1.,-1.05165876007618E-13,1.38777878078145E-17));
#13167=DIRECTION('center_axis',(-1.05165876007618E-13,-1.,8.47409175528156E-32));
#13168=DIRECTION('ref_axis',(1.,-1.05165876007618E-13,1.38777878078145E-17));
#13169=DIRECTION('',(0.874157276121539,-9.19315157117548E-14,-0.48564293117863));
#13170=DIRECTION('center_axis',(1.05165876007618E-13,1.,-8.47409175528156E-32));
#13171=DIRECTION('ref_axis',(1.,-1.05165876007618E-13,1.38777878078145E-17));
#13172=DIRECTION('',(-0.874157276121539,9.19315157117548E-14,0.48564293117863));
#13173=DIRECTION('',(0.485642931178651,-5.10730642843102E-14,0.874157276121527));
#13174=DIRECTION('center_axis',(0.793745159023243,0.418944499519361,-0.440969532790689));
#13175=DIRECTION('ref_axis',(-0.366223382545948,0.908011842611357,0.203457434747743));
#13176=DIRECTION('',(-0.366223382545948,0.908011842611357,0.203457434747743));
#13177=DIRECTION('',(0.485642931178631,0.,0.874157276121539));
#13178=DIRECTION('',(0.366223382545948,-0.908011842611357,-0.203457434747743));
#13179=DIRECTION('center_axis',(0.48564293117863,4.77167188087752E-15,0.874157276121539));
#13180=DIRECTION('ref_axis',(-9.8254737679326E-15,1.,-6.3633182217875E-47));
#13181=DIRECTION('',(1.03351670656014E-13,1.,0.));
#13182=DIRECTION('',(-0.874157276121539,-8.58900938557959E-15,0.48564293117863));
#13183=DIRECTION('',(-1.03351670656014E-13,-1.,0.));
#13184=DIRECTION('',(-0.366223382545932,-0.908011842611364,0.203457434747744));
#13185=DIRECTION('center_axis',(0.48564293117863,4.77167188087752E-15,0.874157276121539));
#13186=DIRECTION('ref_axis',(-9.8254737679326E-15,1.,-6.3633182217875E-47));
#13187=DIRECTION('center_axis',(-0.48564293117863,-4.77167188087752E-15,
-0.874157276121539));
#13188=DIRECTION('ref_axis',(-9.8254737679326E-15,1.,-6.3633182217875E-47));
#13189=DIRECTION('center_axis',(0.,1.,0.));
#13190=DIRECTION('ref_axis',(-1.,0.,0.));
#13191=DIRECTION('',(-0.874157276121539,-8.58900938557959E-15,0.48564293117863));
#13192=DIRECTION('center_axis',(0.,1.,0.));
#13193=DIRECTION('ref_axis',(-1.,0.,0.));
#13194=DIRECTION('center_axis',(0.,1.,0.));
#13195=DIRECTION('ref_axis',(-1.,0.,0.));
#13196=DIRECTION('center_axis',(0.,1.,0.));
#13197=DIRECTION('ref_axis',(-1.,0.,0.));
#13198=DIRECTION('center_axis',(0.,1.,0.));
#13199=DIRECTION('ref_axis',(-1.,0.,0.));
#13200=DIRECTION('center_axis',(0.,1.,0.));
#13201=DIRECTION('ref_axis',(-1.,0.,0.));
#13202=DIRECTION('center_axis',(0.,1.,0.));
#13203=DIRECTION('ref_axis',(-1.,0.,0.));
#13204=DIRECTION('',(0.,-1.,0.));
#13205=DIRECTION('',(-1.03351670656014E-13,-1.,0.));
#13206=DIRECTION('',(1.03351670656014E-13,1.,0.));
#13207=DIRECTION('center_axis',(0.,1.,0.));
#13208=DIRECTION('ref_axis',(-1.,0.,0.));
#13209=DIRECTION('center_axis',(0.485642931178631,0.,0.874157276121538));
#13210=DIRECTION('ref_axis',(-7.50814504908058E-15,1.,4.17119169393364E-15));
#13211=DIRECTION('',(-0.485642931178631,0.,-0.874157276121538));
#13212=DIRECTION('center_axis',(-0.48564293117863,-4.77167188087752E-15,
-0.874157276121539));
#13213=DIRECTION('ref_axis',(-9.8254737679326E-15,1.,-6.3633182217875E-47));
#13214=DIRECTION('center_axis',(0.485642931178631,0.,0.874157276121538));
#13215=DIRECTION('ref_axis',(-1.62793409982221E-14,-1.,9.04407833234558E-15));
#13216=DIRECTION('center_axis',(0.48564293117863,4.77167188087752E-15,0.874157276121539));
#13217=DIRECTION('ref_axis',(-9.8254737679326E-15,1.,-6.3633182217875E-47));
#13218=DIRECTION('',(0.485642931178631,0.,0.874157276121539));
#13219=DIRECTION('center_axis',(-0.793745159023249,0.418944499519347,0.440969532790692));
#13220=DIRECTION('ref_axis',(-0.366223382545932,-0.908011842611364,0.203457434747744));
#13221=DIRECTION('',(-0.366223382545932,-0.908011842611364,0.203457434747744));
#13222=DIRECTION('center_axis',(0.48564293117863,4.77167188087752E-15,0.874157276121539));
#13223=DIRECTION('ref_axis',(-9.8254737679326E-15,1.,-6.3633182217875E-47));
#13224=DIRECTION('axis',(0.,0.,1.));
#13225=DIRECTION('refdir',(1.,0.,0.));
#13226=DIRECTION('center_axis',(1.05165876007618E-13,1.,8.47409175528156E-32));
#13227=DIRECTION('ref_axis',(1.,-1.05165876007618E-13,-1.38777878078145E-17));
#13228=DIRECTION('',(0.874157276121539,-9.19315157117548E-14,0.48564293117863));
#13229=DIRECTION('center_axis',(-1.05165876007618E-13,-1.,-8.47409175528156E-32));
#13230=DIRECTION('ref_axis',(1.,-1.05165876007618E-13,-1.38777878078145E-17));
#13231=DIRECTION('',(-0.874157276121539,9.19315157117548E-14,-0.48564293117863));
#13232=DIRECTION('',(-0.48564293117861,5.10730642843059E-14,0.87415727612155));
#13233=DIRECTION('center_axis',(1.05165876007618E-13,1.,8.47409175528156E-32));
#13234=DIRECTION('ref_axis',(1.,-1.05165876007618E-13,-1.38777878078145E-17));
#13235=DIRECTION('',(0.874157276121539,-9.19315157117548E-14,0.48564293117863));
#13236=DIRECTION('',(0.485642931178651,-5.10730642843102E-14,-0.874157276121527));
#13237=DIRECTION('',(-0.874157276121539,9.19315157117548E-14,-0.48564293117863));
#13238=DIRECTION('center_axis',(-1.05165876007618E-13,-1.,-8.47409175528156E-32));
#13239=DIRECTION('ref_axis',(1.,-1.05165876007618E-13,-1.38777878078145E-17));
#13240=DIRECTION('center_axis',(-0.793745159023243,-0.418944499519361,-0.440969532790689));
#13241=DIRECTION('ref_axis',(-0.366223382545948,0.908011842611357,-0.203457434747743));
#13242=DIRECTION('',(0.366223382545948,-0.908011842611357,0.203457434747743));
#13243=DIRECTION('',(0.485642931178631,0.,-0.874157276121539));
#13244=DIRECTION('',(-0.366223382545948,0.908011842611357,-0.203457434747743));
#13245=DIRECTION('center_axis',(-0.48564293117863,-4.77167188087752E-15,
0.874157276121539));
#13246=DIRECTION('ref_axis',(-9.8254737679326E-15,1.,6.3633182217875E-47));
#13247=DIRECTION('center_axis',(-0.48564293117863,-4.77167188087752E-15,
0.874157276121539));
#13248=DIRECTION('ref_axis',(-9.8254737679326E-15,1.,6.3633182217875E-47));
#13249=DIRECTION('',(-0.366223382545932,-0.908011842611364,-0.203457434747744));
#13250=DIRECTION('',(-1.03351670656014E-13,-1.,0.));
#13251=DIRECTION('',(-0.874157276121539,-8.58900938557959E-15,-0.48564293117863));
#13252=DIRECTION('',(1.03351670656014E-13,1.,0.));
#13253=DIRECTION('center_axis',(0.48564293117863,4.77167188087752E-15,-0.874157276121539));
#13254=DIRECTION('ref_axis',(-9.8254737679326E-15,1.,6.3633182217875E-47));
#13255=DIRECTION('center_axis',(0.,-1.,0.));
#13256=DIRECTION('ref_axis',(-1.,0.,0.));
#13257=DIRECTION('',(-0.874157276121539,-8.58900938557959E-15,-0.48564293117863));
#13258=DIRECTION('center_axis',(0.,-1.,0.));
#13259=DIRECTION('ref_axis',(-1.,0.,0.));
#13260=DIRECTION('center_axis',(0.,-1.,0.));
#13261=DIRECTION('ref_axis',(-1.,0.,0.));
#13262=DIRECTION('center_axis',(0.,-1.,0.));
#13263=DIRECTION('ref_axis',(-1.,0.,0.));
#13264=DIRECTION('center_axis',(0.,-1.,0.));
#13265=DIRECTION('ref_axis',(-1.,0.,0.));
#13266=DIRECTION('center_axis',(0.,-1.,0.));
#13267=DIRECTION('ref_axis',(-1.,0.,0.));
#13268=DIRECTION('center_axis',(0.,-1.,0.));
#13269=DIRECTION('ref_axis',(-1.,0.,0.));
#13270=DIRECTION('',(0.,-1.,0.));
#13271=DIRECTION('',(1.03351670656014E-13,1.,0.));
#13272=DIRECTION('',(-1.03351670656014E-13,-1.,0.));
#13273=DIRECTION('center_axis',(0.,-1.,0.));
#13274=DIRECTION('ref_axis',(-1.,0.,0.));
#13275=DIRECTION('center_axis',(-0.485642931178631,0.,0.874157276121538));
#13276=DIRECTION('ref_axis',(-7.50814504908058E-15,1.,-4.17119169393364E-15));
#13277=DIRECTION('',(-0.485642931178631,0.,0.874157276121538));
#13278=DIRECTION('center_axis',(0.48564293117863,4.77167188087752E-15,-0.874157276121539));
#13279=DIRECTION('ref_axis',(-9.8254737679326E-15,1.,6.3633182217875E-47));
#13280=DIRECTION('center_axis',(-0.485642931178631,0.,0.874157276121538));
#13281=DIRECTION('ref_axis',(-1.62793409982221E-14,-1.,-9.04407833234558E-15));
#13282=DIRECTION('center_axis',(-0.48564293117863,-4.77167188087752E-15,
0.874157276121539));
#13283=DIRECTION('ref_axis',(-9.8254737679326E-15,1.,6.3633182217875E-47));
#13284=DIRECTION('',(0.485642931178631,0.,-0.874157276121539));
#13285=DIRECTION('center_axis',(0.793745159023249,-0.418944499519347,0.440969532790692));
#13286=DIRECTION('ref_axis',(-0.366223382545932,-0.908011842611364,-0.203457434747744));
#13287=DIRECTION('',(-0.366223382545932,-0.908011842611364,-0.203457434747744));
#13288=DIRECTION('center_axis',(-0.48564293117863,-4.77167188087752E-15,
0.874157276121539));
#13289=DIRECTION('ref_axis',(-9.8254737679326E-15,1.,6.3633182217875E-47));
#13290=DIRECTION('axis',(0.,0.,1.));
#13291=DIRECTION('refdir',(1.,0.,0.));
#13292=DIRECTION('center_axis',(0.,1.,0.));
#13293=DIRECTION('ref_axis',(-1.,0.,0.));
#13294=DIRECTION('center_axis',(0.,1.,0.));
#13295=DIRECTION('ref_axis',(-1.,0.,0.));
#13296=DIRECTION('',(0.,-1.,0.));
#13297=DIRECTION('center_axis',(0.,1.,0.));
#13298=DIRECTION('ref_axis',(-1.,0.,0.));
#13299=DIRECTION('center_axis',(0.,-1.,0.));
#13300=DIRECTION('ref_axis',(-1.,0.,0.));
#13301=DIRECTION('center_axis',(0.,-1.,0.));
#13302=DIRECTION('ref_axis',(-1.,0.,0.));
#13303=DIRECTION('',(0.,-1.,0.));
#13304=DIRECTION('center_axis',(0.,-1.,0.));
#13305=DIRECTION('ref_axis',(-1.,0.,0.));
#13306=DIRECTION('center_axis',(0.,-1.,0.));
#13307=DIRECTION('ref_axis',(-1.,0.,0.));
#13308=DIRECTION('center_axis',(0.,-1.,0.));
#13309=DIRECTION('ref_axis',(-1.,0.,0.));
#13310=DIRECTION('center_axis',(0.,1.,0.));
#13311=DIRECTION('ref_axis',(-1.,0.,0.));
#13312=DIRECTION('center_axis',(0.,-1.,0.));
#13313=DIRECTION('ref_axis',(-1.,0.,0.));
#13314=DIRECTION('center_axis',(0.,-1.,0.));
#13315=DIRECTION('ref_axis',(-1.,0.,0.));
#13316=DIRECTION('',(0.,-1.,0.));
#13317=DIRECTION('center_axis',(0.,1.,0.));
#13318=DIRECTION('ref_axis',(-1.,0.,0.));
#13319=DIRECTION('center_axis',(0.,-1.,0.));
#13320=DIRECTION('ref_axis',(-1.,0.,0.));
#13321=DIRECTION('center_axis',(0.,1.,0.));
#13322=DIRECTION('ref_axis',(-1.,0.,0.));
#13323=DIRECTION('',(0.,-1.,0.));
#13324=DIRECTION('center_axis',(0.,1.,0.));
#13325=DIRECTION('ref_axis',(-1.,0.,0.));
#13326=DIRECTION('center_axis',(0.,-1.,0.));
#13327=DIRECTION('ref_axis',(-1.,0.,0.));
#13328=DIRECTION('center_axis',(0.,-1.,0.));
#13329=DIRECTION('ref_axis',(-1.,0.,0.));
#13330=DIRECTION('center_axis',(0.,-1.,0.));
#13331=DIRECTION('ref_axis',(-1.,0.,0.));
#13332=DIRECTION('center_axis',(0.,-1.,0.));
#13333=DIRECTION('ref_axis',(-1.,0.,0.));
#13334=DIRECTION('',(0.,-1.,0.));
#13335=DIRECTION('center_axis',(0.,-1.,0.));
#13336=DIRECTION('ref_axis',(-1.,0.,0.));
#13337=DIRECTION('center_axis',(0.,-1.,0.));
#13338=DIRECTION('ref_axis',(-1.,0.,0.));
#13339=DIRECTION('axis',(0.,0.,1.));
#13340=DIRECTION('refdir',(1.,0.,0.));
#13341=DIRECTION('center_axis',(1.,0.,0.));
#13342=DIRECTION('ref_axis',(0.,1.,0.));
#13343=DIRECTION('center_axis',(-1.,0.,0.));
#13344=DIRECTION('ref_axis',(0.,1.,0.));
#13345=DIRECTION('center_axis',(1.,0.,0.));
#13346=DIRECTION('ref_axis',(0.,1.,0.));
#13347=DIRECTION('center_axis',(-1.,0.,0.));
#13348=DIRECTION('ref_axis',(0.,-1.,0.));
#13349=DIRECTION('center_axis',(-1.,0.,0.));
#13350=DIRECTION('ref_axis',(0.,0.707106781186543,0.707106781186552));
#13351=DIRECTION('',(0.,0.,1.));
#13352=DIRECTION('center_axis',(-1.,0.,0.));
#13353=DIRECTION('ref_axis',(0.,1.,0.));
#13354=DIRECTION('',(0.,0.,1.));
#13355=DIRECTION('center_axis',(-1.,0.,0.));
#13356=DIRECTION('ref_axis',(0.,1.,-4.36908479812494E-14));
#13357=DIRECTION('center_axis',(1.,0.,0.));
#13358=DIRECTION('ref_axis',(0.,1.,-4.36908479812494E-14));
#13359=DIRECTION('center_axis',(1.,0.,0.));
#13360=DIRECTION('ref_axis',(0.,1.,-4.36908479812494E-14));
#13361=DIRECTION('',(1.,0.,-7.77182116642258E-9));
#13362=DIRECTION('center_axis',(1.,0.,0.));
#13363=DIRECTION('ref_axis',(0.,1.,-4.36908479812494E-14));
#13364=DIRECTION('center_axis',(-1.,0.,0.));
#13365=DIRECTION('ref_axis',(0.,-1.,0.));
#13366=DIRECTION('center_axis',(1.,0.,0.));
#13367=DIRECTION('ref_axis',(0.,-0.707106781186542,0.707106781186553));
#13368=DIRECTION('',(0.,0.,-1.));
#13369=DIRECTION('center_axis',(-1.,0.,0.));
#13370=DIRECTION('ref_axis',(0.,-1.,0.));
#13371=DIRECTION('',(0.,0.,1.));
#13372=DIRECTION('center_axis',(-1.,0.,0.));
#13373=DIRECTION('ref_axis',(0.,0.707106781186543,0.707106781186552));
#13374=DIRECTION('',(1.,0.,0.));
#13375=DIRECTION('',(-1.,0.,0.));
#13376=DIRECTION('center_axis',(-1.,0.,0.));
#13377=DIRECTION('ref_axis',(0.,-1.,0.));
#13378=DIRECTION('center_axis',(1.,0.,0.));
#13379=DIRECTION('ref_axis',(0.,1.,0.));
#13380=DIRECTION('center_axis',(0.,1.,0.));
#13381=DIRECTION('ref_axis',(0.,0.,-1.));
#13382=DIRECTION('',(-1.,0.,0.));
#13383=DIRECTION('center_axis',(0.,-1.,0.));
#13384=DIRECTION('ref_axis',(0.,0.,1.));
#13385=DIRECTION('',(-1.,0.,0.));
#13386=DIRECTION('center_axis',(1.,0.,0.));
#13387=DIRECTION('ref_axis',(0.,1.,0.));
#13388=DIRECTION('',(-1.,0.,0.));
#13389=DIRECTION('center_axis',(1.,0.,0.));
#13390=DIRECTION('ref_axis',(0.,1.,0.));
#13391=DIRECTION('',(-1.,0.,0.));
#13392=DIRECTION('axis',(0.,0.,1.));
#13393=DIRECTION('refdir',(1.,0.,0.));
#13394=DIRECTION('center_axis',(0.,1.,0.));
#13395=DIRECTION('ref_axis',(0.,0.,1.));
#13396=DIRECTION('',(-1.,0.,0.));
#13397=DIRECTION('',(0.,0.,1.));
#13398=DIRECTION('',(1.,0.,0.));
#13399=DIRECTION('',(0.,0.,-1.));
#13400=DIRECTION('',(0.,0.,1.));
#13401=DIRECTION('',(-1.,0.,0.));
#13402=DIRECTION('',(0.,0.,-1.));
#13403=DIRECTION('',(1.,0.,0.));
#13404=DIRECTION('center_axis',(0.,-1.,0.));
#13405=DIRECTION('ref_axis',(0.,0.,-1.));
#13406=DIRECTION('',(1.,0.,0.));
#13407=DIRECTION('',(0.,0.,1.));
#13408=DIRECTION('',(-1.,0.,0.));
#13409=DIRECTION('',(0.,0.,-1.));
#13410=DIRECTION('',(0.,0.,-1.));
#13411=DIRECTION('',(-1.,0.,0.));
#13412=DIRECTION('',(0.,0.,1.));
#13413=DIRECTION('',(1.,0.,0.));
#13414=DIRECTION('center_axis',(0.,0.,1.));
#13415=DIRECTION('ref_axis',(1.,0.,0.));
#13416=DIRECTION('',(0.,-1.,0.));
#13417=DIRECTION('',(0.,1.,0.));
#13418=DIRECTION('center_axis',(1.,0.,0.));
#13419=DIRECTION('ref_axis',(0.,0.,-1.));
#13420=DIRECTION('',(0.,1.,0.));
#13421=DIRECTION('center_axis',(0.,0.,-1.));
#13422=DIRECTION('ref_axis',(-1.,0.,0.));
#13423=DIRECTION('',(0.,1.,0.));
#13424=DIRECTION('center_axis',(-1.,0.,0.));
#13425=DIRECTION('ref_axis',(0.,0.,1.));
#13426=DIRECTION('center_axis',(1.,0.,0.));
#13427=DIRECTION('ref_axis',(0.,0.,-1.));
#13428=DIRECTION('',(0.,-1.,0.));
#13429=DIRECTION('',(0.,1.,0.));
#13430=DIRECTION('center_axis',(0.,0.,1.));
#13431=DIRECTION('ref_axis',(1.,0.,0.));
#13432=DIRECTION('',(0.,1.,0.));
#13433=DIRECTION('center_axis',(-1.,0.,0.));
#13434=DIRECTION('ref_axis',(0.,0.,1.));
#13435=DIRECTION('',(0.,1.,0.));
#13436=DIRECTION('center_axis',(0.,0.,-1.));
#13437=DIRECTION('ref_axis',(-1.,0.,0.));
#13438=DIRECTION('axis',(0.,0.,1.));
#13439=DIRECTION('refdir',(1.,0.,0.));
#13440=DIRECTION('center_axis',(0.,1.,0.));
#13441=DIRECTION('ref_axis',(0.,0.,1.));
#13442=DIRECTION('',(0.,0.,-1.));
#13443=DIRECTION('',(-1.,0.,0.));
#13444=DIRECTION('',(0.,0.,1.));
#13445=DIRECTION('',(1.,0.,0.));
#13446=DIRECTION('',(0.,0.,1.));
#13447=DIRECTION('',(-1.,0.,0.));
#13448=DIRECTION('',(0.,0.,-1.));
#13449=DIRECTION('',(1.,0.,0.));
#13450=DIRECTION('center_axis',(0.,-1.,0.));
#13451=DIRECTION('ref_axis',(0.,0.,-1.));
#13452=DIRECTION('',(0.,0.,1.));
#13453=DIRECTION('',(-1.,0.,0.));
#13454=DIRECTION('',(0.,0.,-1.));
#13455=DIRECTION('',(1.,0.,0.));
#13456=DIRECTION('',(0.,0.,-1.));
#13457=DIRECTION('',(-1.,0.,0.));
#13458=DIRECTION('',(0.,0.,1.));
#13459=DIRECTION('',(1.,0.,0.));
#13460=DIRECTION('center_axis',(0.,0.,-1.));
#13461=DIRECTION('ref_axis',(1.,0.,0.));
#13462=DIRECTION('',(0.,1.,0.));
#13463=DIRECTION('',(0.,-1.,0.));
#13464=DIRECTION('center_axis',(1.,0.,0.));
#13465=DIRECTION('ref_axis',(0.,0.,1.));
#13466=DIRECTION('',(0.,-1.,0.));
#13467=DIRECTION('center_axis',(0.,0.,1.));
#13468=DIRECTION('ref_axis',(-1.,0.,0.));
#13469=DIRECTION('',(0.,-1.,0.));
#13470=DIRECTION('center_axis',(-1.,0.,0.));
#13471=DIRECTION('ref_axis',(0.,0.,-1.));
#13472=DIRECTION('center_axis',(0.,0.,-1.));
#13473=DIRECTION('ref_axis',(1.,0.,0.));
#13474=DIRECTION('',(0.,1.,0.));
#13475=DIRECTION('',(0.,-1.,0.));
#13476=DIRECTION('center_axis',(-1.,0.,0.));
#13477=DIRECTION('ref_axis',(0.,0.,-1.));
#13478=DIRECTION('',(0.,-1.,0.));
#13479=DIRECTION('center_axis',(0.,0.,1.));
#13480=DIRECTION('ref_axis',(-1.,0.,0.));
#13481=DIRECTION('',(0.,-1.,0.));
#13482=DIRECTION('center_axis',(1.,0.,0.));
#13483=DIRECTION('ref_axis',(0.,0.,1.));
#13484=DIRECTION('axis',(0.,0.,1.));
#13485=DIRECTION('refdir',(1.,0.,0.));
#13486=DIRECTION('center_axis',(0.,-1.,0.));
#13487=DIRECTION('ref_axis',(0.,0.,-1.));
#13488=DIRECTION('',(1.,0.,0.));
#13489=DIRECTION('',(0.,0.,1.));
#13490=DIRECTION('',(-1.,0.,0.));
#13491=DIRECTION('',(0.,0.,-1.));
#13492=DIRECTION('',(0.,0.,1.));
#13493=DIRECTION('',(1.,0.,0.));
#13494=DIRECTION('',(0.,0.,-1.));
#13495=DIRECTION('',(-1.,0.,0.));
#13496=DIRECTION('center_axis',(0.,1.,0.));
#13497=DIRECTION('ref_axis',(0.,0.,1.));
#13498=DIRECTION('',(-1.,0.,0.));
#13499=DIRECTION('',(0.,0.,1.));
#13500=DIRECTION('',(1.,0.,0.));
#13501=DIRECTION('',(0.,0.,-1.));
#13502=DIRECTION('',(0.,0.,-1.));
#13503=DIRECTION('',(1.,0.,0.));
#13504=DIRECTION('',(0.,0.,1.));
#13505=DIRECTION('',(-1.,0.,0.));
#13506=DIRECTION('center_axis',(0.,0.,-1.));
#13507=DIRECTION('ref_axis',(-1.,0.,0.));
#13508=DIRECTION('',(0.,-1.,0.));
#13509=DIRECTION('',(0.,1.,0.));
#13510=DIRECTION('center_axis',(-1.,0.,0.));
#13511=DIRECTION('ref_axis',(0.,0.,1.));
#13512=DIRECTION('',(0.,1.,0.));
#13513=DIRECTION('center_axis',(0.,0.,1.));
#13514=DIRECTION('ref_axis',(1.,0.,0.));
#13515=DIRECTION('',(0.,1.,0.));
#13516=DIRECTION('center_axis',(1.,0.,0.));
#13517=DIRECTION('ref_axis',(0.,0.,-1.));
#13518=DIRECTION('center_axis',(1.,0.,0.));
#13519=DIRECTION('ref_axis',(0.,0.,-1.));
#13520=DIRECTION('',(0.,-1.,0.));
#13521=DIRECTION('',(0.,1.,0.));
#13522=DIRECTION('center_axis',(0.,0.,1.));
#13523=DIRECTION('ref_axis',(1.,0.,0.));
#13524=DIRECTION('',(0.,1.,0.));
#13525=DIRECTION('center_axis',(-1.,0.,0.));
#13526=DIRECTION('ref_axis',(0.,0.,1.));
#13527=DIRECTION('',(0.,1.,0.));
#13528=DIRECTION('center_axis',(0.,0.,-1.));
#13529=DIRECTION('ref_axis',(-1.,0.,0.));
#13530=DIRECTION('axis',(0.,0.,1.));
#13531=DIRECTION('refdir',(1.,0.,0.));
#13532=DIRECTION('center_axis',(0.,0.,1.));
#13533=DIRECTION('ref_axis',(1.,0.,0.));
#13534=DIRECTION('center_axis',(0.,0.,1.));
#13535=DIRECTION('ref_axis',(1.,0.,0.));
#13536=DIRECTION('center_axis',(0.,0.,-1.));
#13537=DIRECTION('ref_axis',(1.,0.,0.));
#13538=DIRECTION('center_axis',(0.,0.,1.));
#13539=DIRECTION('ref_axis',(1.,0.,0.));
#13540=DIRECTION('center_axis',(0.,0.,-1.));
#13541=DIRECTION('ref_axis',(1.,0.,0.));
#13542=DIRECTION('center_axis',(0.,-1.,0.));
#13543=DIRECTION('ref_axis',(-1.,0.,0.));
#13544=DIRECTION('center_axis',(0.,0.,1.));
#13545=DIRECTION('ref_axis',(1.,0.,0.));
#13546=DIRECTION('center_axis',(0.,0.,-1.));
#13547=DIRECTION('ref_axis',(1.,0.,0.));
#13548=DIRECTION('center_axis',(0.,0.,1.));
#13549=DIRECTION('ref_axis',(1.,0.,0.));
#13550=DIRECTION('',(0.,0.,-1.));
#13551=DIRECTION('axis',(0.,0.,1.));
#13552=DIRECTION('refdir',(1.,0.,0.));
#13553=DIRECTION('center_axis',(0.,0.,1.));
#13554=DIRECTION('ref_axis',(1.,0.,0.));
#13555=DIRECTION('center_axis',(0.,0.,1.));
#13556=DIRECTION('ref_axis',(1.,0.,0.));
#13557=DIRECTION('center_axis',(0.,0.,-1.));
#13558=DIRECTION('ref_axis',(1.,0.,0.));
#13559=DIRECTION('center_axis',(0.,0.,-1.));
#13560=DIRECTION('ref_axis',(1.,0.,0.));
#13561=DIRECTION('center_axis',(0.,0.,-1.));
#13562=DIRECTION('ref_axis',(1.,0.,0.));
#13563=DIRECTION('center_axis',(0.,1.,0.));
#13564=DIRECTION('ref_axis',(-1.,0.,0.));
#13565=DIRECTION('center_axis',(0.,0.,1.));
#13566=DIRECTION('ref_axis',(1.,0.,0.));
#13567=DIRECTION('center_axis',(0.,0.,-1.));
#13568=DIRECTION('ref_axis',(1.,0.,0.));
#13569=DIRECTION('center_axis',(0.,0.,1.));
#13570=DIRECTION('ref_axis',(1.,0.,0.));
#13571=DIRECTION('',(0.,0.,1.));
#13572=DIRECTION('axis',(0.,0.,1.));
#13573=DIRECTION('refdir',(1.,0.,0.));
#13574=DIRECTION('axis',(0.,0.,1.));
#13575=DIRECTION('refdir',(1.,0.,0.));
#13576=DIRECTION('axis',(0.,0.,1.));
#13577=DIRECTION('refdir',(1.,0.,0.));
#13578=DIRECTION('center_axis',(0.,0.,-1.));
#13579=DIRECTION('ref_axis',(-1.,0.,0.));
#13580=DIRECTION('center_axis',(0.,0.,1.));
#13581=DIRECTION('ref_axis',(1.,0.,0.));
#13582=DIRECTION('center_axis',(-2.21139315850767E-16,-1.,0.));
#13583=DIRECTION('ref_axis',(1.,-2.21139315850767E-16,0.));
#13584=DIRECTION('center_axis',(0.,0.,-1.));
#13585=DIRECTION('ref_axis',(1.,0.,0.));
#13586=DIRECTION('center_axis',(0.,0.,-1.));
#13587=DIRECTION('ref_axis',(1.,0.,0.));
#13588=DIRECTION('center_axis',(0.,0.,-1.));
#13589=DIRECTION('ref_axis',(1.,0.,0.));
#13590=DIRECTION('',(0.,0.,1.));
#13591=DIRECTION('center_axis',(0.,-3.15544362088405E-30,1.));
#13592=DIRECTION('ref_axis',(1.,2.05789801362003E-31,0.));
#13593=DIRECTION('center_axis',(0.,0.,1.));
#13594=DIRECTION('ref_axis',(1.,0.,0.));
#13595=DIRECTION('',(-0.987688340595138,0.156434465040231,0.));
#13596=DIRECTION('center_axis',(0.,0.,1.));
#13597=DIRECTION('ref_axis',(1.,0.,0.));
#13598=DIRECTION('',(0.951056516295153,-0.309016994374948,0.));
#13599=DIRECTION('center_axis',(0.,0.,-1.));
#13600=DIRECTION('ref_axis',(1.,0.,0.));
#13601=DIRECTION('center_axis',(0.,0.,-1.));
#13602=DIRECTION('ref_axis',(1.,0.,0.));
#13603=DIRECTION('',(-0.891006524188368,0.453990499739547,0.));
#13604=DIRECTION('center_axis',(0.,0.,1.));
#13605=DIRECTION('ref_axis',(1.,0.,0.));
#13606=DIRECTION('',(0.809016994374947,-0.587785252292473,0.));
#13607=DIRECTION('center_axis',(0.,0.,-1.));
#13608=DIRECTION('ref_axis',(1.,0.,0.));
#13609=DIRECTION('',(-0.707106781186547,0.707106781186548,0.));
#13610=DIRECTION('center_axis',(0.,0.,1.));
#13611=DIRECTION('ref_axis',(1.,0.,0.));
#13612=DIRECTION('',(0.587785252292473,-0.809016994374948,0.));
#13613=DIRECTION('center_axis',(0.,0.,-1.));
#13614=DIRECTION('ref_axis',(1.,0.,0.));
#13615=DIRECTION('',(-0.453990499739547,0.891006524188368,0.));
#13616=DIRECTION('center_axis',(0.,0.,1.));
#13617=DIRECTION('ref_axis',(1.,0.,0.));
#13618=DIRECTION('',(0.309016994374947,-0.951056516295154,0.));
#13619=DIRECTION('center_axis',(0.,0.,-1.));
#13620=DIRECTION('ref_axis',(1.,0.,0.));
#13621=DIRECTION('',(-0.156434465040231,0.987688340595138,0.));
#13622=DIRECTION('center_axis',(0.,0.,1.));
#13623=DIRECTION('ref_axis',(1.,0.,0.));
#13624=DIRECTION('',(-7.92132369855183E-16,-1.,0.));
#13625=DIRECTION('center_axis',(0.,0.,-1.));
#13626=DIRECTION('ref_axis',(1.,0.,0.));
#13627=DIRECTION('',(0.156434465040232,0.987688340595138,0.));
#13628=DIRECTION('center_axis',(0.,0.,1.));
#13629=DIRECTION('ref_axis',(1.,0.,0.));
#13630=DIRECTION('',(-0.309016994374947,-0.951056516295154,0.));
#13631=DIRECTION('center_axis',(0.,0.,-1.));
#13632=DIRECTION('ref_axis',(1.,0.,0.));
#13633=DIRECTION('',(0.453990499739547,0.891006524188368,0.));
#13634=DIRECTION('center_axis',(0.,0.,1.));
#13635=DIRECTION('ref_axis',(1.,0.,0.));
#13636=DIRECTION('',(-0.587785252292474,-0.809016994374947,0.));
#13637=DIRECTION('center_axis',(0.,0.,-1.));
#13638=DIRECTION('ref_axis',(1.,0.,0.));
#13639=DIRECTION('',(0.707106781186547,0.707106781186548,0.));
#13640=DIRECTION('center_axis',(0.,0.,1.));
#13641=DIRECTION('ref_axis',(1.,0.,0.));
#13642=DIRECTION('',(-0.809016994374947,-0.587785252292473,0.));
#13643=DIRECTION('center_axis',(0.,0.,-1.));
#13644=DIRECTION('ref_axis',(1.,0.,0.));
#13645=DIRECTION('',(0.891006524188368,0.453990499739547,0.));
#13646=DIRECTION('center_axis',(0.,0.,1.));
#13647=DIRECTION('ref_axis',(1.,0.,0.));
#13648=DIRECTION('',(-0.951056516295154,-0.309016994374947,0.));
#13649=DIRECTION('center_axis',(0.,0.,-1.));
#13650=DIRECTION('ref_axis',(1.,0.,0.));
#13651=DIRECTION('',(0.987688340595138,0.156434465040231,0.));
#13652=DIRECTION('center_axis',(0.,0.,1.));
#13653=DIRECTION('ref_axis',(1.,0.,0.));
#13654=DIRECTION('',(-1.,1.98033092463796E-16,0.));
#13655=DIRECTION('center_axis',(0.,0.,-1.));
#13656=DIRECTION('ref_axis',(1.,0.,0.));
#13657=DIRECTION('',(0.987688340595138,-0.156434465040231,0.));
#13658=DIRECTION('center_axis',(0.,0.,1.));
#13659=DIRECTION('ref_axis',(1.,0.,0.));
#13660=DIRECTION('',(-0.951056516295153,0.309016994374948,0.));
#13661=DIRECTION('center_axis',(0.,0.,-1.));
#13662=DIRECTION('ref_axis',(1.,0.,0.));
#13663=DIRECTION('',(0.891006524188368,-0.453990499739547,0.));
#13664=DIRECTION('center_axis',(0.,0.,1.));
#13665=DIRECTION('ref_axis',(1.,0.,0.));
#13666=DIRECTION('',(-0.809016994374947,0.587785252292473,0.));
#13667=DIRECTION('center_axis',(0.,0.,-1.));
#13668=DIRECTION('ref_axis',(1.,0.,0.));
#13669=DIRECTION('',(0.707106781186547,-0.707106781186548,0.));
#13670=DIRECTION('center_axis',(0.,0.,1.));
#13671=DIRECTION('ref_axis',(1.,0.,0.));
#13672=DIRECTION('',(-0.587785252292473,0.809016994374948,0.));
#13673=DIRECTION('center_axis',(0.,0.,-1.));
#13674=DIRECTION('ref_axis',(1.,0.,0.));
#13675=DIRECTION('',(0.453990499739547,-0.891006524188368,0.));
#13676=DIRECTION('center_axis',(0.,0.,1.));
#13677=DIRECTION('ref_axis',(1.,0.,0.));
#13678=DIRECTION('',(-0.309016994374948,0.951056516295153,0.));
#13679=DIRECTION('center_axis',(0.,0.,-1.));
#13680=DIRECTION('ref_axis',(1.,0.,0.));
#13681=DIRECTION('',(0.156434465040231,-0.987688340595138,0.));
#13682=DIRECTION('center_axis',(0.,0.,1.));
#13683=DIRECTION('ref_axis',(1.,0.,0.));
#13684=DIRECTION('',(0.,1.,0.));
#13685=DIRECTION('center_axis',(0.,0.,-1.));
#13686=DIRECTION('ref_axis',(1.,0.,0.));
#13687=DIRECTION('',(-0.156434465040231,-0.987688340595138,0.));
#13688=DIRECTION('center_axis',(0.,0.,1.));
#13689=DIRECTION('ref_axis',(1.,0.,0.));
#13690=DIRECTION('',(0.309016994374948,0.951056516295153,0.));
#13691=DIRECTION('center_axis',(0.,0.,-1.));
#13692=DIRECTION('ref_axis',(1.,0.,0.));
#13693=DIRECTION('',(-0.453990499739547,-0.891006524188368,0.));
#13694=DIRECTION('center_axis',(0.,0.,1.));
#13695=DIRECTION('ref_axis',(1.,0.,0.));
#13696=DIRECTION('',(0.587785252292473,0.809016994374947,0.));
#13697=DIRECTION('center_axis',(0.,0.,-1.));
#13698=DIRECTION('ref_axis',(1.,0.,0.));
#13699=DIRECTION('',(-0.707106781186548,-0.707106781186548,0.));
#13700=DIRECTION('center_axis',(0.,0.,1.));
#13701=DIRECTION('ref_axis',(1.,0.,0.));
#13702=DIRECTION('',(0.809016994374948,0.587785252292473,0.));
#13703=DIRECTION('center_axis',(0.,0.,-1.));
#13704=DIRECTION('ref_axis',(1.,0.,0.));
#13705=DIRECTION('',(-0.891006524188368,-0.453990499739547,0.));
#13706=DIRECTION('center_axis',(0.,0.,1.));
#13707=DIRECTION('ref_axis',(1.,0.,0.));
#13708=DIRECTION('',(0.951056516295154,0.309016994374947,0.));
#13709=DIRECTION('center_axis',(0.,0.,-1.));
#13710=DIRECTION('ref_axis',(1.,0.,0.));
#13711=DIRECTION('',(-0.987688340595138,-0.156434465040231,0.));
#13712=DIRECTION('center_axis',(0.,0.,1.));
#13713=DIRECTION('ref_axis',(1.,0.,0.));
#13714=DIRECTION('',(1.,0.,0.));
#13715=DIRECTION('center_axis',(0.,0.,-1.));
#13716=DIRECTION('ref_axis',(1.,0.,0.));
#13717=DIRECTION('center_axis',(0.,-3.15544362088405E-30,1.));
#13718=DIRECTION('ref_axis',(1.,0.,0.));
#13719=DIRECTION('center_axis',(0.,3.15544362088405E-30,-1.));
#13720=DIRECTION('ref_axis',(1.,2.05789801362003E-31,6.49358115950728E-61));
#13721=DIRECTION('center_axis',(2.21139315850767E-16,-1.,-3.15544362088405E-30));
#13722=DIRECTION('ref_axis',(-1.,-2.21139315850767E-16,0.));
#13723=DIRECTION('center_axis',(0.,-3.15544362088405E-30,1.));
#13724=DIRECTION('ref_axis',(1.,0.,0.));
#13725=DIRECTION('',(-0.309016994374947,0.951056516295154,0.));
#13726=DIRECTION('center_axis',(-4.69460645773771E-31,0.,1.));
#13727=DIRECTION('ref_axis',(0.309016994374947,-0.951056516295154,0.));
#13728=DIRECTION('',(0.453990499739547,-0.891006524188368,-3.15544362088405E-30));
#13729=DIRECTION('center_axis',(1.50050260872187E-30,0.,-1.));
#13730=DIRECTION('ref_axis',(0.309016994374947,-0.951056516295154,0.));
#13731=DIRECTION('',(0.309016994374947,-0.951056516295154,0.));
#13732=DIRECTION('center_axis',(4.69460645773739E-31,0.,1.));
#13733=DIRECTION('ref_axis',(-0.309016994374947,0.951056516295154,0.));
#13734=DIRECTION('',(-0.453990499739548,0.891006524188367,-3.15544362088405E-30));
#13735=DIRECTION('center_axis',(1.50050260872187E-30,0.,-1.));
#13736=DIRECTION('ref_axis',(-0.309016994374947,0.951056516295154,0.));
#13737=DIRECTION('',(1.,7.92132369855184E-16,0.));
#13738=DIRECTION('center_axis',(0.,-3.15544362088405E-30,1.));
#13739=DIRECTION('ref_axis',(-1.,0.,0.));
#13740=DIRECTION('',(-0.987688340595138,-0.156434465040231,0.));
#13741=DIRECTION('center_axis',(6.88061019431617E-77,0.,-1.));
#13742=DIRECTION('ref_axis',(-1.,-5.08620426456765E-16,0.));
#13743=DIRECTION('',(0.309016994374947,0.951056516295154,0.));
#13744=DIRECTION('center_axis',(0.,0.,1.));
#13745=DIRECTION('ref_axis',(-0.309016994374947,-0.951056516295154,0.));
#13746=DIRECTION('',(-0.156434465040231,-0.987688340595138,0.));
#13747=DIRECTION('center_axis',(-1.50050260872187E-30,0.,-1.));
#13748=DIRECTION('ref_axis',(-0.309016994374947,-0.951056516295154,0.));
#13749=DIRECTION('',(0.587785252292473,0.809016994374948,0.));
#13750=DIRECTION('center_axis',(0.,0.,1.));
#13751=DIRECTION('ref_axis',(-0.587785252292472,-0.809016994374948,0.));
#13752=DIRECTION('',(-0.453990499739547,-0.891006524188368,0.));
#13753=DIRECTION('center_axis',(-1.27640375704361E-30,0.,-1.));
#13754=DIRECTION('ref_axis',(-0.587785252292473,-0.809016994374948,0.));
#13755=DIRECTION('',(0.587785252292473,-0.809016994374948,0.));
#13756=DIRECTION('center_axis',(-2.52137821744756E-30,-3.15544362088405E-30,
1.));
#13757=DIRECTION('ref_axis',(-0.587785252292473,0.809016994374948,0.));
#13758=DIRECTION('',(-0.707106781186548,0.707106781186547,0.));
#13759=DIRECTION('center_axis',(0.,0.,-1.));
#13760=DIRECTION('ref_axis',(-0.587785252292473,0.809016994374948,0.));
#13761=DIRECTION('',(-0.951056516295154,-0.309016994374947,0.));
#13762=DIRECTION('center_axis',(0.,0.,1.));
#13763=DIRECTION('ref_axis',(0.951056516295154,0.309016994374947,0.));
#13764=DIRECTION('',(0.891006524188368,0.453990499739547,0.));
#13765=DIRECTION('center_axis',(0.,0.,-1.));
#13766=DIRECTION('ref_axis',(0.951056516295154,0.309016994374947,0.));
#13767=DIRECTION('',(-0.309016994374947,-0.951056516295154,0.));
#13768=DIRECTION('center_axis',(0.,0.,1.));
#13769=DIRECTION('ref_axis',(0.309016994374949,0.951056516295153,0.));
#13770=DIRECTION('',(0.156434465040231,0.987688340595138,0.));
#13771=DIRECTION('center_axis',(-1.50050260872187E-30,0.,-1.));
#13772=DIRECTION('ref_axis',(0.309016994374948,0.951056516295154,0.));
#13773=DIRECTION('',(-0.809016994374947,0.587785252292474,0.));
#13774=DIRECTION('center_axis',(0.,0.,1.));
#13775=DIRECTION('ref_axis',(0.809016994374948,-0.587785252292473,0.));
#13776=DIRECTION('',(0.891006524188368,-0.453990499739547,0.));
#13777=DIRECTION('center_axis',(-6.17746928542664E-46,0.,-1.));
#13778=DIRECTION('ref_axis',(0.809016994374947,-0.587785252292473,0.));
#13779=DIRECTION('',(0.809016994374947,-0.587785252292473,0.));
#13780=DIRECTION('center_axis',(0.,0.,1.));
#13781=DIRECTION('ref_axis',(-0.809016994374948,0.587785252292473,0.));
#13782=DIRECTION('',(-0.891006524188368,0.453990499739547,0.));
#13783=DIRECTION('center_axis',(0.,0.,-1.));
#13784=DIRECTION('ref_axis',(-0.809016994374947,0.587785252292473,0.));
#13785=DIRECTION('',(0.951056516295153,0.309016994374948,0.));
#13786=DIRECTION('center_axis',(-1.03934928578041E-30,3.15544362088405E-30,
1.));
#13787=DIRECTION('ref_axis',(-0.951056516295154,-0.309016994374948,0.));
#13788=DIRECTION('',(-0.891006524188368,-0.453990499739547,-1.57772181044202E-30));
#13789=DIRECTION('center_axis',(9.7508570364519E-31,-3.15544362088405E-30,
-1.));
#13790=DIRECTION('ref_axis',(-0.951056516295153,-0.309016994374948,0.));
#13791=DIRECTION('center_axis',(0.,0.,-1.));
#13792=DIRECTION('ref_axis',(-0.951056516295153,0.309016994374948,0.));
#13793=DIRECTION('',(0.951056516295153,-0.309016994374948,0.));
#13794=DIRECTION('center_axis',(9.63080780571357E-31,3.15544362088405E-30,
1.));
#13795=DIRECTION('ref_axis',(-0.951056516295154,0.309016994374947,0.));
#13796=DIRECTION('',(-0.987688340595138,0.156434465040232,0.));
#13797=DIRECTION('',(-0.951056516295153,0.309016994374948,0.));
#13798=DIRECTION('center_axis',(-9.63080780571362E-31,-3.15544362088405E-30,
1.));
#13799=DIRECTION('ref_axis',(0.951056516295153,-0.309016994374948,0.));
#13800=DIRECTION('',(0.987688340595138,-0.156434465040231,0.));
#13801=DIRECTION('center_axis',(-9.7508570364519E-31,-3.15544362088405E-30,
-1.));
#13802=DIRECTION('ref_axis',(0.951056516295153,-0.309016994374948,0.));
#13803=DIRECTION('',(-0.809016994374947,-0.587785252292473,0.));
#13804=DIRECTION('center_axis',(0.,0.,1.));
#13805=DIRECTION('ref_axis',(0.809016994374948,0.587785252292472,0.));
#13806=DIRECTION('',(0.707106781186548,0.707106781186547,0.));
#13807=DIRECTION('center_axis',(0.,0.,-1.));
#13808=DIRECTION('ref_axis',(0.809016994374948,0.587785252292473,0.));
#13809=DIRECTION('',(-7.92132369855182E-16,-1.,0.));
#13810=DIRECTION('center_axis',(4.9362013479758E-31,0.,1.));
#13811=DIRECTION('ref_axis',(0.,1.,0.));
#13812=DIRECTION('',(-0.15643446504023,0.987688340595138,-3.15544362088405E-30));
#13813=DIRECTION('center_axis',(0.,0.,-1.));
#13814=DIRECTION('ref_axis',(5.08620426456764E-16,1.,0.));
#13815=DIRECTION('',(-0.587785252292473,-0.809016994374947,0.));
#13816=DIRECTION('center_axis',(0.,0.,1.));
#13817=DIRECTION('ref_axis',(0.587785252292473,0.809016994374947,0.));
#13818=DIRECTION('',(0.453990499739547,0.891006524188368,0.));
#13819=DIRECTION('center_axis',(1.27640375704361E-30,0.,-1.));
#13820=DIRECTION('ref_axis',(0.587785252292473,0.809016994374947,0.));
#13821=DIRECTION('',(0.809016994374947,0.587785252292473,0.));
#13822=DIRECTION('center_axis',(-2.90142635468636E-31,0.,1.));
#13823=DIRECTION('ref_axis',(-0.809016994374947,-0.587785252292473,0.));
#13824=DIRECTION('',(-0.707106781186547,-0.707106781186548,-3.15544362088405E-30));
#13825=DIRECTION('center_axis',(1.85472322479601E-30,-3.15544362088405E-30,
-1.));
#13826=DIRECTION('ref_axis',(-0.809016994374947,-0.587785252292473,0.));
#13827=DIRECTION('',(-1.,0.,0.));
#13828=DIRECTION('center_axis',(0.,0.,1.));
#13829=DIRECTION('ref_axis',(1.,0.,0.));
#13830=DIRECTION('',(0.987688340595138,0.156434465040231,7.88860905221012E-31));
#13831=DIRECTION('center_axis',(0.,0.,-1.));
#13832=DIRECTION('ref_axis',(1.,0.,0.));
#13833=DIRECTION('',(0.,1.,0.));
#13834=DIRECTION('center_axis',(0.,0.,1.));
#13835=DIRECTION('ref_axis',(0.,-1.,0.));
#13836=DIRECTION('',(0.156434465040231,-0.987688340595138,0.));
#13837=DIRECTION('center_axis',(0.,0.,-1.));
#13838=DIRECTION('ref_axis',(0.,-1.,0.));
#13839=DIRECTION('',(-0.587785252292472,0.809016994374948,0.));
#13840=DIRECTION('center_axis',(0.,0.,1.));
#13841=DIRECTION('ref_axis',(0.587785252292474,-0.809016994374947,0.));
#13842=DIRECTION('',(0.707106781186547,-0.707106781186548,0.));
#13843=DIRECTION('center_axis',(0.,0.,-1.));
#13844=DIRECTION('ref_axis',(0.587785252292473,-0.809016994374948,0.));
#13845=DIRECTION('center_axis',(0.,3.15544362088405E-30,-1.));
#13846=DIRECTION('ref_axis',(1.,0.,0.));
#13847=DIRECTION('center_axis',(-1.,0.,0.));
#13848=DIRECTION('ref_axis',(0.,-1.,1.57772181044202E-29));
#13849=DIRECTION('',(0.,1.,-1.57772181044202E-29));
#13850=DIRECTION('',(0.,0.,1.));
#13851=DIRECTION('',(0.,-1.,1.57772181044202E-29));
#13852=DIRECTION('',(0.,0.,1.));
#13853=DIRECTION('center_axis',(0.,0.,1.));
#13854=DIRECTION('ref_axis',(1.,0.,0.));
#13855=DIRECTION('center_axis',(0.,-1.57772181044202E-29,-1.));
#13856=DIRECTION('ref_axis',(1.,0.,0.));
#13857=DIRECTION('center_axis',(0.,1.57772181044202E-29,1.));
#13858=DIRECTION('ref_axis',(1.,0.,0.));
#13859=DIRECTION('',(0.,0.,1.));
#13860=DIRECTION('center_axis',(1.,0.,0.));
#13861=DIRECTION('ref_axis',(0.,1.,-1.57772181044202E-29));
#13862=DIRECTION('',(0.,-1.,1.57772181044202E-29));
#13863=DIRECTION('',(0.,1.,-1.57772181044202E-29));
#13864=DIRECTION('',(0.,0.,1.));
#13865=DIRECTION('center_axis',(0.,0.,1.));
#13866=DIRECTION('ref_axis',(1.,0.,0.));
#13867=DIRECTION('center_axis',(0.,-1.57772181044202E-29,-1.));
#13868=DIRECTION('ref_axis',(1.,0.,0.));
#13869=DIRECTION('center_axis',(0.,1.57772181044202E-29,1.));
#13870=DIRECTION('ref_axis',(1.,0.,0.));
#13871=DIRECTION('center_axis',(0.,1.57772181044202E-29,1.));
#13872=DIRECTION('ref_axis',(1.,0.,0.));
#13873=DIRECTION('center_axis',(1.,0.,0.));
#13874=DIRECTION('ref_axis',(0.,-1.,1.57772181044202E-29));
#13875=DIRECTION('',(0.,1.,0.));
#13876=DIRECTION('',(0.,0.,-1.));
#13877=DIRECTION('',(0.,-1.,1.57772181044202E-29));
#13878=DIRECTION('',(0.,0.,-1.));
#13879=DIRECTION('center_axis',(0.,0.,-1.));
#13880=DIRECTION('ref_axis',(-1.,0.,0.));
#13881=DIRECTION('center_axis',(0.,0.,1.));
#13882=DIRECTION('ref_axis',(-1.,0.,0.));
#13883=DIRECTION('center_axis',(0.,-1.57772181044202E-29,-1.));
#13884=DIRECTION('ref_axis',(-1.,0.,0.));
#13885=DIRECTION('',(0.,0.,-1.));
#13886=DIRECTION('center_axis',(-1.,0.,0.));
#13887=DIRECTION('ref_axis',(0.,1.,-1.57772181044202E-29));
#13888=DIRECTION('',(0.,-1.,0.));
#13889=DIRECTION('',(0.,1.,-1.57772181044202E-29));
#13890=DIRECTION('',(0.,0.,-1.));
#13891=DIRECTION('center_axis',(0.,0.,-1.));
#13892=DIRECTION('ref_axis',(-1.,0.,0.));
#13893=DIRECTION('center_axis',(0.,0.,1.));
#13894=DIRECTION('ref_axis',(-1.,0.,0.));
#13895=DIRECTION('center_axis',(0.,-1.57772181044202E-29,-1.));
#13896=DIRECTION('ref_axis',(-1.,0.,0.));
#13897=DIRECTION('center_axis',(0.,-1.57772181044202E-29,-1.));
#13898=DIRECTION('ref_axis',(-1.,0.,0.));
#13899=DIRECTION('center_axis',(0.,1.57772181044202E-29,1.));
#13900=DIRECTION('ref_axis',(1.,0.,0.));
#13901=DIRECTION('center_axis',(0.,1.57772181044202E-29,1.));
#13902=DIRECTION('ref_axis',(1.,0.,0.));
#13903=DIRECTION('center_axis',(0.,0.,1.));
#13904=DIRECTION('ref_axis',(1.,0.,0.));
#13905=DIRECTION('center_axis',(0.,0.,1.));
#13906=DIRECTION('ref_axis',(1.,0.,0.));
#13907=DIRECTION('center_axis',(0.,1.57772181044202E-29,1.));
#13908=DIRECTION('ref_axis',(1.,0.,0.));
#13909=DIRECTION('',(0.,0.,-1.));
#13910=DIRECTION('center_axis',(0.,1.57772181044202E-29,1.));
#13911=DIRECTION('ref_axis',(1.,0.,0.));
#13912=DIRECTION('center_axis',(0.,0.,1.));
#13913=DIRECTION('ref_axis',(1.,0.,0.));
#13914=DIRECTION('',(0.,0.,-1.));
#13915=DIRECTION('center_axis',(0.,0.,-1.));
#13916=DIRECTION('ref_axis',(1.,0.,0.));
#13917=DIRECTION('',(0.,0.,-1.));
#13918=DIRECTION('',(0.,0.,-1.));
#13919=DIRECTION('center_axis',(0.156434465040231,0.987688340595138,0.));
#13920=DIRECTION('ref_axis',(0.987688340595138,-0.156434465040231,0.));
#13921=DIRECTION('',(0.,0.,-1.));
#13922=DIRECTION('center_axis',(0.453990499739547,0.891006524188368,0.));
#13923=DIRECTION('ref_axis',(0.891006524188368,-0.453990499739547,0.));
#13924=DIRECTION('',(0.,0.,-1.));
#13925=DIRECTION('',(0.,0.,-1.));
#13926=DIRECTION('center_axis',(0.,0.,1.));
#13927=DIRECTION('ref_axis',(1.,0.,0.));
#13928=DIRECTION('',(0.,0.,1.));
#13929=DIRECTION('center_axis',(0.707106781186548,0.707106781186547,0.));
#13930=DIRECTION('ref_axis',(0.707106781186547,-0.707106781186548,0.));
#13931=DIRECTION('',(0.,0.,-1.));
#13932=DIRECTION('',(0.,0.,-1.));
#13933=DIRECTION('center_axis',(0.,0.,1.));
#13934=DIRECTION('ref_axis',(1.,0.,0.));
#13935=DIRECTION('',(0.,0.,1.));
#13936=DIRECTION('center_axis',(0.891006524188368,0.453990499739547,0.));
#13937=DIRECTION('ref_axis',(0.453990499739547,-0.891006524188368,0.));
#13938=DIRECTION('',(0.,0.,-1.));
#13939=DIRECTION('',(0.,0.,-1.));
#13940=DIRECTION('center_axis',(0.,0.,1.));
#13941=DIRECTION('ref_axis',(1.,0.,0.));
#13942=DIRECTION('',(0.,0.,1.));
#13943=DIRECTION('center_axis',(0.987688340595138,0.156434465040231,0.));
#13944=DIRECTION('ref_axis',(0.156434465040231,-0.987688340595138,0.));
#13945=DIRECTION('',(0.,0.,-1.));
#13946=DIRECTION('',(0.,0.,-1.));
#13947=DIRECTION('center_axis',(0.,0.,1.));
#13948=DIRECTION('ref_axis',(1.,0.,0.));
#13949=DIRECTION('',(0.,0.,1.));
#13950=DIRECTION('center_axis',(0.987688340595138,-0.156434465040232,0.));
#13951=DIRECTION('ref_axis',(-0.156434465040232,-0.987688340595138,0.));
#13952=DIRECTION('',(0.,0.,-1.));
#13953=DIRECTION('',(0.,0.,-1.));
#13954=DIRECTION('center_axis',(0.,0.,1.));
#13955=DIRECTION('ref_axis',(1.,0.,0.));
#13956=DIRECTION('',(0.,0.,1.));
#13957=DIRECTION('center_axis',(0.891006524188368,-0.453990499739547,0.));
#13958=DIRECTION('ref_axis',(-0.453990499739547,-0.891006524188368,0.));
#13959=DIRECTION('',(0.,0.,-1.));
#13960=DIRECTION('',(0.,0.,-1.));
#13961=DIRECTION('center_axis',(0.,0.,1.));
#13962=DIRECTION('ref_axis',(1.,0.,0.));
#13963=DIRECTION('',(0.,0.,1.));
#13964=DIRECTION('center_axis',(0.707106781186548,-0.707106781186547,0.));
#13965=DIRECTION('ref_axis',(-0.707106781186547,-0.707106781186548,0.));
#13966=DIRECTION('',(0.,0.,-1.));
#13967=DIRECTION('',(0.,0.,-1.));
#13968=DIRECTION('center_axis',(0.,0.,1.));
#13969=DIRECTION('ref_axis',(1.,0.,0.));
#13970=DIRECTION('',(0.,0.,1.));
#13971=DIRECTION('center_axis',(0.453990499739547,-0.891006524188368,0.));
#13972=DIRECTION('ref_axis',(-0.891006524188368,-0.453990499739547,0.));
#13973=DIRECTION('',(0.,0.,-1.));
#13974=DIRECTION('',(0.,0.,-1.));
#13975=DIRECTION('center_axis',(0.,0.,1.));
#13976=DIRECTION('ref_axis',(1.,0.,0.));
#13977=DIRECTION('',(0.,0.,1.));
#13978=DIRECTION('center_axis',(0.156434465040231,-0.987688340595138,0.));
#13979=DIRECTION('ref_axis',(-0.987688340595138,-0.156434465040231,0.));
#13980=DIRECTION('',(0.,0.,-1.));
#13981=DIRECTION('',(0.,0.,-1.));
#13982=DIRECTION('center_axis',(0.,0.,1.));
#13983=DIRECTION('ref_axis',(1.,0.,0.));
#13984=DIRECTION('',(0.,0.,1.));
#13985=DIRECTION('center_axis',(-0.156434465040231,-0.987688340595138,0.));
#13986=DIRECTION('ref_axis',(-0.987688340595138,0.156434465040231,0.));
#13987=DIRECTION('',(0.,0.,-1.));
#13988=DIRECTION('',(0.,0.,-1.));
#13989=DIRECTION('center_axis',(0.,0.,1.));
#13990=DIRECTION('ref_axis',(1.,0.,0.));
#13991=DIRECTION('',(0.,0.,1.));
#13992=DIRECTION('center_axis',(-0.453990499739547,-0.891006524188368,0.));
#13993=DIRECTION('ref_axis',(-0.891006524188368,0.453990499739547,0.));
#13994=DIRECTION('',(0.,0.,-1.));
#13995=DIRECTION('',(0.,0.,-1.));
#13996=DIRECTION('center_axis',(0.,0.,1.));
#13997=DIRECTION('ref_axis',(1.,0.,0.));
#13998=DIRECTION('',(0.,0.,1.));
#13999=DIRECTION('center_axis',(-0.707106781186548,-0.707106781186547,0.));
#14000=DIRECTION('ref_axis',(-0.707106781186547,0.707106781186548,0.));
#14001=DIRECTION('',(0.,0.,-1.));
#14002=DIRECTION('',(0.,0.,-1.));
#14003=DIRECTION('center_axis',(0.,0.,1.));
#14004=DIRECTION('ref_axis',(1.,0.,0.));
#14005=DIRECTION('',(0.,0.,1.));
#14006=DIRECTION('center_axis',(-0.891006524188368,-0.453990499739547,0.));
#14007=DIRECTION('ref_axis',(-0.453990499739547,0.891006524188368,0.));
#14008=DIRECTION('',(0.,0.,-1.));
#14009=DIRECTION('',(0.,0.,-1.));
#14010=DIRECTION('center_axis',(0.,0.,1.));
#14011=DIRECTION('ref_axis',(1.,0.,0.));
#14012=DIRECTION('',(0.,0.,1.));
#14013=DIRECTION('center_axis',(-0.987688340595138,-0.156434465040231,0.));
#14014=DIRECTION('ref_axis',(-0.156434465040231,0.987688340595138,0.));
#14015=DIRECTION('',(0.,0.,-1.));
#14016=DIRECTION('',(0.,0.,-1.));
#14017=DIRECTION('center_axis',(0.,0.,1.));
#14018=DIRECTION('ref_axis',(1.,0.,0.));
#14019=DIRECTION('',(0.,0.,1.));
#14020=DIRECTION('center_axis',(-0.987688340595138,0.156434465040231,0.));
#14021=DIRECTION('ref_axis',(0.156434465040231,0.987688340595138,0.));
#14022=DIRECTION('',(0.,0.,-1.));
#14023=DIRECTION('',(0.,0.,-1.));
#14024=DIRECTION('center_axis',(0.,0.,1.));
#14025=DIRECTION('ref_axis',(1.,0.,0.));
#14026=DIRECTION('',(0.,0.,1.));
#14027=DIRECTION('center_axis',(-0.891006524188368,0.453990499739547,0.));
#14028=DIRECTION('ref_axis',(0.453990499739547,0.891006524188368,0.));
#14029=DIRECTION('',(0.,0.,-1.));
#14030=DIRECTION('',(0.,0.,-1.));
#14031=DIRECTION('center_axis',(0.,0.,1.));
#14032=DIRECTION('ref_axis',(1.,0.,0.));
#14033=DIRECTION('',(0.,0.,1.));
#14034=DIRECTION('center_axis',(-0.707106781186548,0.707106781186548,0.));
#14035=DIRECTION('ref_axis',(0.707106781186548,0.707106781186548,0.));
#14036=DIRECTION('',(0.,0.,-1.));
#14037=DIRECTION('',(0.,0.,-1.));
#14038=DIRECTION('center_axis',(0.,0.,1.));
#14039=DIRECTION('ref_axis',(1.,0.,0.));
#14040=DIRECTION('',(0.,0.,1.));
#14041=DIRECTION('center_axis',(-0.453990499739547,0.891006524188368,0.));
#14042=DIRECTION('ref_axis',(0.891006524188368,0.453990499739547,0.));
#14043=DIRECTION('',(0.,0.,-1.));
#14044=DIRECTION('',(0.,0.,-1.));
#14045=DIRECTION('center_axis',(0.,0.,1.));
#14046=DIRECTION('ref_axis',(1.,0.,0.));
#14047=DIRECTION('',(0.,0.,1.));
#14048=DIRECTION('center_axis',(-0.156434465040231,0.987688340595138,0.));
#14049=DIRECTION('ref_axis',(0.987688340595138,0.156434465040231,0.));
#14050=DIRECTION('',(0.,0.,-1.));
#14051=DIRECTION('',(0.,0.,-1.));
#14052=DIRECTION('center_axis',(0.,0.,1.));
#14053=DIRECTION('ref_axis',(1.,0.,0.));
#14054=DIRECTION('',(0.,0.,1.));
#14055=DIRECTION('center_axis',(0.,0.,-1.));
#14056=DIRECTION('ref_axis',(1.,0.,0.));
#14057=DIRECTION('',(0.,0.,-1.));
#14058=DIRECTION('center_axis',(-0.587785252292473,-0.809016994374947,0.));
#14059=DIRECTION('ref_axis',(-0.809016994374947,0.587785252292473,0.));
#14060=DIRECTION('center_axis',(0.,0.,-1.));
#14061=DIRECTION('ref_axis',(1.,0.,0.));
#14062=DIRECTION('',(0.,0.,-1.));
#14063=DIRECTION('center_axis',(-0.809016994374948,-0.587785252292473,0.));
#14064=DIRECTION('ref_axis',(-0.587785252292473,0.809016994374948,0.));
#14065=DIRECTION('center_axis',(0.,0.,-1.));
#14066=DIRECTION('ref_axis',(1.,0.,0.));
#14067=DIRECTION('',(0.,0.,-1.));
#14068=DIRECTION('center_axis',(-0.951056516295154,-0.309016994374947,0.));
#14069=DIRECTION('ref_axis',(-0.309016994374947,0.951056516295154,0.));
#14070=DIRECTION('center_axis',(0.,0.,-1.));
#14071=DIRECTION('ref_axis',(1.,0.,0.));
#14072=DIRECTION('',(0.,0.,-1.));
#14073=DIRECTION('center_axis',(-1.,7.92132369855183E-16,0.));
#14074=DIRECTION('ref_axis',(7.92132369855183E-16,1.,0.));
#14075=DIRECTION('center_axis',(0.,0.,-1.));
#14076=DIRECTION('ref_axis',(1.,0.,0.));
#14077=DIRECTION('',(0.,0.,-1.));
#14078=DIRECTION('center_axis',(-0.951056516295154,0.309016994374947,0.));
#14079=DIRECTION('ref_axis',(0.309016994374947,0.951056516295154,0.));
#14080=DIRECTION('center_axis',(0.,0.,-1.));
#14081=DIRECTION('ref_axis',(1.,0.,0.));
#14082=DIRECTION('',(0.,0.,-1.));
#14083=DIRECTION('center_axis',(-0.809016994374947,0.587785252292474,0.));
#14084=DIRECTION('ref_axis',(0.587785252292474,0.809016994374947,0.));
#14085=DIRECTION('center_axis',(0.,0.,-1.));
#14086=DIRECTION('ref_axis',(1.,0.,0.));
#14087=DIRECTION('',(0.,0.,-1.));
#14088=DIRECTION('center_axis',(-0.587785252292473,0.809016994374948,0.));
#14089=DIRECTION('ref_axis',(0.809016994374947,0.587785252292473,0.));
#14090=DIRECTION('center_axis',(0.,0.,-1.));
#14091=DIRECTION('ref_axis',(1.,0.,0.));
#14092=DIRECTION('',(0.,0.,-1.));
#14093=DIRECTION('center_axis',(-0.309016994374947,0.951056516295154,0.));
#14094=DIRECTION('ref_axis',(0.951056516295154,0.309016994374947,0.));
#14095=DIRECTION('center_axis',(0.,0.,-1.));
#14096=DIRECTION('ref_axis',(1.,0.,0.));
#14097=DIRECTION('',(0.,0.,-1.));
#14098=DIRECTION('center_axis',(1.98033092463796E-16,1.,0.));
#14099=DIRECTION('ref_axis',(1.,-1.98033092463796E-16,0.));
#14100=DIRECTION('center_axis',(0.,0.,-1.));
#14101=DIRECTION('ref_axis',(1.,0.,0.));
#14102=DIRECTION('',(0.,0.,-1.));
#14103=DIRECTION('center_axis',(0.309016994374948,0.951056516295154,0.));
#14104=DIRECTION('ref_axis',(0.951056516295153,-0.309016994374948,0.));
#14105=DIRECTION('center_axis',(0.,0.,-1.));
#14106=DIRECTION('ref_axis',(1.,0.,0.));
#14107=DIRECTION('',(0.,0.,-1.));
#14108=DIRECTION('center_axis',(0.587785252292473,0.809016994374947,0.));
#14109=DIRECTION('ref_axis',(0.809016994374947,-0.587785252292473,0.));
#14110=DIRECTION('center_axis',(0.,0.,-1.));
#14111=DIRECTION('ref_axis',(1.,0.,0.));
#14112=DIRECTION('',(0.,0.,-1.));
#14113=DIRECTION('center_axis',(0.809016994374948,0.587785252292473,0.));
#14114=DIRECTION('ref_axis',(0.587785252292473,-0.809016994374948,0.));
#14115=DIRECTION('center_axis',(0.,0.,-1.));
#14116=DIRECTION('ref_axis',(1.,0.,0.));
#14117=DIRECTION('',(0.,0.,-1.));
#14118=DIRECTION('center_axis',(0.951056516295154,0.309016994374948,0.));
#14119=DIRECTION('ref_axis',(0.309016994374948,-0.951056516295153,0.));
#14120=DIRECTION('center_axis',(0.,0.,-1.));
#14121=DIRECTION('ref_axis',(1.,0.,0.));
#14122=DIRECTION('',(0.,0.,-1.));
#14123=DIRECTION('center_axis',(1.,0.,0.));
#14124=DIRECTION('ref_axis',(0.,-1.,0.));
#14125=DIRECTION('center_axis',(0.,0.,-1.));
#14126=DIRECTION('ref_axis',(1.,0.,0.));
#14127=DIRECTION('',(0.,0.,-1.));
#14128=DIRECTION('center_axis',(0.951056516295154,-0.309016994374948,0.));
#14129=DIRECTION('ref_axis',(-0.309016994374948,-0.951056516295153,0.));
#14130=DIRECTION('center_axis',(0.,0.,-1.));
#14131=DIRECTION('ref_axis',(1.,0.,0.));
#14132=DIRECTION('',(0.,0.,-1.));
#14133=DIRECTION('center_axis',(0.809016994374948,-0.587785252292473,0.));
#14134=DIRECTION('ref_axis',(-0.587785252292473,-0.809016994374947,0.));
#14135=DIRECTION('center_axis',(0.,0.,-1.));
#14136=DIRECTION('ref_axis',(1.,0.,0.));
#14137=DIRECTION('',(0.,0.,-1.));
#14138=DIRECTION('center_axis',(0.587785252292473,-0.809016994374948,0.));
#14139=DIRECTION('ref_axis',(-0.809016994374948,-0.587785252292473,0.));
#14140=DIRECTION('center_axis',(0.,0.,-1.));
#14141=DIRECTION('ref_axis',(1.,0.,0.));
#14142=DIRECTION('',(0.,0.,-1.));
#14143=DIRECTION('center_axis',(0.309016994374947,-0.951056516295154,0.));
#14144=DIRECTION('ref_axis',(-0.951056516295154,-0.309016994374947,0.));
#14145=DIRECTION('center_axis',(0.,0.,-1.));
#14146=DIRECTION('ref_axis',(1.,0.,0.));
#14147=DIRECTION('',(0.,0.,-1.));
#14148=DIRECTION('center_axis',(0.,-1.,0.));
#14149=DIRECTION('ref_axis',(-1.,0.,0.));
#14150=DIRECTION('center_axis',(-0.309016994374948,-0.951056516295154,0.));
#14151=DIRECTION('ref_axis',(-0.951056516295153,0.309016994374948,0.));
#14152=DIRECTION('',(0.,0.,1.));
#14153=DIRECTION('center_axis',(0.,0.,1.));
#14154=DIRECTION('ref_axis',(1.,0.,0.));
#14155=DIRECTION('center_axis',(0.,0.,1.));
#14156=DIRECTION('ref_axis',(1.,0.,0.));
#14157=DIRECTION('center_axis',(0.,0.,1.));
#14158=DIRECTION('ref_axis',(1.,0.,0.));
#14159=DIRECTION('',(-0.707106781186548,8.65956056235493E-17,0.707106781186548));
#14160=DIRECTION('center_axis',(0.,0.,-1.));
#14161=DIRECTION('ref_axis',(1.,0.,0.));
#14162=DIRECTION('center_axis',(0.,0.,-1.));
#14163=DIRECTION('ref_axis',(1.,0.,0.));
#14164=DIRECTION('',(0.,0.,1.));
#14165=DIRECTION('center_axis',(0.,0.,1.));
#14166=DIRECTION('ref_axis',(1.,0.,0.));
#14167=DIRECTION('axis',(0.,0.,1.));
#14168=DIRECTION('refdir',(1.,0.,0.));
#14169=DIRECTION('center_axis',(0.,0.,-1.));
#14170=DIRECTION('ref_axis',(-1.,0.,0.));
#14171=DIRECTION('',(1.,0.,0.));
#14172=DIRECTION('',(0.,1.,0.));
#14173=DIRECTION('',(-1.,0.,0.));
#14174=DIRECTION('',(0.,-1.,0.));
#14175=DIRECTION('',(1.,0.,0.));
#14176=DIRECTION('',(0.,-1.,0.));
#14177=DIRECTION('',(-1.,0.,0.));
#14178=DIRECTION('',(0.,1.,0.));
#14179=DIRECTION('center_axis',(-1.,0.,0.));
#14180=DIRECTION('ref_axis',(0.,-1.,0.));
#14181=DIRECTION('',(0.,0.,1.));
#14182=DIRECTION('',(0.,1.,0.));
#14183=DIRECTION('',(0.,0.,-1.));
#14184=DIRECTION('center_axis',(0.,-1.,0.));
#14185=DIRECTION('ref_axis',(1.,0.,0.));
#14186=DIRECTION('',(0.,0.,1.));
#14187=DIRECTION('',(-1.,0.,0.));
#14188=DIRECTION('center_axis',(1.,0.,0.));
#14189=DIRECTION('ref_axis',(0.,1.,0.));
#14190=DIRECTION('',(0.,0.,1.));
#14191=DIRECTION('',(0.,-1.,0.));
#14192=DIRECTION('',(0.,0.,-1.));
#14193=DIRECTION('center_axis',(0.,-1.,0.));
#14194=DIRECTION('ref_axis',(1.,0.,0.));
#14195=DIRECTION('',(0.,0.,1.));
#14196=DIRECTION('',(-1.,0.,0.));
#14197=DIRECTION('center_axis',(1.,0.,0.));
#14198=DIRECTION('ref_axis',(0.,1.,0.));
#14199=DIRECTION('',(0.,0.,1.));
#14200=DIRECTION('',(0.,-1.,0.));
#14201=DIRECTION('center_axis',(0.,1.,0.));
#14202=DIRECTION('ref_axis',(-1.,0.,0.));
#14203=DIRECTION('',(1.,0.,0.));
#14204=DIRECTION('center_axis',(-1.,0.,0.));
#14205=DIRECTION('ref_axis',(0.,-1.,0.));
#14206=DIRECTION('',(0.,0.,1.));
#14207=DIRECTION('',(0.,1.,0.));
#14208=DIRECTION('center_axis',(0.,1.,0.));
#14209=DIRECTION('ref_axis',(-1.,0.,0.));
#14210=DIRECTION('',(1.,0.,0.));
#14211=DIRECTION('center_axis',(0.,0.,-1.));
#14212=DIRECTION('ref_axis',(-1.,0.,0.));
#14213=DIRECTION('axis',(0.,0.,1.));
#14214=DIRECTION('refdir',(1.,0.,0.));
#14215=DIRECTION('center_axis',(-3.5527136788005E-15,5.29561783722851E-35,
1.));
#14216=DIRECTION('ref_axis',(-1.,-5.00347826678176E-31,-3.5527136788005E-15));
#14217=DIRECTION('',(-1.,1.87892568777563E-32,-3.5527136788005E-15));
#14218=DIRECTION('',(1.87892568777563E-32,1.,-5.29561783722178E-35));
#14219=DIRECTION('',(1.,-1.87892568777563E-32,3.5527136788005E-15));
#14220=DIRECTION('',(-1.87892568777563E-32,-1.,5.29561783722178E-35));
#14221=DIRECTION('',(-1.87892568777563E-32,-1.,5.29561783722178E-35));
#14222=DIRECTION('',(1.,-1.87892568777563E-32,3.5527136788005E-15));
#14223=DIRECTION('',(1.87892568777563E-32,1.,-5.29561783722178E-35));
#14224=DIRECTION('',(-1.,1.87892568777563E-32,-3.5527136788005E-15));
#14225=DIRECTION('center_axis',(1.87892568777563E-32,1.,-5.29561783722178E-35));
#14226=DIRECTION('ref_axis',(-0.984807753012208,1.85130015904229E-32,0.17364817766693));
#14227=DIRECTION('',(0.17364817766693,-3.21056856150735E-33,0.984807753012208));
#14228=DIRECTION('',(-0.984807753012208,1.85130015904229E-32,0.17364817766693));
#14229=DIRECTION('',(0.17364817766693,-3.21056856150735E-33,0.984807753012208));
#14230=DIRECTION('center_axis',(-0.984807753012208,1.85130015904229E-32,
0.17364817766693));
#14231=DIRECTION('ref_axis',(-1.87892568777563E-32,-1.,5.29561783722178E-35));
#14232=DIRECTION('',(0.17364817766693,-3.21056856150735E-33,0.984807753012208));
#14233=DIRECTION('',(-1.87892568777563E-32,-1.,5.29561783722178E-35));
#14234=DIRECTION('center_axis',(0.984807753012208,-1.85130015904229E-32,
-0.17364817766693));
#14235=DIRECTION('ref_axis',(1.87892568777563E-32,1.,-5.29561783722178E-35));
#14236=DIRECTION('',(0.17364817766693,-3.21056856150735E-33,0.984807753012208));
#14237=DIRECTION('',(1.87892568777563E-32,1.,-5.29561783722178E-35));
#14238=DIRECTION('',(0.17364817766693,-3.21056856150735E-33,0.984807753012208));
#14239=DIRECTION('center_axis',(-1.87892568777563E-32,-1.,5.29561783722178E-35));
#14240=DIRECTION('ref_axis',(0.984807753012208,-1.85130015904229E-32,-0.17364817766693));
#14241=DIRECTION('',(0.17364817766693,-3.21056856150735E-33,0.984807753012208));
#14242=DIRECTION('',(0.984807753012208,-1.85130015904229E-32,-0.17364817766693));
#14243=DIRECTION('center_axis',(-0.984807753012208,1.85130015904229E-32,
0.17364817766693));
#14244=DIRECTION('ref_axis',(-1.87892568777563E-32,-1.,5.29561783722178E-35));
#14245=DIRECTION('',(0.17364817766693,-3.21056856150735E-33,0.984807753012208));
#14246=DIRECTION('',(-1.87892568777563E-32,-1.,5.29561783722178E-35));
#14247=DIRECTION('center_axis',(1.87892568777563E-32,1.,-5.29561783722178E-35));
#14248=DIRECTION('ref_axis',(-0.984807753012208,1.85130015904229E-32,0.17364817766693));
#14249=DIRECTION('',(-0.984807753012208,1.85130015904229E-32,0.17364817766693));
#14250=DIRECTION('center_axis',(0.984807753012208,-1.85130015904229E-32,
-0.17364817766693));
#14251=DIRECTION('ref_axis',(1.87892568777563E-32,1.,-5.29561783722178E-35));
#14252=DIRECTION('',(1.87892568777563E-32,1.,-5.29561783722178E-35));
#14253=DIRECTION('',(0.17364817766693,-3.21056856150735E-33,0.984807753012208));
#14254=DIRECTION('center_axis',(-1.87892568777563E-32,-1.,5.29561783722178E-35));
#14255=DIRECTION('ref_axis',(0.984807753012208,-1.85130015904229E-32,-0.17364817766693));
#14256=DIRECTION('',(0.984807753012208,-1.85130015904229E-32,-0.17364817766693));
#14257=DIRECTION('center_axis',(0.17364817766693,-3.21056856150735E-33,
0.984807753012208));
#14258=DIRECTION('ref_axis',(0.984807753012208,-1.85130015904229E-32,-0.17364817766693));
#14259=DIRECTION('axis',(0.,0.,1.));
#14260=DIRECTION('refdir',(1.,0.,0.));
#14261=DIRECTION('center_axis',(0.,-1.,0.));
#14262=DIRECTION('ref_axis',(0.,0.,-1.));
#14263=DIRECTION('',(0.984807753012208,2.89182307545037E-17,-0.17364817766693));
#14264=DIRECTION('',(0.17364817766693,-1.64003436333528E-16,0.984807753012208));
#14265=DIRECTION('',(-0.984807753012208,-2.89182307545037E-17,0.17364817766693));
#14266=DIRECTION('',(-0.17364817766693,1.64003436333528E-16,-0.984807753012208));
#14267=DIRECTION('',(-0.17364817766693,1.64003436333528E-16,-0.984807753012208));
#14268=DIRECTION('',(-0.984807753012208,-2.89182307545037E-17,0.17364817766693));
#14269=DIRECTION('',(0.17364817766693,-1.64003436333528E-16,0.984807753012208));
#14270=DIRECTION('',(0.984807753012208,2.89182307545037E-17,-0.17364817766693));
#14271=DIRECTION('center_axis',(0.,1.,0.));
#14272=DIRECTION('ref_axis',(0.,0.,1.));
#14273=DIRECTION('',(-0.984807753012208,-2.89182307545037E-17,0.17364817766693));
#14274=DIRECTION('',(0.17364817766693,-1.64003436333528E-16,0.984807753012208));
#14275=DIRECTION('',(0.984807753012208,2.89182307545037E-17,-0.17364817766693));
#14276=DIRECTION('',(-0.17364817766693,1.64003436333528E-16,-0.984807753012208));
#14277=DIRECTION('',(0.17364817766693,-1.64003436333528E-16,0.984807753012208));
#14278=DIRECTION('',(-0.984807753012208,-2.89182307545037E-17,0.17364817766693));
#14279=DIRECTION('',(-0.17364817766693,1.64003436333528E-16,-0.984807753012208));
#14280=DIRECTION('',(0.984807753012208,2.89182307545037E-17,-0.17364817766693));
#14281=DIRECTION('center_axis',(-0.17364817766693,-2.53001736024579E-18,
-0.984807753012208));
#14282=DIRECTION('ref_axis',(0.984807753012208,2.89182307545037E-17,-0.17364817766693));
#14283=DIRECTION('',(0.,1.,0.));
#14284=DIRECTION('',(2.89182307545039E-17,-1.,-2.53001736024583E-18));
#14285=DIRECTION('center_axis',(0.984807753012208,2.89182307545039E-17,
-0.17364817766693));
#14286=DIRECTION('ref_axis',(0.17364817766693,-1.64003436333528E-16,0.984807753012208));
#14287=DIRECTION('',(2.89182307545039E-17,-1.,-2.53001736024583E-18));
#14288=DIRECTION('center_axis',(0.17364817766693,2.53001736024579E-18,0.984807753012208));
#14289=DIRECTION('ref_axis',(-0.984807753012208,-2.89182307545037E-17,0.17364817766693));
#14290=DIRECTION('',(2.89182307545039E-17,-1.,-2.53001736024583E-18));
#14291=DIRECTION('center_axis',(-0.984807753012208,-2.89182307545039E-17,
0.17364817766693));
#14292=DIRECTION('ref_axis',(-0.17364817766693,1.64003436333528E-16,-0.984807753012208));
#14293=DIRECTION('center_axis',(-0.984807753012208,-2.89182307545039E-17,
0.17364817766693));
#14294=DIRECTION('ref_axis',(-0.17364817766693,1.64003436333528E-16,-0.984807753012208));
#14295=DIRECTION('',(0.,1.,0.));
#14296=DIRECTION('',(2.89182307545039E-17,-1.,-2.53001736024583E-18));
#14297=DIRECTION('center_axis',(0.17364817766693,2.53001736024579E-18,0.984807753012208));
#14298=DIRECTION('ref_axis',(-0.984807753012208,-2.89182307545037E-17,0.17364817766693));
#14299=DIRECTION('',(2.89182307545039E-17,-1.,-2.53001736024583E-18));
#14300=DIRECTION('center_axis',(0.984807753012208,2.89182307545039E-17,
-0.17364817766693));
#14301=DIRECTION('ref_axis',(0.17364817766693,-1.64003436333528E-16,0.984807753012208));
#14302=DIRECTION('',(2.89182307545039E-17,-1.,-2.53001736024583E-18));
#14303=DIRECTION('center_axis',(-0.17364817766693,-2.53001736024579E-18,
-0.984807753012208));
#14304=DIRECTION('ref_axis',(0.984807753012208,2.89182307545037E-17,-0.17364817766693));
#14305=DIRECTION('axis',(0.,0.,1.));
#14306=DIRECTION('refdir',(1.,0.,0.));
#14307=DIRECTION('center_axis',(3.5527136788005E-15,-5.29561783722851E-35,
1.));
#14308=DIRECTION('ref_axis',(-1.,-5.00347826678176E-31,3.5527136788005E-15));
#14309=DIRECTION('',(-1.,1.87892568777563E-32,3.5527136788005E-15));
#14310=DIRECTION('',(-1.87892568777563E-32,-1.,-5.29561783722178E-35));
#14311=DIRECTION('',(1.,-1.87892568777563E-32,-3.5527136788005E-15));
#14312=DIRECTION('',(1.87892568777563E-32,1.,5.29561783722178E-35));
#14313=DIRECTION('',(-1.87892568777563E-32,-1.,-5.29561783722178E-35));
#14314=DIRECTION('',(-1.,1.87892568777563E-32,3.5527136788005E-15));
#14315=DIRECTION('',(1.87892568777563E-32,1.,5.29561783722178E-35));
#14316=DIRECTION('',(1.,-1.87892568777563E-32,-3.5527136788005E-15));
#14317=DIRECTION('center_axis',(-1.87892568777563E-32,-1.,-5.29561783722178E-35));
#14318=DIRECTION('ref_axis',(-0.984807753012208,1.85130015904229E-32,-0.17364817766693));
#14319=DIRECTION('',(0.17364817766693,-3.21056856150735E-33,-0.984807753012208));
#14320=DIRECTION('',(-0.984807753012208,1.85130015904229E-32,-0.17364817766693));
#14321=DIRECTION('',(0.17364817766693,-3.21056856150735E-33,-0.984807753012208));
#14322=DIRECTION('center_axis',(0.984807753012208,-1.85130015904229E-32,
0.17364817766693));
#14323=DIRECTION('ref_axis',(-1.87892568777563E-32,-1.,-5.29561783722178E-35));
#14324=DIRECTION('',(-1.87892568777563E-32,-1.,-5.29561783722178E-35));
#14325=DIRECTION('',(0.17364817766693,-3.21056856150735E-33,-0.984807753012208));
#14326=DIRECTION('center_axis',(-0.984807753012208,1.85130015904229E-32,
-0.17364817766693));
#14327=DIRECTION('ref_axis',(1.87892568777563E-32,1.,5.29561783722178E-35));
#14328=DIRECTION('',(0.17364817766693,-3.21056856150735E-33,-0.984807753012208));
#14329=DIRECTION('',(1.87892568777563E-32,1.,5.29561783722178E-35));
#14330=DIRECTION('',(0.17364817766693,-3.21056856150735E-33,-0.984807753012208));
#14331=DIRECTION('center_axis',(1.87892568777563E-32,1.,5.29561783722178E-35));
#14332=DIRECTION('ref_axis',(0.984807753012208,-1.85130015904229E-32,0.17364817766693));
#14333=DIRECTION('',(0.984807753012208,-1.85130015904229E-32,0.17364817766693));
#14334=DIRECTION('',(0.17364817766693,-3.21056856150735E-33,-0.984807753012208));
#14335=DIRECTION('center_axis',(0.984807753012208,-1.85130015904229E-32,
0.17364817766693));
#14336=DIRECTION('ref_axis',(-1.87892568777563E-32,-1.,-5.29561783722178E-35));
#14337=DIRECTION('',(-1.87892568777563E-32,-1.,-5.29561783722178E-35));
#14338=DIRECTION('',(0.17364817766693,-3.21056856150735E-33,-0.984807753012208));
#14339=DIRECTION('center_axis',(-1.87892568777563E-32,-1.,-5.29561783722178E-35));
#14340=DIRECTION('ref_axis',(-0.984807753012208,1.85130015904229E-32,-0.17364817766693));
#14341=DIRECTION('',(-0.984807753012208,1.85130015904229E-32,-0.17364817766693));
#14342=DIRECTION('center_axis',(-0.984807753012208,1.85130015904229E-32,
-0.17364817766693));
#14343=DIRECTION('ref_axis',(1.87892568777563E-32,1.,5.29561783722178E-35));
#14344=DIRECTION('',(0.17364817766693,-3.21056856150735E-33,-0.984807753012208));
#14345=DIRECTION('',(1.87892568777563E-32,1.,5.29561783722178E-35));
#14346=DIRECTION('center_axis',(1.87892568777563E-32,1.,5.29561783722178E-35));
#14347=DIRECTION('ref_axis',(0.984807753012208,-1.85130015904229E-32,0.17364817766693));
#14348=DIRECTION('',(0.984807753012208,-1.85130015904229E-32,0.17364817766693));
#14349=DIRECTION('center_axis',(-0.17364817766693,3.21056856150735E-33,
0.984807753012208));
#14350=DIRECTION('ref_axis',(0.984807753012208,-1.85130015904229E-32,0.17364817766693));
#14351=DIRECTION('axis',(0.,0.,1.));
#14352=DIRECTION('refdir',(1.,0.,0.));
#14353=DIRECTION('center_axis',(0.,0.,1.));
#14354=DIRECTION('ref_axis',(-0.945609283984358,0.325304598864803,0.));
#14355=DIRECTION('center_axis',(0.,0.,-1.));
#14356=DIRECTION('ref_axis',(-0.945609283984358,0.325304598864803,0.));
#14357=DIRECTION('',(0.,0.,-1.));
#14358=DIRECTION('center_axis',(0.,0.,1.));
#14359=DIRECTION('ref_axis',(-0.945609283984358,0.325304598864803,0.));
#14360=DIRECTION('',(0.,0.,1.));
#14361=DIRECTION('center_axis',(-0.788353835914819,0.615222097618731,0.));
#14362=DIRECTION('ref_axis',(0.,0.,1.));
#14363=DIRECTION('',(0.615222097618731,0.788353835914819,0.));
#14364=DIRECTION('',(0.,0.,1.));
#14365=DIRECTION('',(-0.615222097618731,-0.788353835914819,0.));
#14366=DIRECTION('center_axis',(0.,0.,1.));
#14367=DIRECTION('ref_axis',(1.,0.,0.));
#14368=DIRECTION('',(0.,-1.,0.));
#14369=DIRECTION('center_axis',(0.,0.,-1.));
#14370=DIRECTION('ref_axis',(-0.707106781186547,-0.707106781186548,0.));
#14371=DIRECTION('',(1.,0.,0.));
#14372=DIRECTION('center_axis',(0.,0.,-1.));
#14373=DIRECTION('ref_axis',(0.707106781186547,-0.707106781186547,0.));
#14374=DIRECTION('',(0.,1.,0.));
#14375=DIRECTION('',(1.,0.,0.));
#14376=DIRECTION('',(0.,-1.,0.));
#14377=DIRECTION('center_axis',(0.,0.,-1.));
#14378=DIRECTION('ref_axis',(-0.707106781186547,-0.707106781186547,0.));
#14379=DIRECTION('',(1.,0.,0.));
#14380=DIRECTION('center_axis',(0.,0.,-1.));
#14381=DIRECTION('ref_axis',(0.707106781186547,-0.707106781186548,0.));
#14382=DIRECTION('',(0.,1.,0.));
#14383=DIRECTION('center_axis',(0.,0.,1.));
#14384=DIRECTION('ref_axis',(-0.871375105801888,0.490617391649285,0.));
#14385=DIRECTION('',(0.855023563113285,0.518589150022503,0.));
#14386=DIRECTION('center_axis',(0.,0.,-1.));
#14387=DIRECTION('ref_axis',(0.871375105801888,-0.490617391649285,0.));
#14388=DIRECTION('',(0.,1.,0.));
#14389=DIRECTION('center_axis',(0.,0.,-1.));
#14390=DIRECTION('ref_axis',(-0.788353835914821,0.615222097618728,0.));
#14391=DIRECTION('center_axis',(0.,0.,-1.));
#14392=DIRECTION('ref_axis',(1.,0.,0.));
#14393=DIRECTION('',(-1.,-4.88959056172997E-16,0.));
#14394=DIRECTION('center_axis',(0.,0.,-1.));
#14395=DIRECTION('ref_axis',(1.,0.,0.));
#14396=DIRECTION('',(1.,-3.25972704115331E-16,0.));
#14397=DIRECTION('center_axis',(0.,0.,1.));
#14398=DIRECTION('ref_axis',(1.,0.,0.));
#14399=DIRECTION('center_axis',(0.,0.,1.));
#14400=DIRECTION('ref_axis',(1.,0.,0.));
#14401=DIRECTION('center_axis',(0.,0.,1.));
#14402=DIRECTION('ref_axis',(-0.707106781186547,-0.707106781186547,0.));
#14403=DIRECTION('',(0.,0.,-1.));
#14404=DIRECTION('center_axis',(0.,0.,1.));
#14405=DIRECTION('ref_axis',(-0.707106781186547,-0.707106781186547,0.));
#14406=DIRECTION('',(0.,0.,1.));
#14407=DIRECTION('center_axis',(0.,1.,0.));
#14408=DIRECTION('ref_axis',(0.,0.,1.));
#14409=DIRECTION('',(1.,0.,0.));
#14410=DIRECTION('',(0.,0.,-1.));
#14411=DIRECTION('center_axis',(0.,0.,1.));
#14412=DIRECTION('ref_axis',(1.,0.,0.));
#14413=DIRECTION('center_axis',(0.,0.,1.));
#14414=DIRECTION('ref_axis',(-0.788353835914821,0.615222097618728,0.));
#14415=DIRECTION('',(0.,1.,0.));
#14416=DIRECTION('center_axis',(0.,0.,1.));
#14417=DIRECTION('ref_axis',(0.871375105801888,-0.490617391649285,0.));
#14418=DIRECTION('',(0.855023563113285,0.518589150022503,0.));
#14419=DIRECTION('center_axis',(0.,0.,-1.));
#14420=DIRECTION('ref_axis',(-0.871375105801888,0.490617391649285,0.));
#14421=DIRECTION('',(0.,1.,0.));
#14422=DIRECTION('center_axis',(0.,0.,1.));
#14423=DIRECTION('ref_axis',(0.707106781186547,-0.707106781186548,0.));
#14424=DIRECTION('',(0.,1.,0.));
#14425=DIRECTION('',(-1.,0.,0.));
#14426=DIRECTION('',(0.,-1.,0.));
#14427=DIRECTION('center_axis',(0.,0.,1.));
#14428=DIRECTION('ref_axis',(0.707106781186547,-0.707106781186547,0.));
#14429=DIRECTION('',(-1.,0.,0.));
#14430=DIRECTION('center_axis',(0.,0.,1.));
#14431=DIRECTION('ref_axis',(-0.707106781186547,-0.707106781186548,0.));
#14432=DIRECTION('',(0.,1.,0.));
#14433=DIRECTION('center_axis',(0.,0.,-1.));
#14434=DIRECTION('ref_axis',(1.,0.,0.));
#14435=DIRECTION('center_axis',(0.,0.,-1.));
#14436=DIRECTION('ref_axis',(1.,0.,0.));
#14437=DIRECTION('center_axis',(0.,0.,1.));
#14438=DIRECTION('ref_axis',(1.,0.,0.));
#14439=DIRECTION('',(-1.,3.25972704115331E-16,0.));
#14440=DIRECTION('center_axis',(0.,0.,1.));
#14441=DIRECTION('ref_axis',(1.,0.,0.));
#14442=DIRECTION('',(1.,4.88959056172997E-16,0.));
#14443=DIRECTION('center_axis',(0.,0.,-1.));
#14444=DIRECTION('ref_axis',(0.707106781186547,-0.707106781186547,0.));
#14445=DIRECTION('',(0.,0.,1.));
#14446=DIRECTION('',(0.,0.,-1.));
#14447=DIRECTION('center_axis',(0.,1.,0.));
#14448=DIRECTION('ref_axis',(0.,0.,1.));
#14449=DIRECTION('',(0.,0.,1.));
#14450=DIRECTION('center_axis',(0.,0.,1.));
#14451=DIRECTION('ref_axis',(0.871375105801888,-0.490617391649285,0.));
#14452=DIRECTION('',(0.,0.,-1.));
#14453=DIRECTION('',(0.,0.,1.));
#14454=DIRECTION('center_axis',(1.,0.,0.));
#14455=DIRECTION('ref_axis',(0.,1.,0.));
#14456=DIRECTION('',(0.,0.,-1.));
#14457=DIRECTION('center_axis',(0.,0.,-1.));
#14458=DIRECTION('ref_axis',(-0.871375105801888,0.490617391649285,0.));
#14459=DIRECTION('',(0.,0.,-1.));
#14460=DIRECTION('',(0.,0.,1.));
#14461=DIRECTION('center_axis',(1.,0.,0.));
#14462=DIRECTION('ref_axis',(0.,0.,-1.));
#14463=DIRECTION('',(0.,0.,1.));
#14464=DIRECTION('center_axis',(0.,0.,-1.));
#14465=DIRECTION('ref_axis',(-0.788353835914821,0.615222097618728,0.));
#14466=DIRECTION('center_axis',(1.,0.,0.));
#14467=DIRECTION('ref_axis',(0.,0.,-1.));
#14468=DIRECTION('',(0.,0.,-1.));
#14469=DIRECTION('center_axis',(0.518589150022503,-0.855023563113285,0.));
#14470=DIRECTION('ref_axis',(0.855023563113285,0.518589150022503,0.));
#14471=DIRECTION('center_axis',(0.,0.,1.));
#14472=DIRECTION('ref_axis',(-0.707106781186547,-0.707106781186548,0.));
#14473=DIRECTION('center_axis',(0.,0.,-1.));
#14474=DIRECTION('ref_axis',(0.707106781186547,-0.707106781186548,0.));
#14475=DIRECTION('center_axis',(0.,0.,1.));
#14476=DIRECTION('ref_axis',(-1.,1.22464679914735E-16,0.));
#14477=DIRECTION('',(0.,0.,1.));
#14478=DIRECTION('',(0.,0.,1.));
#14479=DIRECTION('center_axis',(3.25972704115331E-16,1.,0.));
#14480=DIRECTION('ref_axis',(-1.,3.25972704115331E-16,0.));
#14481=DIRECTION('',(0.,0.,1.));
#14482=DIRECTION('center_axis',(0.,0.,1.));
#14483=DIRECTION('ref_axis',(1.,0.,0.));
#14484=DIRECTION('',(0.,0.,1.));
#14485=DIRECTION('center_axis',(4.88959056172997E-16,-1.,0.));
#14486=DIRECTION('ref_axis',(1.,4.88959056172997E-16,0.));
#14487=DIRECTION('center_axis',(-1.,0.,0.));
#14488=DIRECTION('ref_axis',(0.,0.,1.));
#14489=DIRECTION('',(0.,0.,1.));
#14490=DIRECTION('center_axis',(0.,1.,0.));
#14491=DIRECTION('ref_axis',(0.,0.,1.));
#14492=DIRECTION('',(0.,0.,-1.));
#14493=DIRECTION('center_axis',(1.,0.,0.));
#14494=DIRECTION('ref_axis',(0.,0.,-1.));
#14495=DIRECTION('center_axis',(0.,0.,1.));
#14496=DIRECTION('ref_axis',(1.,0.,0.));
#14497=DIRECTION('',(0.,0.,-1.));
#14498=DIRECTION('center_axis',(0.,0.,1.));
#14499=DIRECTION('ref_axis',(1.,0.,0.));
#14500=DIRECTION('',(0.,0.,-1.));
#14501=DIRECTION('axis',(0.,0.,1.));
#14502=DIRECTION('refdir',(1.,0.,0.));
#14503=DIRECTION('center_axis',(0.,0.,-1.));
#14504=DIRECTION('ref_axis',(1.,1.22464679914735E-16,0.));
#14505=DIRECTION('center_axis',(0.,0.,1.));
#14506=DIRECTION('ref_axis',(-1.,0.,0.));
#14507=DIRECTION('',(0.,0.,-1.));
#14508=DIRECTION('center_axis',(0.,0.,-1.));
#14509=DIRECTION('ref_axis',(-1.,0.,0.));
#14510=DIRECTION('',(0.,0.,-1.));
#14511=DIRECTION('center_axis',(0.,1.,0.));
#14512=DIRECTION('ref_axis',(1.,0.,0.));
#14513=DIRECTION('',(-1.,0.,0.));
#14514=DIRECTION('',(1.,0.,0.));
#14515=DIRECTION('',(0.,0.,-1.));
#14516=DIRECTION('center_axis',(0.,0.,-1.));
#14517=DIRECTION('ref_axis',(-1.,0.,0.));
#14518=DIRECTION('center_axis',(0.,0.,1.));
#14519=DIRECTION('ref_axis',(-1.,0.,0.));
#14520=DIRECTION('center_axis',(0.,0.,-1.));
#14521=DIRECTION('ref_axis',(-1.,0.,0.));
#14522=DIRECTION('',(0.,0.,-1.));
#14523=DIRECTION('center_axis',(0.,-1.,0.));
#14524=DIRECTION('ref_axis',(-1.,0.,0.));
#14525=DIRECTION('',(1.,0.,0.));
#14526=DIRECTION('',(-1.,0.,0.));
#14527=DIRECTION('center_axis',(0.,0.,1.));
#14528=DIRECTION('ref_axis',(0.707106781186548,-0.707106781186548,0.));
#14529=DIRECTION('center_axis',(0.,0.,-1.));
#14530=DIRECTION('ref_axis',(0.707106781186548,-0.707106781186548,0.));
#14531=DIRECTION('',(0.,0.,-1.));
#14532=DIRECTION('center_axis',(0.,0.,1.));
#14533=DIRECTION('ref_axis',(0.707106781186548,-0.707106781186548,0.));
#14534=DIRECTION('',(0.,0.,1.));
#14535=DIRECTION('center_axis',(1.,0.,0.));
#14536=DIRECTION('ref_axis',(0.,1.,0.));
#14537=DIRECTION('',(0.,-1.,0.));
#14538=DIRECTION('',(0.,0.,1.));
#14539=DIRECTION('',(0.,-1.,0.));
#14540=DIRECTION('center_axis',(0.,0.,1.));
#14541=DIRECTION('ref_axis',(1.,0.,0.));
#14542=DIRECTION('',(1.,0.,0.));
#14543=DIRECTION('',(0.,1.,0.));
#14544=DIRECTION('',(-1.,0.,0.));
#14545=DIRECTION('',(0.,-1.,0.));
#14546=DIRECTION('',(-1.,0.,0.));
#14547=DIRECTION('center_axis',(0.,0.,1.));
#14548=DIRECTION('ref_axis',(-0.707106781186547,-0.707106781186548,0.));
#14549=DIRECTION('',(0.,-1.,0.));
#14550=DIRECTION('center_axis',(0.,0.,-1.));
#14551=DIRECTION('ref_axis',(-1.,0.,0.));
#14552=DIRECTION('center_axis',(0.,0.,1.));
#14553=DIRECTION('ref_axis',(-0.707106781186547,-0.707106781186548,0.));
#14554=DIRECTION('center_axis',(0.,0.,-1.));
#14555=DIRECTION('ref_axis',(-0.707106781186547,-0.707106781186548,0.));
#14556=DIRECTION('',(0.,0.,-1.));
#14557=DIRECTION('',(0.,0.,1.));
#14558=DIRECTION('center_axis',(-1.,0.,0.));
#14559=DIRECTION('ref_axis',(0.,-1.,0.));
#14560=DIRECTION('',(0.,-1.,0.));
#14561=DIRECTION('',(0.,0.,-1.));
#14562=DIRECTION('center_axis',(0.,0.,1.));
#14563=DIRECTION('ref_axis',(1.,0.,0.));
#14564=DIRECTION('center_axis',(0.,0.,1.));
#14565=DIRECTION('ref_axis',(-1.,0.,0.));
#14566=DIRECTION('',(1.,0.,0.));
#14567=DIRECTION('',(0.,1.,0.));
#14568=DIRECTION('',(1.,0.,0.));
#14569=DIRECTION('',(0.,-1.,0.));
#14570=DIRECTION('',(1.,0.,0.));
#14571=DIRECTION('center_axis',(0.,0.,-1.));
#14572=DIRECTION('ref_axis',(-1.,0.,0.));
#14573=DIRECTION('center_axis',(0.,1.,0.));
#14574=DIRECTION('ref_axis',(0.,0.,1.));
#14575=DIRECTION('',(0.,0.,1.));
#14576=DIRECTION('',(0.,0.,-1.));
#14577=DIRECTION('center_axis',(1.,0.,0.));
#14578=DIRECTION('ref_axis',(0.,0.,-1.));
#14579=DIRECTION('',(0.,0.,-1.));
#14580=DIRECTION('center_axis',(0.,-1.,0.));
#14581=DIRECTION('ref_axis',(1.,0.,0.));
#14582=DIRECTION('center_axis',(-1.,0.,0.));
#14583=DIRECTION('ref_axis',(0.,0.,1.));
#14584=DIRECTION('',(0.,0.,1.));
#14585=DIRECTION('center_axis',(0.,-1.,0.));
#14586=DIRECTION('ref_axis',(1.,0.,0.));
#14587=DIRECTION('axis',(0.,0.,1.));
#14588=DIRECTION('refdir',(1.,0.,0.));
#14589=DIRECTION('center_axis',(0.93969262078593,0.,0.342020143325609));
#14590=DIRECTION('ref_axis',(0.,1.,0.));
#14591=DIRECTION('center_axis',(-0.939692620785908,0.,-0.342020143325669));
#14592=DIRECTION('ref_axis',(0.,1.,0.));
#14593=DIRECTION('',(-0.93969262078593,0.,-0.342020143325609));
#14594=DIRECTION('center_axis',(-0.939692620785908,0.,-0.342020143325669));
#14595=DIRECTION('ref_axis',(0.,1.,0.));
#14596=DIRECTION('center_axis',(0.342020143325609,4.03265694748981E-27,
-0.93969262078593));
#14597=DIRECTION('ref_axis',(5.93780043792759E-14,1.,2.16118261641847E-14));
#14598=DIRECTION('',(5.93780043792759E-14,1.,2.16118261641847E-14));
#14599=DIRECTION('',(0.93969262078593,0.,0.342020143325609));
#14600=DIRECTION('',(5.93780043792759E-14,1.,2.16118261641847E-14));
#14601=DIRECTION('',(0.93969262078593,0.,0.342020143325609));
#14602=DIRECTION('center_axis',(0.,-1.,0.));
#14603=DIRECTION('ref_axis',(0.342020143325609,0.,-0.93969262078593));
#14604=DIRECTION('',(0.342020143325609,0.,-0.93969262078593));
#14605=DIRECTION('',(0.342020143325609,0.,-0.93969262078593));
#14606=DIRECTION('',(0.93969262078593,0.,0.342020143325609));
#14607=DIRECTION('center_axis',(-0.342020143325609,0.,0.93969262078593));
#14608=DIRECTION('ref_axis',(0.,-1.,0.));
#14609=DIRECTION('',(0.,-1.,0.));
#14610=DIRECTION('',(0.,-1.,0.));
#14611=DIRECTION('',(0.93969262078593,0.,0.342020143325609));
#14612=DIRECTION('center_axis',(0.,1.,0.));
#14613=DIRECTION('ref_axis',(-0.342020143325669,0.,0.939692620785908));
#14614=DIRECTION('',(-0.342020143325669,0.,0.939692620785908));
#14615=DIRECTION('',(-0.342020143325669,0.,0.939692620785908));
#14616=DIRECTION('center_axis',(0.93969262078593,0.,0.342020143325609));
#14617=DIRECTION('ref_axis',(0.,1.,0.));
#14618=DIRECTION('center_axis',(0.93969262078593,0.,0.342020143325609));
#14619=DIRECTION('ref_axis',(0.,1.,0.));
#14620=DIRECTION('axis',(0.,0.,1.));
#14621=DIRECTION('refdir',(1.,0.,0.));
#14622=DIRECTION('center_axis',(-1.,0.,0.));
#14623=DIRECTION('ref_axis',(0.,-1.,0.));
#14624=DIRECTION('',(0.,1.,0.));
#14625=DIRECTION('',(0.,0.,1.));
#14626=DIRECTION('',(0.,-1.,0.));
#14627=DIRECTION('',(0.,0.,1.));
#14628=DIRECTION('center_axis',(0.,1.,0.));
#14629=DIRECTION('ref_axis',(-1.,0.,0.));
#14630=DIRECTION('',(0.866025403784466,0.,0.499999999999953));
#14631=DIRECTION('',(-1.,0.,0.));
#14632=DIRECTION('',(0.,0.,1.));
#14633=DIRECTION('center_axis',(1.,0.,0.));
#14634=DIRECTION('ref_axis',(0.,1.,0.));
#14635=DIRECTION('',(0.,-1.,0.));
#14636=DIRECTION('',(0.,1.,0.));
#14637=DIRECTION('',(0.,0.,1.));
#14638=DIRECTION('center_axis',(0.,-1.,0.));
#14639=DIRECTION('ref_axis',(1.,0.,0.));
#14640=DIRECTION('',(-0.866025403784466,0.,-0.499999999999953));
#14641=DIRECTION('',(1.,0.,0.));
#14642=DIRECTION('center_axis',(0.,-1.,0.));
#14643=DIRECTION('ref_axis',(0.,0.,-1.));
#14644=DIRECTION('',(0.,0.,1.));
#14645=DIRECTION('',(-0.866025403784466,0.,-0.499999999999953));
#14646=DIRECTION('',(0.,0.,-1.));
#14647=DIRECTION('',(1.,0.,0.));
#14648=DIRECTION('center_axis',(-0.499999999999953,0.,0.866025403784466));
#14649=DIRECTION('ref_axis',(0.866025403784466,0.,0.499999999999953));
#14650=DIRECTION('',(0.,1.,0.));
#14651=DIRECTION('',(0.866025403784466,0.,0.499999999999953));
#14652=DIRECTION('',(0.,1.,0.));
#14653=DIRECTION('center_axis',(-1.,0.,0.));
#14654=DIRECTION('ref_axis',(0.,0.,1.));
#14655=DIRECTION('',(0.,0.,1.));
#14656=DIRECTION('',(0.,1.,0.));
#14657=DIRECTION('center_axis',(0.,0.,-1.));
#14658=DIRECTION('ref_axis',(-1.,0.,0.));
#14659=DIRECTION('',(-1.,0.,0.));
#14660=DIRECTION('',(0.,1.,0.));
#14661=DIRECTION('center_axis',(1.,0.,0.));
#14662=DIRECTION('ref_axis',(0.,0.,-1.));
#14663=DIRECTION('',(0.,0.,-1.));
#14664=DIRECTION('center_axis',(0.,1.,0.));
#14665=DIRECTION('ref_axis',(0.,0.,1.));
#14666=DIRECTION('axis',(0.,0.,1.));
#14667=DIRECTION('refdir',(1.,0.,0.));
#14668=DIRECTION('center_axis',(0.,-1.,0.));
#14669=DIRECTION('ref_axis',(1.,0.,0.));
#14670=DIRECTION('',(-0.866025403784474,0.,-0.499999999999939));
#14671=DIRECTION('',(0.,0.,1.));
#14672=DIRECTION('',(1.,0.,0.));
#14673=DIRECTION('',(0.,0.,1.));
#14674=DIRECTION('center_axis',(-1.,0.,0.));
#14675=DIRECTION('ref_axis',(0.,-1.,0.));
#14676=DIRECTION('',(0.,1.,0.));
#14677=DIRECTION('',(0.,-1.,0.));
#14678=DIRECTION('',(0.,0.,1.));
#14679=DIRECTION('center_axis',(0.,1.,0.));
#14680=DIRECTION('ref_axis',(-1.,0.,0.));
#14681=DIRECTION('',(0.866025403784474,0.,0.499999999999939));
#14682=DIRECTION('',(-1.,0.,0.));
#14683=DIRECTION('',(0.,0.,1.));
#14684=DIRECTION('center_axis',(1.,0.,0.));
#14685=DIRECTION('ref_axis',(0.,1.,0.));
#14686=DIRECTION('',(0.,-1.,0.));
#14687=DIRECTION('',(0.,1.,0.));
#14688=DIRECTION('center_axis',(0.,-1.,0.));
#14689=DIRECTION('ref_axis',(0.,0.,-1.));
#14690=DIRECTION('',(-0.866025403784474,0.,-0.499999999999939));
#14691=DIRECTION('',(0.,0.,-1.));
#14692=DIRECTION('',(1.,0.,0.));
#14693=DIRECTION('',(0.,0.,1.));
#14694=DIRECTION('center_axis',(-1.,0.,0.));
#14695=DIRECTION('ref_axis',(0.,0.,1.));
#14696=DIRECTION('',(0.,1.,0.));
#14697=DIRECTION('',(0.,0.,1.));
#14698=DIRECTION('',(0.,1.,0.));
#14699=DIRECTION('center_axis',(0.,0.,-1.));
#14700=DIRECTION('ref_axis',(-1.,0.,0.));
#14701=DIRECTION('',(-1.,0.,0.));
#14702=DIRECTION('',(0.,1.,0.));
#14703=DIRECTION('center_axis',(1.,0.,0.));
#14704=DIRECTION('ref_axis',(0.,0.,-1.));
#14705=DIRECTION('',(0.,0.,-1.));
#14706=DIRECTION('',(0.,1.,0.));
#14707=DIRECTION('center_axis',(-0.499999999999939,0.,0.866025403784474));
#14708=DIRECTION('ref_axis',(0.866025403784474,0.,0.499999999999939));
#14709=DIRECTION('',(0.866025403784474,0.,0.499999999999939));
#14710=DIRECTION('center_axis',(0.,1.,0.));
#14711=DIRECTION('ref_axis',(0.,0.,1.));
#14712=DIRECTION('axis',(0.,0.,1.));
#14713=DIRECTION('refdir',(1.,0.,0.));
#14714=DIRECTION('center_axis',(0.,0.,1.));
#14715=DIRECTION('ref_axis',(1.,0.,0.));
#14716=DIRECTION('',(-1.,0.,0.));
#14717=DIRECTION('',(0.,1.,0.));
#14718=DIRECTION('',(1.,0.,0.));
#14719=DIRECTION('',(0.,-1.,0.));
#14720=DIRECTION('',(-1.,0.,0.));
#14721=DIRECTION('',(0.,-1.,0.));
#14722=DIRECTION('',(1.,0.,0.));
#14723=DIRECTION('',(0.,1.,0.));
#14724=DIRECTION('center_axis',(-1.,0.,0.));
#14725=DIRECTION('ref_axis',(0.,1.,0.));
#14726=DIRECTION('',(0.,0.,-1.));
#14727=DIRECTION('',(0.,-1.,0.));
#14728=DIRECTION('',(0.,0.,-1.));
#14729=DIRECTION('center_axis',(0.,1.,0.));
#14730=DIRECTION('ref_axis',(1.,0.,0.));
#14731=DIRECTION('',(0.,0.,-1.));
#14732=DIRECTION('',(-1.,0.,0.));
#14733=DIRECTION('center_axis',(1.,0.,0.));
#14734=DIRECTION('ref_axis',(0.,-1.,0.));
#14735=DIRECTION('',(0.,0.,-1.));
#14736=DIRECTION('',(0.,1.,0.));
#14737=DIRECTION('',(0.,0.,-1.));
#14738=DIRECTION('center_axis',(0.,1.,0.));
#14739=DIRECTION('ref_axis',(1.,0.,0.));
#14740=DIRECTION('',(0.,0.,-1.));
#14741=DIRECTION('',(-1.,0.,0.));
#14742=DIRECTION('center_axis',(1.,0.,0.));
#14743=DIRECTION('ref_axis',(0.,-1.,0.));
#14744=DIRECTION('',(0.,0.,1.));
#14745=DIRECTION('',(0.,1.,0.));
#14746=DIRECTION('center_axis',(-1.,0.,0.));
#14747=DIRECTION('ref_axis',(0.,1.,0.));
#14748=DIRECTION('',(0.,0.,1.));
#14749=DIRECTION('',(0.,-1.,0.));
#14750=DIRECTION('center_axis',(0.,-1.,0.));
#14751=DIRECTION('ref_axis',(-1.,0.,0.));
#14752=DIRECTION('',(1.,0.,0.));
#14753=DIRECTION('center_axis',(0.,-1.,0.));
#14754=DIRECTION('ref_axis',(-1.,0.,0.));
#14755=DIRECTION('',(1.,0.,0.));
#14756=DIRECTION('center_axis',(0.,0.,-1.));
#14757=DIRECTION('ref_axis',(-1.,0.,0.));
#14758=DIRECTION('axis',(0.,0.,1.));
#14759=DIRECTION('refdir',(1.,0.,0.));
#14760=DIRECTION('axis',(0.,0.,1.));
#14761=DIRECTION('refdir',(1.,0.,0.));
#14762=DIRECTION('center_axis',(1.,0.,0.));
#14763=DIRECTION('ref_axis',(0.,0.,-1.));
#14764=DIRECTION('',(0.,1.,0.));
#14765=DIRECTION('',(0.,0.,-1.));
#14766=DIRECTION('',(0.,-1.,0.));
#14767=DIRECTION('',(0.,0.,1.));
#14768=DIRECTION('center_axis',(0.,-1.,0.));
#14769=DIRECTION('ref_axis',(0.,0.,-1.));
#14770=DIRECTION('',(1.,0.,0.));
#14771=DIRECTION('',(0.,0.,1.));
#14772=DIRECTION('',(1.,0.,0.));
#14773=DIRECTION('center_axis',(0.,0.,1.));
#14774=DIRECTION('ref_axis',(1.,0.,0.));
#14775=DIRECTION('',(-1.,0.,0.));
#14776=DIRECTION('',(0.,1.,0.));
#14777=DIRECTION('',(-1.,0.,0.));
#14778=DIRECTION('',(0.,1.,0.));
#14779=DIRECTION('center_axis',(1.,0.,0.));
#14780=DIRECTION('ref_axis',(0.,1.,0.));
#14781=DIRECTION('',(0.,0.,1.));
#14782=DIRECTION('',(0.,-1.,0.));
#14783=DIRECTION('',(0.,0.,-1.));
#14784=DIRECTION('',(0.,1.,0.));
#14785=DIRECTION('',(0.,0.,1.));
#14786=DIRECTION('center_axis',(-1.,0.,0.));
#14787=DIRECTION('ref_axis',(0.,1.,0.));
#14788=DIRECTION('',(0.,0.,-1.));
#14789=DIRECTION('',(0.,1.,0.));
#14790=DIRECTION('',(0.,0.,1.));
#14791=DIRECTION('',(0.,1.,0.));
#14792=DIRECTION('center_axis',(0.,0.,1.));
#14793=DIRECTION('ref_axis',(1.,0.,0.));
#14794=DIRECTION('',(-1.,0.,0.));
#14795=DIRECTION('center_axis',(-1.,0.,0.));
#14796=DIRECTION('ref_axis',(0.,0.,1.));
#14797=DIRECTION('',(0.,0.,1.));
#14798=DIRECTION('',(0.,1.,0.));
#14799=DIRECTION('',(0.,0.,1.));
#14800=DIRECTION('center_axis',(0.,-1.,0.));
#14801=DIRECTION('ref_axis',(0.,0.,-1.));
#14802=DIRECTION('',(-1.,0.,0.));
#14803=DIRECTION('center_axis',(0.,0.,-1.));
#14804=DIRECTION('ref_axis',(-1.,0.,0.));
#14805=DIRECTION('',(1.,0.,0.));
#14806=DIRECTION('',(0.,1.,0.));
#14807=DIRECTION('',(-1.,0.,0.));
#14808=DIRECTION('center_axis',(-1.,0.,0.));
#14809=DIRECTION('ref_axis',(0.,0.,1.));
#14810=DIRECTION('',(0.,0.,-1.));
#14811=DIRECTION('',(0.,-1.,0.));
#14812=DIRECTION('',(0.,0.,1.));
#14813=DIRECTION('',(0.,1.,0.));
#14814=DIRECTION('',(0.,0.,1.));
#14815=DIRECTION('',(0.,-1.,0.));
#14816=DIRECTION('',(0.,0.,-1.));
#14817=DIRECTION('',(0.,1.,0.));
#14818=DIRECTION('',(0.,0.,-1.));
#14819=DIRECTION('',(0.,-1.,0.));
#14820=DIRECTION('',(0.,0.,1.));
#14821=DIRECTION('center_axis',(-1.,0.,0.));
#14822=DIRECTION('ref_axis',(0.,1.81806729064919E-9,1.));
#14823=DIRECTION('center_axis',(1.,0.,0.));
#14824=DIRECTION('ref_axis',(0.,1.,0.));
#14825=DIRECTION('',(-1.,0.,0.));
#14826=DIRECTION('',(1.,0.,0.));
#14827=DIRECTION('center_axis',(0.,-1.,0.));
#14828=DIRECTION('ref_axis',(0.,0.,1.));
#14829=DIRECTION('',(0.,0.,-1.));
#14830=DIRECTION('',(-1.,0.,0.));
#14831=DIRECTION('',(1.,0.,0.));
#14832=DIRECTION('center_axis',(1.,0.,0.));
#14833=DIRECTION('ref_axis',(0.,1.,0.));
#14834=DIRECTION('',(0.,0.,-1.));
#14835=DIRECTION('',(0.,1.,0.));
#14836=DIRECTION('',(0.,0.,-1.));
#14837=DIRECTION('',(0.,-1.,0.));
#14838=DIRECTION('',(0.,0.,1.));
#14839=DIRECTION('',(0.,1.,0.));
#14840=DIRECTION('center_axis',(0.,-1.,0.));
#14841=DIRECTION('ref_axis',(0.,0.,1.));
#14842=DIRECTION('',(1.,0.,0.));
#14843=DIRECTION('center_axis',(0.,1.,0.));
#14844=DIRECTION('ref_axis',(0.,0.,-1.));
#14845=DIRECTION('',(1.,0.,0.));
#14846=DIRECTION('center_axis',(0.,0.,-1.));
#14847=DIRECTION('ref_axis',(0.,-1.,0.));
#14848=DIRECTION('center_axis',(0.,0.,-1.));
#14849=DIRECTION('ref_axis',(0.,-1.,0.));
#14850=DIRECTION('',(1.,0.,0.));
#14851=DIRECTION('center_axis',(0.,1.,0.));
#14852=DIRECTION('ref_axis',(0.,0.,-1.));
#14853=DIRECTION('',(-1.,0.,0.));
#14854=DIRECTION('center_axis',(0.,0.,1.));
#14855=DIRECTION('ref_axis',(0.,1.,0.));
#14856=DIRECTION('',(-1.,0.,0.));
#14857=DIRECTION('center_axis',(0.,1.,0.));
#14858=DIRECTION('ref_axis',(0.,0.,-1.));
#14859=DIRECTION('',(-1.,0.,0.));
#14860=DIRECTION('center_axis',(0.,0.,-1.));
#14861=DIRECTION('ref_axis',(0.,-1.,0.));
#14862=DIRECTION('',(-1.,0.,0.));
#14863=DIRECTION('center_axis',(0.,-1.,0.));
#14864=DIRECTION('ref_axis',(0.,0.,1.));
#14865=DIRECTION('',(-1.,0.,0.));
#14866=DIRECTION('center_axis',(0.,0.,1.));
#14867=DIRECTION('ref_axis',(0.,1.,0.));
#14868=DIRECTION('',(0.,7.29882086911116E-34,1.));
#14869=DIRECTION('',(1.,7.70371977754896E-34,0.));
#14870=DIRECTION('axis',(0.,0.,1.));
#14871=DIRECTION('refdir',(1.,0.,0.));
#14872=DIRECTION('center_axis',(-1.,0.,0.));
#14873=DIRECTION('ref_axis',(0.,0.,1.));
#14874=DIRECTION('',(0.,-0.316227766016838,0.948683298050514));
#14875=DIRECTION('',(0.,1.,0.));
#14876=DIRECTION('',(0.,-0.316227766016838,-0.948683298050514));
#14877=DIRECTION('',(0.,1.,0.));
#14878=DIRECTION('',(0.,0.,1.));
#14879=DIRECTION('',(0.,1.,0.));
#14880=DIRECTION('',(0.,0.,-1.));
#14881=DIRECTION('',(0.,1.,0.));
#14882=DIRECTION('',(0.,-0.316227766016838,0.948683298050514));
#14883=DIRECTION('',(0.,1.,0.));
#14884=DIRECTION('',(0.,-0.316227766016838,-0.948683298050514));
#14885=DIRECTION('',(0.,1.,0.));
#14886=DIRECTION('',(0.,0.,1.));
#14887=DIRECTION('',(0.,-1.,0.));
#14888=DIRECTION('',(0.,0.,1.));
#14889=DIRECTION('',(0.,-1.,0.));
#14890=DIRECTION('',(0.,0.,-1.));
#14891=DIRECTION('',(0.,-1.,0.));
#14892=DIRECTION('',(0.,0.,-1.));
#14893=DIRECTION('',(0.,1.,0.));
#14894=DIRECTION('center_axis',(0.,0.,-1.));
#14895=DIRECTION('ref_axis',(0.,-1.,0.));
#14896=DIRECTION('',(-1.,0.,0.));
#14897=DIRECTION('',(0.,-1.,0.));
#14898=DIRECTION('',(-1.,0.,0.));
#14899=DIRECTION('center_axis',(0.,0.948683298050514,0.316227766016838));
#14900=DIRECTION('ref_axis',(0.,0.316227766016838,-0.948683298050514));
#14901=DIRECTION('',(1.,0.,0.));
#14902=DIRECTION('',(0.,0.316227766016838,-0.948683298050514));
#14903=DIRECTION('center_axis',(0.,0.,1.));
#14904=DIRECTION('ref_axis',(0.,-1.,0.));
#14905=DIRECTION('',(1.,0.,0.));
#14906=DIRECTION('',(0.,-1.,0.));
#14907=DIRECTION('center_axis',(0.,1.,0.));
#14908=DIRECTION('ref_axis',(0.,0.,1.));
#14909=DIRECTION('',(1.,0.,0.));
#14910=DIRECTION('',(0.,0.,1.));
#14911=DIRECTION('center_axis',(0.,0.,1.));
#14912=DIRECTION('ref_axis',(0.,-1.,0.));
#14913=DIRECTION('',(1.,0.,0.));
#14914=DIRECTION('',(0.,-1.,0.));
#14915=DIRECTION('center_axis',(0.,-1.,0.));
#14916=DIRECTION('ref_axis',(0.,0.,-1.));
#14917=DIRECTION('',(-1.,0.,0.));
#14918=DIRECTION('',(0.,0.,-1.));
#14919=DIRECTION('center_axis',(0.,0.,1.));
#14920=DIRECTION('ref_axis',(0.,-1.,0.));
#14921=DIRECTION('',(-1.,0.,0.));
#14922=DIRECTION('',(0.,-1.,0.));
#14923=DIRECTION('center_axis',(0.,0.948683298050514,-0.316227766016838));
#14924=DIRECTION('ref_axis',(0.,-0.316227766016838,-0.948683298050514));
#14925=DIRECTION('',(-1.,0.,0.));
#14926=DIRECTION('',(0.,0.316227766016838,0.948683298050514));
#14927=DIRECTION('center_axis',(0.,0.,1.));
#14928=DIRECTION('ref_axis',(0.,1.,0.));
#14929=DIRECTION('',(-1.,0.,0.));
#14930=DIRECTION('',(0.,-1.,0.));
#14931=DIRECTION('center_axis',(0.,-0.948683298050514,-0.316227766016838));
#14932=DIRECTION('ref_axis',(0.,-0.316227766016838,0.948683298050514));
#14933=DIRECTION('',(1.,0.,0.));
#14934=DIRECTION('',(0.,0.316227766016838,-0.948683298050514));
#14935=DIRECTION('center_axis',(1.,0.,0.));
#14936=DIRECTION('ref_axis',(0.,0.,-1.));
#14937=DIRECTION('',(0.,-1.,0.));
#14938=DIRECTION('',(0.,0.,1.));
#14939=DIRECTION('',(0.,1.,0.));
#14940=DIRECTION('',(0.,0.,1.));
#14941=DIRECTION('',(0.,1.,0.));
#14942=DIRECTION('',(0.,0.,-1.));
#14943=DIRECTION('',(0.,1.,0.));
#14944=DIRECTION('',(0.,0.,-1.));
#14945=DIRECTION('',(0.,-1.,0.));
#14946=DIRECTION('',(0.,0.316227766016838,0.948683298050514));
#14947=DIRECTION('center_axis',(0.,0.,1.));
#14948=DIRECTION('ref_axis',(0.,-1.,0.));
#14949=DIRECTION('',(-1.,0.,0.));
#14950=DIRECTION('',(-1.,0.,0.));
#14951=DIRECTION('center_axis',(0.,-1.,0.));
#14952=DIRECTION('ref_axis',(0.,0.,-1.));
#14953=DIRECTION('',(-1.,0.,0.));
#14954=DIRECTION('center_axis',(0.,0.,-1.));
#14955=DIRECTION('ref_axis',(-1.,0.,0.));
#14956=DIRECTION('',(-1.,0.,0.));
#14957=DIRECTION('center_axis',(0.,-1.,0.));
#14958=DIRECTION('ref_axis',(0.,0.,-1.));
#14959=DIRECTION('',(1.,0.,0.));
#14960=DIRECTION('center_axis',(0.,0.,-1.));
#14961=DIRECTION('ref_axis',(0.,1.,0.));
#14962=DIRECTION('',(1.,0.,0.));
#14963=DIRECTION('center_axis',(0.,1.,0.));
#14964=DIRECTION('ref_axis',(0.,0.,1.));
#14965=DIRECTION('',(1.,0.,0.));
#14966=DIRECTION('center_axis',(0.,0.,-1.));
#14967=DIRECTION('ref_axis',(-1.,0.,0.));
#14968=DIRECTION('',(1.,0.,0.));
#14969=DIRECTION('center_axis',(0.,1.,0.));
#14970=DIRECTION('ref_axis',(0.,0.,1.));
#14971=DIRECTION('',(1.,0.,0.));
#14972=DIRECTION('center_axis',(0.,0.,1.));
#14973=DIRECTION('ref_axis',(0.,-1.,0.));
#14974=DIRECTION('center_axis',(0.,-0.948683298050514,0.316227766016838));
#14975=DIRECTION('ref_axis',(0.,0.316227766016838,0.948683298050514));
#14976=DIRECTION('center_axis',(0.,1.,7.45058041373703E-9));
#14977=DIRECTION('ref_axis',(0.,-7.45058041373703E-9,1.));
#14978=DIRECTION('',(-1.,0.,0.));
#14979=DIRECTION('',(-0.70710677249376,-5.26835599909544E-9,0.707106789879335));
#14980=DIRECTION('',(0.,0.,1.));
#14981=DIRECTION('center_axis',(-0.707106789879335,2.35513865361375E-16,
-0.70710677249376));
#14982=DIRECTION('ref_axis',(-0.70710677249376,0.,0.707106789879335));
#14983=DIRECTION('',(-3.33066898426424E-16,-1.,0.));
#14984=DIRECTION('',(-0.70710677249376,0.,0.707106789879335));
#14985=DIRECTION('',(0.,-1.,0.));
#14986=DIRECTION('center_axis',(0.,-0.948876011644496,-0.315649036947103));
#14987=DIRECTION('ref_axis',(0.,-0.315649036947103,0.948876011644497));
#14988=DIRECTION('',(0.,-0.315649036947103,0.948876011644497));
#14989=DIRECTION('',(-1.,0.,0.));
#14990=DIRECTION('',(0.,0.315649036947103,-0.948876011644497));
#14991=DIRECTION('',(-1.,0.,0.));
#14992=DIRECTION('center_axis',(0.,6.61051012609935E-5,0.999999997815058));
#14993=DIRECTION('ref_axis',(0.,0.999999997815058,-6.61051012609935E-5));
#14994=DIRECTION('',(0.,0.999999997815058,-6.61051012609935E-5));
#14995=DIRECTION('',(-1.,0.,0.));
#14996=DIRECTION('',(0.,-0.999999997815058,6.61051012609935E-5));
#14997=DIRECTION('center_axis',(0.,0.948876011644497,-0.315649036947103));
#14998=DIRECTION('ref_axis',(0.,-0.315649036947103,-0.948876011644497));
#14999=DIRECTION('',(0.,-0.315649036947103,-0.948876011644497));
#15000=DIRECTION('',(-1.,0.,0.));
#15001=DIRECTION('',(0.,0.315649036947103,0.948876011644497));
#15002=DIRECTION('center_axis',(0.,-0.948876011644497,-0.315649036947103));
#15003=DIRECTION('ref_axis',(0.,-0.315649036947103,0.948876011644497));
#15004=DIRECTION('',(0.,-0.315649036947103,0.948876011644497));
#15005=DIRECTION('',(-1.,0.,0.));
#15006=DIRECTION('',(0.,0.315649036947103,-0.948876011644497));
#15007=DIRECTION('',(-1.,0.,0.));
#15008=DIRECTION('center_axis',(0.,-6.61051012609935E-5,0.999999997815058));
#15009=DIRECTION('ref_axis',(0.,0.999999997815058,6.61051012609935E-5));
#15010=DIRECTION('',(0.,0.999999997815058,6.61051012609935E-5));
#15011=DIRECTION('',(-1.,0.,0.));
#15012=DIRECTION('',(0.,-0.999999997815058,-6.61051012609935E-5));
#15013=DIRECTION('center_axis',(0.,0.948876011644496,-0.315649036947103));
#15014=DIRECTION('ref_axis',(0.,-0.315649036947103,-0.948876011644497));
#15015=DIRECTION('',(0.,-0.315649036947103,-0.948876011644497));
#15016=DIRECTION('',(-1.,0.,0.));
#15017=DIRECTION('',(0.,0.315649036947103,0.948876011644497));
#15018=DIRECTION('center_axis',(-1.,0.,0.));
#15019=DIRECTION('ref_axis',(0.,0.,1.));
#15020=DIRECTION('',(0.,1.,0.));
#15021=DIRECTION('',(0.,-1.,0.));
#15022=DIRECTION('',(0.,0.,-1.));
#15023=DIRECTION('',(0.,1.,0.));
#15024=DIRECTION('',(0.,0.,1.));
#15025=DIRECTION('',(0.,-1.,0.));
#15026=DIRECTION('',(0.,-1.,0.));
#15027=DIRECTION('',(0.,0.,-1.));
#15028=DIRECTION('',(0.,-1.,0.));
#15029=DIRECTION('',(0.,0.,-1.));
#15030=DIRECTION('',(0.,-1.,0.));
#15031=DIRECTION('',(0.,0.,1.));
#15032=DIRECTION('',(0.,-1.,0.));
#15033=DIRECTION('',(0.,0.,1.));
#15034=DIRECTION('',(0.,-1.,0.));
#15035=DIRECTION('',(0.,0.,1.));
#15036=DIRECTION('',(0.,-1.,0.));
#15037=DIRECTION('',(0.,0.,-1.));
#15038=DIRECTION('',(0.,-1.,0.));
#15039=DIRECTION('',(0.,0.,1.));
#15040=DIRECTION('',(0.,-1.,0.));
#15041=DIRECTION('',(0.,0.,1.));
#15042=DIRECTION('center_axis',(0.,0.,1.));
#15043=DIRECTION('ref_axis',(1.,0.,0.));
#15044=DIRECTION('',(1.,0.,0.));
#15045=DIRECTION('',(-1.,0.,0.));
#15046=DIRECTION('',(0.,1.,0.));
#15047=DIRECTION('',(1.,0.,0.));
#15048=DIRECTION('',(0.,1.,0.));
#15049=DIRECTION('',(-1.,0.,0.));
#15050=DIRECTION('',(0.,1.,0.));
#15051=DIRECTION('',(1.,0.,0.));
#15052=DIRECTION('',(-1.,0.,0.));
#15053=DIRECTION('center_axis',(-1.,0.,0.));
#15054=DIRECTION('ref_axis',(0.,0.,1.));
#15055=DIRECTION('',(0.,1.,0.));
#15056=DIRECTION('',(0.,0.,-1.));
#15057=DIRECTION('',(0.,1.,0.));
#15058=DIRECTION('',(0.,0.,-1.));
#15059=DIRECTION('',(0.,1.,0.));
#15060=DIRECTION('',(0.,0.,1.));
#15061=DIRECTION('',(0.,0.,1.));
#15062=DIRECTION('',(0.,1.,0.));
#15063=DIRECTION('',(0.,0.,1.));
#15064=DIRECTION('',(0.,0.,-1.));
#15065=DIRECTION('',(0.,1.,0.));
#15066=DIRECTION('',(0.,0.,1.));
#15067=DIRECTION('',(0.,1.,0.));
#15068=DIRECTION('',(0.,0.,1.));
#15069=DIRECTION('',(0.,-1.,0.));
#15070=DIRECTION('',(0.,1.,0.));
#15071=DIRECTION('',(0.,0.,-1.));
#15072=DIRECTION('',(0.,-1.,0.));
#15073=DIRECTION('',(0.,0.,1.));
#15074=DIRECTION('',(0.,1.,0.));
#15075=DIRECTION('center_axis',(0.,1.,0.));
#15076=DIRECTION('ref_axis',(0.,0.,1.));
#15077=DIRECTION('',(-1.,0.,0.));
#15078=DIRECTION('center_axis',(0.,0.,1.));
#15079=DIRECTION('ref_axis',(1.,0.,0.));
#15080=DIRECTION('',(1.,0.,0.));
#15081=DIRECTION('center_axis',(0.,1.,0.));
#15082=DIRECTION('ref_axis',(0.,0.,1.));
#15083=DIRECTION('',(1.,0.,0.));
#15084=DIRECTION('center_axis',(0.,-1.,0.));
#15085=DIRECTION('ref_axis',(0.,0.,-1.));
#15086=DIRECTION('',(-1.,0.,0.));
#15087=DIRECTION('center_axis',(0.,-1.,0.));
#15088=DIRECTION('ref_axis',(0.,0.,-1.));
#15089=DIRECTION('center_axis',(-1.,0.,0.));
#15090=DIRECTION('ref_axis',(0.,0.,1.));
#15091=DIRECTION('',(0.,0.,1.));
#15092=DIRECTION('',(0.,1.,0.));
#15093=DIRECTION('',(0.,0.,1.));
#15094=DIRECTION('center_axis',(0.,1.,0.));
#15095=DIRECTION('ref_axis',(0.,0.,1.));
#15096=DIRECTION('',(1.,0.,0.));
#15097=DIRECTION('center_axis',(0.,-1.,0.));
#15098=DIRECTION('ref_axis',(0.,0.,-1.));
#15099=DIRECTION('',(-1.,0.,0.));
#15100=DIRECTION('center_axis',(0.,0.,-1.));
#15101=DIRECTION('ref_axis',(0.,1.,0.));
#15102=DIRECTION('',(1.,0.,0.));
#15103=DIRECTION('center_axis',(0.,0.,-1.));
#15104=DIRECTION('ref_axis',(0.,1.,0.));
#15105=DIRECTION('',(1.,0.,0.));
#15106=DIRECTION('center_axis',(0.,-1.,0.));
#15107=DIRECTION('ref_axis',(0.,0.,-1.));
#15108=DIRECTION('',(1.,0.,0.));
#15109=DIRECTION('center_axis',(0.,0.,1.));
#15110=DIRECTION('ref_axis',(0.,-1.,0.));
#15111=DIRECTION('',(1.,0.,0.));
#15112=DIRECTION('center_axis',(0.,-1.,0.));
#15113=DIRECTION('ref_axis',(0.,0.,-1.));
#15114=DIRECTION('',(-1.,0.,0.));
#15115=DIRECTION('center_axis',(0.,0.,1.));
#15116=DIRECTION('ref_axis',(0.,-1.,0.));
#15117=DIRECTION('',(1.,0.,0.));
#15118=DIRECTION('center_axis',(0.,1.,0.));
#15119=DIRECTION('ref_axis',(0.,0.,1.));
#15120=DIRECTION('',(-1.,0.,0.));
#15121=DIRECTION('center_axis',(0.,0.,1.));
#15122=DIRECTION('ref_axis',(0.,-1.,0.));
#15123=DIRECTION('',(1.,0.,0.));
#15124=DIRECTION('center_axis',(0.,1.,0.));
#15125=DIRECTION('ref_axis',(0.,0.,1.));
#15126=DIRECTION('',(1.,0.,0.));
#15127=DIRECTION('center_axis',(0.,0.,-1.));
#15128=DIRECTION('ref_axis',(0.,1.,0.));
#15129=DIRECTION('center_axis',(0.,1.,0.));
#15130=DIRECTION('ref_axis',(0.,0.,1.));
#15131=DIRECTION('',(1.,0.,0.));
#15132=DIRECTION('center_axis',(0.,0.,-1.));
#15133=DIRECTION('ref_axis',(0.,1.,0.));
#15134=DIRECTION('',(1.,0.,0.));
#15135=DIRECTION('center_axis',(0.,-1.,0.));
#15136=DIRECTION('ref_axis',(0.,0.,-1.));
#15137=DIRECTION('',(1.,0.,0.));
#15138=DIRECTION('center_axis',(0.,0.,-1.));
#15139=DIRECTION('ref_axis',(0.,1.,0.));
#15140=DIRECTION('axis',(0.,0.,1.));
#15141=DIRECTION('refdir',(1.,0.,0.));
#15142=DIRECTION('center_axis',(0.,0.,-1.));
#15143=DIRECTION('ref_axis',(-1.,0.,0.));
#15144=DIRECTION('',(1.,0.,0.));
#15145=DIRECTION('',(0.0703572617431263,0.997521857264295,0.));
#15146=DIRECTION('',(-1.,0.,0.));
#15147=DIRECTION('',(0.0703572617431263,-0.997521857264295,0.));
#15148=DIRECTION('center_axis',(-0.997521857264295,0.0703572617431264,0.));
#15149=DIRECTION('ref_axis',(-0.0703572617431263,-0.997521857264295,0.));
#15150=DIRECTION('',(0.,0.,1.));
#15151=DIRECTION('',(0.0703572617431263,0.997521857264295,0.));
#15152=DIRECTION('',(0.,0.,-1.));
#15153=DIRECTION('center_axis',(0.,0.,-1.));
#15154=DIRECTION('ref_axis',(-1.,0.,0.));
#15155=DIRECTION('',(0.0703572617431263,-0.997521857264295,0.));
#15156=DIRECTION('',(-1.,0.,0.));
#15157=DIRECTION('',(-0.0703572617431268,0.997521857264295,0.));
#15158=DIRECTION('',(1.,0.,0.));
#15159=DIRECTION('center_axis',(0.,0.,-1.));
#15160=DIRECTION('ref_axis',(-1.,0.,0.));
#15161=DIRECTION('',(1.,0.,0.));
#15162=DIRECTION('',(-0.0703572617431268,-0.997521857264295,0.));
#15163=DIRECTION('',(-1.,0.,0.));
#15164=DIRECTION('center_axis',(0.,1.,0.));
#15165=DIRECTION('ref_axis',(1.,0.,0.));
#15166=DIRECTION('',(0.,0.,-1.));
#15167=DIRECTION('',(0.,0.,1.));
#15168=DIRECTION('',(-1.,0.,0.));
#15169=DIRECTION('',(0.,0.,1.));
#15170=DIRECTION('',(1.,0.,0.));
#15171=DIRECTION('',(0.,0.,1.));
#15172=DIRECTION('',(-1.,0.,0.));
#15173=DIRECTION('',(0.,0.,1.));
#15174=DIRECTION('',(1.,0.,0.));
#15175=DIRECTION('',(0.,0.,1.));
#15176=DIRECTION('',(-1.,0.,0.));
#15177=DIRECTION('',(0.,0.,1.));
#15178=DIRECTION('center_axis',(0.997521857264295,0.0703572617431264,0.));
#15179=DIRECTION('ref_axis',(-0.0703572617431263,0.997521857264295,0.));
#15180=DIRECTION('',(0.,0.,1.));
#15181=DIRECTION('center_axis',(0.997521857264295,-0.0703572617431265,0.));
#15182=DIRECTION('ref_axis',(0.0703572617431265,0.997521857264295,0.));
#15183=DIRECTION('',(-0.0703572617431265,-0.997521857264295,0.));
#15184=DIRECTION('',(0.0703572617431265,0.997521857264295,0.));
#15185=DIRECTION('',(0.,0.,1.));
#15186=DIRECTION('center_axis',(0.,0.,1.));
#15187=DIRECTION('ref_axis',(1.,0.,0.));
#15188=DIRECTION('',(0.0703572617431262,-0.997521857264295,0.));
#15189=DIRECTION('',(1.,0.,0.));
#15190=DIRECTION('center_axis',(0.,0.,1.));
#15191=DIRECTION('ref_axis',(1.,0.,0.));
#15192=DIRECTION('',(-1.,0.,0.));
#15193=DIRECTION('',(0.0703572617431268,0.997521857264295,0.));
#15194=DIRECTION('center_axis',(0.997521857264295,0.0703572617431268,0.));
#15195=DIRECTION('ref_axis',(-0.0703572617431268,0.997521857264295,0.));
#15196=DIRECTION('',(0.0703572617431268,-0.997521857264295,0.));
#15197=DIRECTION('',(-0.0703572617431268,0.997521857264295,0.));
#15198=DIRECTION('',(0.,0.,1.));
#15199=DIRECTION('center_axis',(0.,0.,1.));
#15200=DIRECTION('ref_axis',(1.,0.,0.));
#15201=DIRECTION('',(0.0703572617431268,-0.997521857264295,0.));
#15202=DIRECTION('',(1.,0.,0.));
#15203=DIRECTION('center_axis',(0.,0.,1.));
#15204=DIRECTION('ref_axis',(1.,0.,0.));
#15205=DIRECTION('',(-1.,0.,0.));
#15206=DIRECTION('',(-0.0703572617431262,0.997521857264295,0.));
#15207=DIRECTION('center_axis',(-0.997521857264295,-0.0703572617431262,
0.));
#15208=DIRECTION('ref_axis',(0.0703572617431262,-0.997521857264295,0.));
#15209=DIRECTION('',(0.,0.,1.));
#15210=DIRECTION('center_axis',(-0.997521857264295,0.0703572617431268,0.));
#15211=DIRECTION('ref_axis',(-0.0703572617431268,-0.997521857264295,0.));
#15212=DIRECTION('',(0.,0.,1.));
#15213=DIRECTION('',(-0.0703572617431268,-0.997521857264295,0.));
#15214=DIRECTION('center_axis',(0.,0.,1.));
#15215=DIRECTION('ref_axis',(1.,0.,0.));
#15216=DIRECTION('',(1.,0.,0.));
#15217=DIRECTION('',(0.0703572617431268,0.997521857264295,0.));
#15218=DIRECTION('center_axis',(-0.997521857264295,-0.0703572617431268,
0.));
#15219=DIRECTION('ref_axis',(-0.0703572617431268,0.997521857264295,0.));
#15220=DIRECTION('',(0.,0.,1.));
#15221=DIRECTION('center_axis',(0.,-1.,0.));
#15222=DIRECTION('ref_axis',(-1.,0.,0.));
#15223=DIRECTION('',(0.,0.,-1.));
#15224=DIRECTION('center_axis',(0.997521857264295,-0.0703572617431268,0.));
#15225=DIRECTION('ref_axis',(-0.0703572617431268,-0.997521857264295,0.));
#15226=DIRECTION('axis',(0.,0.,1.));
#15227=DIRECTION('refdir',(1.,0.,0.));
#15228=DIRECTION('center_axis',(0.,0.,1.));
#15229=DIRECTION('ref_axis',(1.,0.,0.));
#15230=DIRECTION('',(0.0703750783625729,-0.997520600461696,0.));
#15231=DIRECTION('',(-1.,3.29307424791228E-9,0.));
#15232=DIRECTION('',(-1.,-3.29307424791228E-9,0.));
#15233=DIRECTION('',(0.0703750783625729,0.997520600461696,0.));
#15234=DIRECTION('',(1.,0.,0.));
#15235=DIRECTION('center_axis',(-3.29307424791228E-9,1.,0.));
#15236=DIRECTION('ref_axis',(1.,3.29307424791228E-9,0.));
#15237=DIRECTION('',(0.,0.,1.));
#15238=DIRECTION('',(-1.,-3.29307424791228E-9,0.));
#15239=DIRECTION('',(0.,0.,1.));
#15240=DIRECTION('',(-1.,-3.29307424791228E-9,0.));
#15241=DIRECTION('',(0.,0.,1.));
#15242=DIRECTION('',(0.,0.,1.));
#15243=DIRECTION('center_axis',(3.29307424791228E-9,1.,0.));
#15244=DIRECTION('ref_axis',(1.,-3.29307424791228E-9,0.));
#15245=DIRECTION('',(0.,0.,-1.));
#15246=DIRECTION('',(0.,0.,1.));
#15247=DIRECTION('',(-1.,3.2930742577264E-9,0.));
#15248=DIRECTION('',(0.,0.,1.));
#15249=DIRECTION('',(-1.,3.29307424791228E-9,0.));
#15250=DIRECTION('center_axis',(-0.997520600461696,-0.0703750783625729,
0.));
#15251=DIRECTION('ref_axis',(-0.0703750783625729,0.997520600461696,0.));
#15252=DIRECTION('',(0.,0.,1.));
#15253=DIRECTION('',(0.0703750783625729,-0.997520600461696,0.));
#15254=DIRECTION('center_axis',(0.,0.,1.));
#15255=DIRECTION('ref_axis',(1.,0.,0.));
#15256=DIRECTION('',(-0.0703750784202235,0.997520600457628,0.));
#15257=DIRECTION('',(1.,0.,0.));
#15258=DIRECTION('',(-0.0703750784202235,-0.997520600457628,0.));
#15259=DIRECTION('center_axis',(-0.997520600457628,0.0703750784202235,0.));
#15260=DIRECTION('ref_axis',(-0.0703750784202235,-0.997520600457628,0.));
#15261=DIRECTION('',(0.,0.,1.));
#15262=DIRECTION('',(-0.0703750784202235,-0.997520600457628,0.));
#15263=DIRECTION('center_axis',(1.,0.,0.));
#15264=DIRECTION('ref_axis',(0.,1.,0.));
#15265=DIRECTION('',(0.,-1.,0.));
#15266=DIRECTION('',(0.,0.,1.));
#15267=DIRECTION('',(0.,1.,0.));
#15268=DIRECTION('',(0.,0.,1.));
#15269=DIRECTION('center_axis',(-0.997520600461696,0.0703750783625737,0.));
#15270=DIRECTION('ref_axis',(-0.0703750783625737,-0.997520600461696,0.));
#15271=DIRECTION('',(0.0703750783625737,0.997520600461696,0.));
#15272=DIRECTION('',(0.,0.,1.));
#15273=DIRECTION('',(0.0703750783625737,0.997520600461696,0.));
#15274=DIRECTION('',(0.,0.,1.));
#15275=DIRECTION('center_axis',(0.,0.,1.));
#15276=DIRECTION('ref_axis',(1.,0.,0.));
#15277=DIRECTION('',(-1.,0.,0.));
#15278=DIRECTION('',(-1.,0.,0.));
#15279=DIRECTION('center_axis',(0.,0.,1.));
#15280=DIRECTION('ref_axis',(1.,0.,0.));
#15281=DIRECTION('',(1.,0.,0.));
#15282=DIRECTION('',(-0.0703750784202235,0.997520600457628,0.));
#15283=DIRECTION('',(-1.,0.,0.));
#15284=DIRECTION('',(0.,-1.,0.));
#15285=DIRECTION('center_axis',(0.,0.,1.));
#15286=DIRECTION('ref_axis',(1.,0.,0.));
#15287=DIRECTION('',(-0.0703750783625739,0.997520600461696,0.));
#15288=DIRECTION('',(1.,0.,0.));
#15289=DIRECTION('',(1.,0.,0.));
#15290=DIRECTION('center_axis',(-1.,0.,0.));
#15291=DIRECTION('ref_axis',(0.,-1.,0.));
#15292=DIRECTION('',(0.,-1.,0.));
#15293=DIRECTION('',(0.,0.,1.));
#15294=DIRECTION('',(0.,0.,1.));
#15295=DIRECTION('center_axis',(0.,1.,0.));
#15296=DIRECTION('ref_axis',(-1.,0.,0.));
#15297=DIRECTION('',(1.,0.,0.));
#15298=DIRECTION('',(0.,0.,1.));
#15299=DIRECTION('center_axis',(0.997520600461696,0.0703750783625739,0.));
#15300=DIRECTION('ref_axis',(-0.0703750783625739,0.997520600461696,0.));
#15301=DIRECTION('',(0.0703750783625739,-0.997520600461696,0.));
#15302=DIRECTION('',(0.,0.,1.));
#15303=DIRECTION('center_axis',(0.,0.,1.));
#15304=DIRECTION('ref_axis',(1.,0.,0.));
#15305=DIRECTION('',(1.,0.,0.));
#15306=DIRECTION('center_axis',(0.,1.,0.));
#15307=DIRECTION('ref_axis',(-1.,0.,0.));
#15308=DIRECTION('',(-1.,0.,0.));
#15309=DIRECTION('',(-1.,0.,0.));
#15310=DIRECTION('center_axis',(0.,0.,1.));
#15311=DIRECTION('ref_axis',(1.,0.,0.));
#15312=DIRECTION('',(1.,0.,0.));
#15313=DIRECTION('center_axis',(0.,0.,1.));
#15314=DIRECTION('ref_axis',(1.,0.,0.));
#15315=DIRECTION('',(-1.,0.,0.));
#15316=DIRECTION('',(0.0703750783625729,0.997520600461696,0.));
#15317=DIRECTION('center_axis',(0.997520600457628,0.0703750784202235,0.));
#15318=DIRECTION('ref_axis',(-0.0703750784202235,0.997520600457628,0.));
#15319=DIRECTION('',(0.,0.,1.));
#15320=DIRECTION('center_axis',(0.,-1.,0.));
#15321=DIRECTION('ref_axis',(-1.,0.,0.));
#15322=DIRECTION('',(0.,0.,1.));
#15323=DIRECTION('center_axis',(0.997520600461696,-0.0703750783625729,0.));
#15324=DIRECTION('ref_axis',(-0.0703750783625729,-0.997520600461696,0.));
#15325=DIRECTION('axis',(0.,0.,1.));
#15326=DIRECTION('refdir',(1.,0.,0.));
#15327=DIRECTION('center_axis',(0.,-1.,0.));
#15328=DIRECTION('ref_axis',(0.,0.,-1.));
#15329=DIRECTION('',(-1.,0.,0.));
#15330=DIRECTION('',(0.,0.,-1.));
#15331=DIRECTION('',(-1.,0.,0.));
#15332=DIRECTION('',(0.,0.,-1.));
#15333=DIRECTION('',(1.,0.,0.));
#15334=DIRECTION('',(0.,0.,-1.));
#15335=DIRECTION('',(-1.,0.,0.));
#15336=DIRECTION('',(0.,0.,-1.));
#15337=DIRECTION('',(1.,0.,0.));
#15338=DIRECTION('',(0.,0.,-1.));
#15339=DIRECTION('center_axis',(-1.,0.,0.));
#15340=DIRECTION('ref_axis',(0.,0.,1.));
#15341=DIRECTION('',(0.,-1.,0.));
#15342=DIRECTION('',(0.,1.,0.));
#15343=DIRECTION('',(0.,0.,-1.));
#15344=DIRECTION('',(0.,1.,0.));
#15345=DIRECTION('',(0.,0.,1.));
#15346=DIRECTION('',(0.,-1.,0.));
#15347=DIRECTION('',(0.,0.,-1.));
#15348=DIRECTION('center_axis',(1.,0.,0.));
#15349=DIRECTION('ref_axis',(0.,0.,-1.));
#15350=DIRECTION('',(0.,0.,1.));
#15351=DIRECTION('',(0.,1.,0.));
#15352=DIRECTION('',(0.,1.,0.));
#15353=DIRECTION('center_axis',(0.,0.,1.));
#15354=DIRECTION('ref_axis',(1.,0.,0.));
#15355=DIRECTION('',(-1.,0.,0.));
#15356=DIRECTION('center_axis',(0.,0.,-1.));
#15357=DIRECTION('ref_axis',(-1.,0.,0.));
#15358=DIRECTION('',(1.,0.,0.));
#15359=DIRECTION('',(0.,1.,0.));
#15360=DIRECTION('center_axis',(-1.,0.,0.));
#15361=DIRECTION('ref_axis',(0.,0.,1.));
#15362=DIRECTION('',(0.,0.,-1.));
#15363=DIRECTION('',(0.,1.,0.));
#15364=DIRECTION('center_axis',(-1.,0.,0.));
#15365=DIRECTION('ref_axis',(0.,1.,0.));
#15366=DIRECTION('',(0.,-1.,0.));
#15367=DIRECTION('',(0.,0.,-1.));
#15368=DIRECTION('',(0.,1.,0.));
#15369=DIRECTION('',(0.,0.,-1.));
#15370=DIRECTION('center_axis',(0.,1.,0.));
#15371=DIRECTION('ref_axis',(1.,0.,0.));
#15372=DIRECTION('',(-1.,0.,0.));
#15373=DIRECTION('',(1.,0.,0.));
#15374=DIRECTION('center_axis',(0.,-1.,0.));
#15375=DIRECTION('ref_axis',(-1.,0.,0.));
#15376=DIRECTION('',(1.,0.,0.));
#15377=DIRECTION('',(-1.,0.,0.));
#15378=DIRECTION('center_axis',(0.,0.,-1.));
#15379=DIRECTION('ref_axis',(-1.,0.,0.));
#15380=DIRECTION('',(1.,0.,0.));
#15381=DIRECTION('',(0.,-1.,0.));
#15382=DIRECTION('center_axis',(1.,0.,0.));
#15383=DIRECTION('ref_axis',(0.,0.,-1.));
#15384=DIRECTION('',(0.,-1.,0.));
#15385=DIRECTION('',(0.,1.,0.));
#15386=DIRECTION('',(0.,0.,-1.));
#15387=DIRECTION('',(0.,-1.,0.));
#15388=DIRECTION('',(0.,0.316227766016838,0.948683298050514));
#15389=DIRECTION('',(0.,-1.,0.));
#15390=DIRECTION('',(0.,0.316227766016832,-0.948683298050516));
#15391=DIRECTION('',(0.,-1.,0.));
#15392=DIRECTION('',(0.,0.,1.));
#15393=DIRECTION('center_axis',(1.,0.,0.));
#15394=DIRECTION('ref_axis',(0.,0.,-1.));
#15395=DIRECTION('',(0.,-1.,0.));
#15396=DIRECTION('',(0.,0.,-1.));
#15397=DIRECTION('',(0.,-1.,0.));
#15398=DIRECTION('',(0.,0.316227766016832,0.948683298050516));
#15399=DIRECTION('',(0.,-1.,0.));
#15400=DIRECTION('',(0.,0.316227766016838,-0.948683298050514));
#15401=DIRECTION('',(0.,-1.,0.));
#15402=DIRECTION('',(0.,0.,1.));
#15403=DIRECTION('',(0.,1.,0.));
#15404=DIRECTION('',(0.,0.,1.));
#15405=DIRECTION('center_axis',(0.,1.,0.));
#15406=DIRECTION('ref_axis',(0.,0.,1.));
#15407=DIRECTION('',(1.,0.,0.));
#15408=DIRECTION('',(0.,0.,1.));
#15409=DIRECTION('',(1.,0.,0.));
#15410=DIRECTION('center_axis',(0.,0.,1.));
#15411=DIRECTION('ref_axis',(0.,-1.,0.));
#15412=DIRECTION('',(1.,0.,0.));
#15413=DIRECTION('',(0.,-1.,0.));
#15414=DIRECTION('center_axis',(0.,0.948683298050516,0.316227766016832));
#15415=DIRECTION('ref_axis',(0.,0.316227766016832,-0.948683298050516));
#15416=DIRECTION('',(-1.,0.,0.));
#15417=DIRECTION('',(0.,0.316227766016832,-0.948683298050516));
#15418=DIRECTION('center_axis',(0.,0.,-1.));
#15419=DIRECTION('ref_axis',(0.,-1.,0.));
#15420=DIRECTION('',(-1.,0.,0.));
#15421=DIRECTION('',(0.,-1.,0.));
#15422=DIRECTION('center_axis',(0.,-0.948683298050514,0.316227766016838));
#15423=DIRECTION('ref_axis',(0.,0.316227766016838,0.948683298050514));
#15424=DIRECTION('',(1.,0.,0.));
#15425=DIRECTION('',(0.,0.316227766016838,0.948683298050514));
#15426=DIRECTION('center_axis',(0.,0.,1.));
#15427=DIRECTION('ref_axis',(0.,-1.,0.));
#15428=DIRECTION('',(-1.,0.,0.));
#15429=DIRECTION('',(0.,-1.,0.));
#15430=DIRECTION('center_axis',(0.,-1.,0.));
#15431=DIRECTION('ref_axis',(0.,0.,-1.));
#15432=DIRECTION('',(1.,0.,0.));
#15433=DIRECTION('',(0.,0.,-1.));
#15434=DIRECTION('center_axis',(0.,0.,1.));
#15435=DIRECTION('ref_axis',(1.,0.,0.));
#15436=DIRECTION('',(0.,1.,0.));
#15437=DIRECTION('center_axis',(0.,0.,1.));
#15438=DIRECTION('ref_axis',(1.,0.,0.));
#15439=DIRECTION('center_axis',(1.,0.,0.));
#15440=DIRECTION('ref_axis',(0.,0.,-1.));
#15441=DIRECTION('',(0.,0.,-1.));
#15442=DIRECTION('',(0.,1.,0.));
#15443=DIRECTION('',(0.,0.,1.));
#15444=DIRECTION('',(0.,-1.,0.));
#15445=DIRECTION('',(0.,0.316227766016838,-0.948683298050514));
#15446=DIRECTION('',(0.,-1.,0.));
#15447=DIRECTION('',(0.,0.316227766016832,0.948683298050516));
#15448=DIRECTION('',(0.,-1.,0.));
#15449=DIRECTION('',(0.,0.,-1.));
#15450=DIRECTION('',(0.,-1.,0.));
#15451=DIRECTION('center_axis',(0.,1.,0.));
#15452=DIRECTION('ref_axis',(0.,0.,1.));
#15453=DIRECTION('',(-1.,0.,0.));
#15454=DIRECTION('',(-1.,0.,0.));
#15455=DIRECTION('center_axis',(0.,0.,1.));
#15456=DIRECTION('ref_axis',(1.,0.,0.));
#15457=DIRECTION('',(1.,0.,0.));
#15458=DIRECTION('center_axis',(0.,-0.948683298050514,-0.316227766016838));
#15459=DIRECTION('ref_axis',(0.,-0.316227766016838,0.948683298050514));
#15460=DIRECTION('',(1.,0.,0.));
#15461=DIRECTION('',(1.,0.,0.));
#15462=DIRECTION('center_axis',(0.,0.,1.));
#15463=DIRECTION('ref_axis',(0.,1.,0.));
#15464=DIRECTION('',(1.,0.,0.));
#15465=DIRECTION('center_axis',(0.,0.948683298050516,-0.316227766016832));
#15466=DIRECTION('ref_axis',(0.,-0.316227766016832,-0.948683298050516));
#15467=DIRECTION('',(1.,0.,0.));
#15468=DIRECTION('center_axis',(0.,0.,1.));
#15469=DIRECTION('ref_axis',(0.,-1.,0.));
#15470=DIRECTION('',(1.,0.,0.));
#15471=DIRECTION('center_axis',(0.,0.,1.));
#15472=DIRECTION('ref_axis',(0.,-1.,0.));
#15473=DIRECTION('',(1.,0.,0.));
#15474=DIRECTION('center_axis',(0.,-1.,0.));
#15475=DIRECTION('ref_axis',(0.,0.,-1.));
#15476=DIRECTION('',(-1.,0.,0.));
#15477=DIRECTION('center_axis',(0.,0.,1.));
#15478=DIRECTION('ref_axis',(0.,-1.,0.));
#15479=DIRECTION('center_axis',(0.,1.,0.));
#15480=DIRECTION('ref_axis',(0.,0.,1.));
#15481=DIRECTION('center_axis',(0.,-1.,0.));
#15482=DIRECTION('ref_axis',(-1.,0.,0.));
#15483=DIRECTION('',(0.,0.,1.));
#15484=DIRECTION('',(1.,0.,0.));
#15485=DIRECTION('',(0.,0.,-1.));
#15486=DIRECTION('',(-1.,0.,0.));
#15487=DIRECTION('',(0.,0.,-1.));
#15488=DIRECTION('',(1.,0.,0.));
#15489=DIRECTION('',(0.,0.,-1.));
#15490=DIRECTION('',(-1.,0.,0.));
#15491=DIRECTION('center_axis',(0.,0.,1.));
#15492=DIRECTION('ref_axis',(1.,0.,0.));
#15493=DIRECTION('',(0.,-1.,0.));
#15494=DIRECTION('',(0.,1.,0.));
#15495=DIRECTION('',(-1.,0.,0.));
#15496=DIRECTION('',(0.,-1.,0.));
#15497=DIRECTION('',(1.,0.,0.));
#15498=DIRECTION('',(0.,1.,0.));
#15499=DIRECTION('',(1.,0.,0.));
#15500=DIRECTION('',(0.,-1.,0.));
#15501=DIRECTION('',(-1.,0.,0.));
#15502=DIRECTION('center_axis',(-1.,0.,0.));
#15503=DIRECTION('ref_axis',(0.,1.,0.));
#15504=DIRECTION('',(0.,0.,1.));
#15505=DIRECTION('',(0.,0.,-1.));
#15506=DIRECTION('',(0.,1.,0.));
#15507=DIRECTION('',(0.,-1.,0.));
#15508=DIRECTION('',(0.,0.,-1.));
#15509=DIRECTION('',(0.,1.,0.));
#15510=DIRECTION('center_axis',(1.,0.,0.));
#15511=DIRECTION('ref_axis',(0.,0.,-1.));
#15512=DIRECTION('',(0.,0.,1.));
#15513=DIRECTION('',(0.,1.,0.));
#15514=DIRECTION('center_axis',(-1.,0.,0.));
#15515=DIRECTION('ref_axis',(0.,0.,1.));
#15516=DIRECTION('',(0.,0.,-1.));
#15517=DIRECTION('',(0.,1.,0.));
#15518=DIRECTION('',(0.,1.,0.));
#15519=DIRECTION('center_axis',(0.,0.,-1.));
#15520=DIRECTION('ref_axis',(-1.,0.,0.));
#15521=DIRECTION('',(1.,0.,0.));
#15522=DIRECTION('center_axis',(0.,-1.,0.));
#15523=DIRECTION('ref_axis',(0.,0.,-1.));
#15524=DIRECTION('',(0.,0.,1.));
#15525=DIRECTION('',(1.,0.,0.));
#15526=DIRECTION('',(-1.,0.,0.));
#15527=DIRECTION('center_axis',(0.,1.,0.));
#15528=DIRECTION('ref_axis',(0.,0.,1.));
#15529=DIRECTION('',(0.,0.,-1.));
#15530=DIRECTION('',(1.,0.,0.));
#15531=DIRECTION('center_axis',(0.,0.,-1.));
#15532=DIRECTION('ref_axis',(0.,1.,0.));
#15533=DIRECTION('',(0.,-1.,0.));
#15534=DIRECTION('center_axis',(0.,0.,1.));
#15535=DIRECTION('ref_axis',(1.,0.,0.));
#15536=DIRECTION('',(-1.,0.,0.));
#15537=DIRECTION('',(0.,1.,0.));
#15538=DIRECTION('center_axis',(0.,0.,-1.));
#15539=DIRECTION('ref_axis',(1.,0.,0.));
#15540=DIRECTION('',(1.,0.,0.));
#15541=DIRECTION('',(0.,1.,0.));
#15542=DIRECTION('',(-1.,0.,0.));
#15543=DIRECTION('',(0.,-1.,0.));
#15544=DIRECTION('center_axis',(0.,0.,-1.));
#15545=DIRECTION('ref_axis',(-1.,0.,0.));
#15546=DIRECTION('',(1.,0.,0.));
#15547=DIRECTION('',(1.50538715203411E-16,-1.,0.));
#15548=DIRECTION('center_axis',(0.,1.,0.));
#15549=DIRECTION('ref_axis',(1.,0.,0.));
#15550=DIRECTION('',(0.,0.,1.));
#15551=DIRECTION('',(0.,0.,-1.));
#15552=DIRECTION('center_axis',(1.,0.,0.));
#15553=DIRECTION('ref_axis',(0.,-1.,0.));
#15554=DIRECTION('',(0.,0.,-1.));
#15555=DIRECTION('center_axis',(0.,-1.,0.));
#15556=DIRECTION('ref_axis',(-1.,0.,0.));
#15557=DIRECTION('',(0.,0.,-1.));
#15558=DIRECTION('center_axis',(-1.,0.,0.));
#15559=DIRECTION('ref_axis',(0.,1.,0.));
#15560=DIRECTION('center_axis',(0.,1.,0.));
#15561=DIRECTION('ref_axis',(1.,0.,0.));
#15562=DIRECTION('',(0.,0.,1.));
#15563=DIRECTION('center_axis',(1.,0.,0.));
#15564=DIRECTION('ref_axis',(0.,-1.,0.));
#15565=DIRECTION('axis',(0.,0.,1.));
#15566=DIRECTION('refdir',(1.,0.,0.));
#15567=DIRECTION('center_axis',(0.,1.,0.));
#15568=DIRECTION('ref_axis',(-1.,0.,0.));
#15569=DIRECTION('',(-1.,0.,0.));
#15570=DIRECTION('',(0.,0.,1.));
#15571=DIRECTION('',(-1.,0.,0.));
#15572=DIRECTION('',(0.,0.,1.));
#15573=DIRECTION('center_axis',(1.,0.,0.));
#15574=DIRECTION('ref_axis',(0.,1.,0.));
#15575=DIRECTION('',(0.,1.,0.));
#15576=DIRECTION('',(0.,1.,0.));
#15577=DIRECTION('',(0.,0.,1.));
#15578=DIRECTION('center_axis',(0.,-1.,0.));
#15579=DIRECTION('ref_axis',(1.,0.,0.));
#15580=DIRECTION('',(1.,0.,0.));
#15581=DIRECTION('',(1.,0.,0.));
#15582=DIRECTION('',(0.,0.,1.));
#15583=DIRECTION('center_axis',(-1.,0.,0.));
#15584=DIRECTION('ref_axis',(0.,-1.,0.));
#15585=DIRECTION('',(0.,-1.,0.));
#15586=DIRECTION('',(0.,-1.,0.));
#15587=DIRECTION('center_axis',(0.,0.,1.));
#15588=DIRECTION('ref_axis',(1.,0.,0.));
#15589=DIRECTION('center_axis',(0.,0.,1.));
#15590=DIRECTION('ref_axis',(1.,0.,0.));
#15591=DIRECTION('',(0.,0.,1.));
#15592=DIRECTION('',(1.,0.,0.));
#15593=DIRECTION('',(0.,0.,1.));
#15594=DIRECTION('',(1.,0.,0.));
#15595=DIRECTION('',(0.,0.,1.));
#15596=DIRECTION('',(1.,0.,0.));
#15597=DIRECTION('',(4.11996825544488E-18,-4.12149008098868E-32,0.999999999999994));
#15598=DIRECTION('',(-0.999999999999996,9.82547376793269E-15,4.11996825544487E-18));
#15599=DIRECTION('',(0.,0.,1.));
#15600=DIRECTION('',(1.,0.,0.));
#15601=DIRECTION('',(0.,0.,-1.));
#15602=DIRECTION('',(1.,0.,0.));
#15603=DIRECTION('',(1.17929197088791E-49,-6.7407548053553E-34,0.999999999999994));
#15604=DIRECTION('',(-0.999999999999998,9.82547376793267E-15,4.06848244170239E-47));
#15605=DIRECTION('',(-4.11996825544488E-18,-4.1792679793203E-32,-0.999999999999994));
#15606=DIRECTION('',(-0.999999999999998,-9.82547376793267E-15,4.11996825544489E-18));
#15607=DIRECTION('',(-1.17929197088791E-49,-6.7407548053553E-34,-0.999999999999994));
#15608=DIRECTION('',(-0.999999999999998,-9.82547376793267E-15,4.06848244170239E-47));
#15609=DIRECTION('',(0.,0.,1.));
#15610=DIRECTION('',(1.,0.,0.));
#15611=DIRECTION('',(0.,0.,1.));
#15612=DIRECTION('',(1.,0.,0.));
#15613=DIRECTION('',(-0.996194698091743,-1.04765688098963E-13,-0.0871557427476814));
#15614=DIRECTION('',(0.0871557427476812,9.16581003515432E-15,-0.996194698091743));
#15615=DIRECTION('',(0.,0.,-1.));
#15616=DIRECTION('',(1.,0.,0.));
#15617=DIRECTION('',(0.996194698091739,-1.04765688098962E-13,0.0871557427477109));
#15618=DIRECTION('',(0.0871557427477108,-9.16581003515743E-15,-0.99619469809174));
#15619=DIRECTION('',(0.,0.,-1.));
#15620=DIRECTION('',(1.,0.,0.));
#15621=DIRECTION('',(-0.499999999999996,-2.92152349332781E-17,0.866025403784441));
#15622=DIRECTION('',(0.866025403784441,1.36833051267353E-17,0.499999999999996));
#15623=DIRECTION('',(0.,0.,1.));
#15624=DIRECTION('',(1.,0.,0.));
#15625=DIRECTION('',(0.,1.98523347012727E-23,1.));
#15626=DIRECTION('',(1.,0.,0.));
#15627=DIRECTION('',(0.,0.,1.));
#15628=DIRECTION('',(1.,0.,0.));
#15629=DIRECTION('',(0.,-1.,3.46944695195361E-16));
#15630=DIRECTION('',(1.,0.,0.));
#15631=DIRECTION('',(0.,-1.,-3.46944695195361E-16));
#15632=DIRECTION('',(1.,0.,0.));
#15633=DIRECTION('',(0.,0.,1.));
#15634=DIRECTION('',(1.,0.,0.));
#15635=DIRECTION('',(0.,0.,-1.));
#15636=DIRECTION('',(1.,0.,0.));
#15637=DIRECTION('',(-1.77493703674727E-29,-1.,-2.39253061806721E-14));
#15638=DIRECTION('',(5.8938964819788E-14,-2.39253061806721E-14,0.999999999999999));
#15639=DIRECTION('',(-1.42886001401529E-45,-2.20150742986369E-78,1.));
#15640=DIRECTION('',(1.,-1.38777878078145E-17,-2.50370892770418E-33));
#15641=DIRECTION('',(-0.00041657193963422,0.0686967161660065,0.997637503132187));
#15642=DIRECTION('',(0.999926547127637,0.0121130845461384,-0.000416571939634307));
#15643=DIRECTION('',(0.,0.,1.));
#15644=DIRECTION('',(1.,0.,0.));
#15645=DIRECTION('',(0.000416571939634212,0.068696716166007,-0.997637503132187));
#15646=DIRECTION('',(0.999926547127637,-0.0121130845461384,-0.000416571939634326));
#15647=DIRECTION('',(-4.25245331720704E-31,-1.,3.37230243729892E-15));
#15648=DIRECTION('',(0.999999999999999,-3.54371109767252E-32,5.55111512312578E-17));
#15649=DIRECTION('',(2.46519032881716E-32,-1.,1.90264470845136E-14));
#15650=DIRECTION('',(0.999999999999999,-2.46519032881566E-32,4.24659120555934E-43));
#15651=DIRECTION('',(-0.173648177666936,6.26343330137526E-18,0.984807753012207));
#15652=DIRECTION('',(0.984807753012207,-2.27970328601236E-18,0.173648177666936));
#15653=DIRECTION('',(-0.173648177666936,-5.8448648280023E-17,0.984807753012207));
#15654=DIRECTION('',(0.984807753012207,2.12735682070177E-17,0.173648177666936));
#15655=DIRECTION('',(0.,0.,1.));
#15656=DIRECTION('',(1.,0.,0.));
#15657=DIRECTION('',(0.,0.,1.));
#15658=DIRECTION('',(1.,0.,0.));
#15659=DIRECTION('',(1.42886001401529E-45,-2.20150742986369E-78,-1.));
#15660=DIRECTION('',(1.,1.38777878078145E-17,-2.50370892770418E-33));
#15661=DIRECTION('',(-0.5,1.38777878078145E-17,0.866025403784439));
#15662=DIRECTION('',(0.866025403784439,-2.40370335797945E-17,0.5));
#15663=DIRECTION('',(-6.67443560746675E-29,1.88457590687746E-15,0.999999999999997));
#15664=DIRECTION('',(1.,3.54161144855424E-14,7.18559578159558E-43));
#15665=DIRECTION('',(0.984807753012209,-8.45572663821866E-14,-0.17364817766693));
#15666=DIRECTION('',(8.2562349451247E-14,1.,-1.87180416394133E-14));
#15667=DIRECTION('',(-0.984807753012208,-9.54097911787272E-17,0.173648177666927));
#15668=DIRECTION('',(-1.32759946157128E-14,-1.,-7.61612994892857E-14));
#15669=DIRECTION('',(4.33542091116122E-14,2.97539770599542E-14,-0.999999999999997));
#15670=DIRECTION('',(-1.,3.60822482994851E-16,-4.33542091116125E-14));
#15671=DIRECTION('',(-3.4777736246383E-14,-0.999999999999998,1.12021262855489E-14));
#15672=DIRECTION('',(-1.,3.49859030635003E-14,-4.54240150281729E-16));
#15673=CARTESIAN_POINT('',(0.,0.,0.));
#15674=CARTESIAN_POINT('',(0.,0.,0.));
#15675=CARTESIAN_POINT('Origin',(698.499975268077,67.7,0.));
#15676=CARTESIAN_POINT('',(698.499975268077,80.3999984867871,-12.7));
#15677=CARTESIAN_POINT('',(698.499975268077,80.3999984867871,12.7));
#15678=CARTESIAN_POINT('',(698.499975268077,80.3999984867871,-12.7));
#15679=CARTESIAN_POINT('',(698.499975268077,54.9999984867871,12.7));
#15680=CARTESIAN_POINT('',(698.499975268077,80.3999984867871,12.7));
#15681=CARTESIAN_POINT('',(698.499975268077,54.9999984867871,-12.7));
#15682=CARTESIAN_POINT('',(698.499975268077,54.9999984867871,12.7));
#15683=CARTESIAN_POINT('',(698.499975268077,54.9999984867871,-12.7));
#15684=CARTESIAN_POINT('',(698.499975268077,77.8599984867871,10.16));
#15685=CARTESIAN_POINT('',(698.499975268077,77.8599984867871,-10.16));
#15686=CARTESIAN_POINT('',(698.499975268077,77.8599984867871,-10.16));
#15687=CARTESIAN_POINT('',(698.499975268077,57.5399984867871,-10.16));
#15688=CARTESIAN_POINT('',(698.499975268077,57.5399984867871,-10.16));
#15689=CARTESIAN_POINT('',(698.499975268077,57.5399984867871,10.16));
#15690=CARTESIAN_POINT('',(698.499975268077,57.5399984867871,10.16));
#15691=CARTESIAN_POINT('',(698.499975268077,77.8599984867871,10.16));
#15692=CARTESIAN_POINT('Origin',(-520.700024731923,67.7,0.));
#15693=CARTESIAN_POINT('',(-520.700024731923,80.3999984867871,12.7));
#15694=CARTESIAN_POINT('',(-520.700024731923,80.3999984867871,-12.7));
#15695=CARTESIAN_POINT('',(-520.700024731923,80.3999984867871,-12.7));
#15696=CARTESIAN_POINT('',(-520.700024731923,54.9999984867871,-12.7));
#15697=CARTESIAN_POINT('',(-520.700024731923,54.9999984867871,-12.7));
#15698=CARTESIAN_POINT('',(-520.700024731923,54.9999984867871,12.7));
#15699=CARTESIAN_POINT('',(-520.700024731923,54.9999984867871,12.7));
#15700=CARTESIAN_POINT('',(-520.700024731923,80.3999984867871,12.7));
#15701=CARTESIAN_POINT('',(-520.700024731923,77.8599984867871,-10.16));
#15702=CARTESIAN_POINT('',(-520.700024731923,77.8599984867871,10.16));
#15703=CARTESIAN_POINT('',(-520.700024731923,77.8599984867871,-10.16));
#15704=CARTESIAN_POINT('',(-520.700024731923,57.5399984867871,10.16));
#15705=CARTESIAN_POINT('',(-520.700024731923,77.8599984867871,10.16));
#15706=CARTESIAN_POINT('',(-520.700024731923,57.5399984867871,-10.16));
#15707=CARTESIAN_POINT('',(-520.700024731923,57.5399984867871,10.16));
#15708=CARTESIAN_POINT('',(-520.700024731923,57.5399984867871,-10.16));
#15709=CARTESIAN_POINT('Origin',(0.,57.5399984867871,10.16));
#15710=CARTESIAN_POINT('',(0.,77.8599984867871,10.16));
#15711=CARTESIAN_POINT('',(0.,57.5399984867871,10.16));
#15712=CARTESIAN_POINT('Origin',(0.,57.5399984867871,-10.16));
#15713=CARTESIAN_POINT('',(0.,57.5399984867871,-10.16));
#15714=CARTESIAN_POINT('Origin',(0.,77.8599984867871,-10.16));
#15715=CARTESIAN_POINT('',(0.,77.8599984867871,-10.16));
#15716=CARTESIAN_POINT('Origin',(0.,77.8599984867871,10.16));
#15717=CARTESIAN_POINT('Origin',(0.,54.9999984867871,-12.7));
#15718=CARTESIAN_POINT('',(0.,80.3999984867871,-12.7));
#15719=CARTESIAN_POINT('',(0.,54.9999984867871,-12.7));
#15720=CARTESIAN_POINT('Origin',(0.,54.9999984867871,12.7));
#15721=CARTESIAN_POINT('',(0.,54.9999984867871,12.7));
#15722=CARTESIAN_POINT('Origin',(0.,80.3999984867871,12.7));
#15723=CARTESIAN_POINT('',(0.,80.3999984867871,12.7));
#15724=CARTESIAN_POINT('Origin',(0.,80.3999984867871,-12.7));
#15725=CARTESIAN_POINT('',(0.,0.,0.));
#15726=CARTESIAN_POINT('Origin',(698.499975268077,-67.7,0.));
#15727=CARTESIAN_POINT('',(698.499975268077,-54.9999984867871,-12.7));
#15728=CARTESIAN_POINT('',(698.499975268077,-54.9999984867871,12.7));
#15729=CARTESIAN_POINT('',(698.499975268077,-54.9999984867871,-12.7));
#15730=CARTESIAN_POINT('',(698.499975268077,-80.3999984867871,12.7));
#15731=CARTESIAN_POINT('',(698.499975268077,-54.9999984867871,12.7));
#15732=CARTESIAN_POINT('',(698.499975268077,-80.3999984867871,-12.7));
#15733=CARTESIAN_POINT('',(698.499975268077,-80.3999984867871,12.7));
#15734=CARTESIAN_POINT('',(698.499975268077,-80.3999984867871,-12.7));
#15735=CARTESIAN_POINT('',(698.499975268077,-57.5399984867871,10.16));
#15736=CARTESIAN_POINT('',(698.499975268077,-57.5399984867871,-10.16));
#15737=CARTESIAN_POINT('',(698.499975268077,-57.5399984867871,-10.16));
#15738=CARTESIAN_POINT('',(698.499975268077,-77.8599984867871,-10.16));
#15739=CARTESIAN_POINT('',(698.499975268077,-77.8599984867871,-10.16));
#15740=CARTESIAN_POINT('',(698.499975268077,-77.8599984867871,10.16));
#15741=CARTESIAN_POINT('',(698.499975268077,-77.8599984867871,10.16));
#15742=CARTESIAN_POINT('',(698.499975268077,-57.5399984867871,10.16));
#15743=CARTESIAN_POINT('Origin',(-520.700024731923,-67.7,0.));
#15744=CARTESIAN_POINT('',(-520.700024731923,-54.9999984867871,12.7));
#15745=CARTESIAN_POINT('',(-520.700024731923,-54.9999984867871,-12.7));
#15746=CARTESIAN_POINT('',(-520.700024731923,-54.9999984867871,-12.7));
#15747=CARTESIAN_POINT('',(-520.700024731923,-80.3999984867871,-12.7));
#15748=CARTESIAN_POINT('',(-520.700024731923,-80.3999984867871,-12.7));
#15749=CARTESIAN_POINT('',(-520.700024731923,-80.3999984867871,12.7));
#15750=CARTESIAN_POINT('',(-520.700024731923,-80.3999984867871,12.7));
#15751=CARTESIAN_POINT('',(-520.700024731923,-54.9999984867871,12.7));
#15752=CARTESIAN_POINT('',(-520.700024731923,-57.5399984867871,-10.16));
#15753=CARTESIAN_POINT('',(-520.700024731923,-57.5399984867871,10.16));
#15754=CARTESIAN_POINT('',(-520.700024731923,-57.5399984867871,-10.16));
#15755=CARTESIAN_POINT('',(-520.700024731923,-77.8599984867871,10.16));
#15756=CARTESIAN_POINT('',(-520.700024731923,-57.5399984867871,10.16));
#15757=CARTESIAN_POINT('',(-520.700024731923,-77.8599984867871,-10.16));
#15758=CARTESIAN_POINT('',(-520.700024731923,-77.8599984867871,10.16));
#15759=CARTESIAN_POINT('',(-520.700024731923,-77.8599984867871,-10.16));
#15760=CARTESIAN_POINT('Origin',(0.,-77.8599984867871,10.16));
#15761=CARTESIAN_POINT('',(0.,-57.5399984867871,10.16));
#15762=CARTESIAN_POINT('',(0.,-77.8599984867871,10.16));
#15763=CARTESIAN_POINT('Origin',(0.,-77.8599984867871,-10.16));
#15764=CARTESIAN_POINT('',(0.,-77.8599984867871,-10.16));
#15765=CARTESIAN_POINT('Origin',(0.,-57.5399984867871,-10.16));
#15766=CARTESIAN_POINT('',(0.,-57.5399984867871,-10.16));
#15767=CARTESIAN_POINT('Origin',(0.,-57.5399984867871,10.16));
#15768=CARTESIAN_POINT('Origin',(0.,-80.3999984867871,-12.7));
#15769=CARTESIAN_POINT('',(0.,-54.9999984867871,-12.7));
#15770=CARTESIAN_POINT('',(0.,-80.3999984867871,-12.7));
#15771=CARTESIAN_POINT('Origin',(0.,-80.3999984867871,12.7));
#15772=CARTESIAN_POINT('',(0.,-80.3999984867871,12.7));
#15773=CARTESIAN_POINT('Origin',(0.,-54.9999984867871,12.7));
#15774=CARTESIAN_POINT('',(0.,-54.9999984867871,12.7));
#15775=CARTESIAN_POINT('Origin',(0.,-54.9999984867871,-12.7));
#15776=CARTESIAN_POINT('',(0.,0.,0.));
#15777=CARTESIAN_POINT('Origin',(-533.399988077581,-477.2,38.));
#15778=CARTESIAN_POINT('',(-524.899988077581,-477.2,38.));
#15779=CARTESIAN_POINT('Origin',(-533.399988077581,-477.2,38.));
#15780=CARTESIAN_POINT('',(-524.899988077581,-477.2,33.));
#15781=CARTESIAN_POINT('',(-524.899988077581,-477.2,38.));
#15782=CARTESIAN_POINT('Origin',(-533.399988077581,-477.2,33.));
#15783=CARTESIAN_POINT('Origin',(-533.399988077581,-477.2,38.));
#15784=CARTESIAN_POINT('',(-524.899988077581,-477.2,-33.));
#15785=CARTESIAN_POINT('Origin',(-533.399988077581,-477.2,-33.));
#15786=CARTESIAN_POINT('',(-524.899988077581,-477.2,-38.));
#15787=CARTESIAN_POINT('',(-524.899988077581,-477.2,38.));
#15788=CARTESIAN_POINT('Origin',(-533.399988077581,-477.2,-38.));
#15789=CARTESIAN_POINT('Origin',(-513.399988077581,-457.2,-33.));
#15790=CARTESIAN_POINT('',(-553.399988077581,-462.2,-33.));
#15791=CARTESIAN_POINT('',(-513.399988077581,-462.2,-33.));
#15792=CARTESIAN_POINT('',(-513.399988077581,-462.2,-33.));
#15793=CARTESIAN_POINT('',(-553.399988077581,-492.2,-33.));
#15794=CARTESIAN_POINT('',(-553.399988077581,-457.2,-33.));
#15795=CARTESIAN_POINT('',(-513.399988077581,-492.2,-33.));
#15796=CARTESIAN_POINT('',(-513.399988077581,-492.2,-33.));
#15797=CARTESIAN_POINT('',(-513.399988077581,-457.2,-33.));
#15798=CARTESIAN_POINT('Origin',(-553.399988077581,-457.2,-38.));
#15799=CARTESIAN_POINT('',(-553.399988077581,-457.2,-38.));
#15800=CARTESIAN_POINT('',(-513.399988077581,-457.2,-38.));
#15801=CARTESIAN_POINT('',(-553.399988077581,-457.2,-38.));
#15802=CARTESIAN_POINT('',(-513.399988077581,-492.2,-38.));
#15803=CARTESIAN_POINT('',(-513.399988077581,-457.2,-38.));
#15804=CARTESIAN_POINT('',(-553.399988077581,-492.2,-38.));
#15805=CARTESIAN_POINT('',(-553.399988077581,-492.2,-38.));
#15806=CARTESIAN_POINT('',(-553.399988077581,-457.2,-38.));
#15807=CARTESIAN_POINT('Origin',(-533.399988077581,-492.2,-35.5));
#15808=CARTESIAN_POINT('',(-553.399988077581,-492.2,-33.));
#15809=CARTESIAN_POINT('',(-513.399988077581,-492.2,-38.));
#15810=CARTESIAN_POINT('Origin',(-553.399988077581,-457.2,33.));
#15811=CARTESIAN_POINT('',(-513.399988077581,-462.2,33.));
#15812=CARTESIAN_POINT('',(-553.399988077581,-462.2,33.));
#15813=CARTESIAN_POINT('',(-513.399988077581,-462.2,33.));
#15814=CARTESIAN_POINT('',(-513.399988077581,-492.2,33.));
#15815=CARTESIAN_POINT('',(-513.399988077581,-457.2,33.));
#15816=CARTESIAN_POINT('',(-553.399988077581,-492.2,33.));
#15817=CARTESIAN_POINT('',(-513.399988077581,-492.2,33.));
#15818=CARTESIAN_POINT('',(-553.399988077581,-457.2,33.));
#15819=CARTESIAN_POINT('Origin',(-513.399988077581,-457.2,38.));
#15820=CARTESIAN_POINT('',(-553.399988077581,-457.2,38.));
#15821=CARTESIAN_POINT('',(-513.399988077581,-457.2,38.));
#15822=CARTESIAN_POINT('',(-553.399988077581,-457.2,38.));
#15823=CARTESIAN_POINT('',(-553.399988077581,-492.2,38.));
#15824=CARTESIAN_POINT('',(-553.399988077581,-457.2,38.));
#15825=CARTESIAN_POINT('',(-513.399988077581,-492.2,38.));
#15826=CARTESIAN_POINT('',(-553.399988077581,-492.2,38.));
#15827=CARTESIAN_POINT('',(-513.399988077581,-457.2,38.));
#15828=CARTESIAN_POINT('Origin',(-533.399988077581,-492.2,35.5));
#15829=CARTESIAN_POINT('',(-513.399988077581,-492.2,38.));
#15830=CARTESIAN_POINT('',(-553.399988077581,-492.2,33.));
#15831=CARTESIAN_POINT('Origin',(-513.399988077581,-457.2,-33.));
#15832=CARTESIAN_POINT('',(-513.399988077581,-457.2,-38.));
#15833=CARTESIAN_POINT('',(-513.399988077581,-462.2,-38.));
#15834=CARTESIAN_POINT('Origin',(-553.399988077581,-457.2,33.));
#15835=CARTESIAN_POINT('',(-553.399988077581,-457.2,33.));
#15836=CARTESIAN_POINT('',(-553.399988077581,-462.2,38.));
#15837=CARTESIAN_POINT('Origin',(-533.399988077581,-462.2,0.));
#15838=CARTESIAN_POINT('Origin',(-533.399988077581,-457.2,0.));
#15839=CARTESIAN_POINT('',(0.,0.,0.));
#15840=CARTESIAN_POINT('Origin',(-531.864052531899,-537.5,-13.8133581053224));
#15841=CARTESIAN_POINT('',(-533.691101544328,-512.519126859281,-10.5246698829496));
#15842=CARTESIAN_POINT('',(-533.000007942319,-512.5,-11.7686383665661));
#15843=CARTESIAN_POINT('Origin',(-533.000007942319,-525.00000782311,-11.7686383665661));
#15844=CARTESIAN_POINT('',(-533.691101544328,-512.5,-10.5246698829497));
#15845=CARTESIAN_POINT('',(-533.691101544328,-537.5,-10.5246698829496));
#15846=CARTESIAN_POINT('',(-533.691101544328,-512.5,-10.5246698829496));
#15847=CARTESIAN_POINT('Origin',(-531.864052531899,-537.5,-13.8133581053224));
#15848=CARTESIAN_POINT('',(-531.864052531899,-512.5517306208,-13.8133581053224));
#15849=CARTESIAN_POINT('Origin',(-533.000007942319,-525.00000782311,-11.7686383665661));
#15850=CARTESIAN_POINT('',(-531.864052531899,-512.5,-13.8133581053224));
#15851=CARTESIAN_POINT('',(-533.691101544328,-512.5,-10.5246698829496));
#15852=CARTESIAN_POINT('',(-531.864052531899,-537.5,-13.8133581053224));
#15853=CARTESIAN_POINT('Origin',(-522.327056954748,-518.493233106177,-4.21131177762727));
#15854=CARTESIAN_POINT('',(-533.000007942319,-512.5,-10.1407289929445));
#15855=CARTESIAN_POINT('Origin',(-533.000007942319,-525.00000782311,-10.1407289929445));
#15856=CARTESIAN_POINT('',(-522.327056954748,-512.5,-4.21131177762727));
#15857=CARTESIAN_POINT('Origin',(-533.000007942319,-525.00000782311,0.));
#15858=CARTESIAN_POINT('',(-545.500007942319,-525.00000782311,31.5));
#15859=CARTESIAN_POINT('Origin',(-533.000007942319,-525.00000782311,31.5));
#15860=CARTESIAN_POINT('',(-545.500007942319,-525.00000782311,-31.5));
#15861=CARTESIAN_POINT('',(-545.500007942319,-525.00000782311,0.));
#15862=CARTESIAN_POINT('Origin',(-533.000007942319,-525.00000782311,-31.5));
#15863=CARTESIAN_POINT('',(-526.232051071081,-535.509278006575,-10.6844684048681));
#15864=CARTESIAN_POINT('Origin',(-533.000007942319,-525.00000782311,-14.4444444444447));
#15865=CARTESIAN_POINT('',(-541.000007942319,-534.604694179259,-14.95));
#15866=CARTESIAN_POINT('Ctrl Pts',(-526.232051071081,-535.509278006575,
-10.6844684048682));
#15867=CARTESIAN_POINT('Ctrl Pts',(-526.001609442582,-535.360873885661,
-11.050101378916));
#15868=CARTESIAN_POINT('Ctrl Pts',(-525.79807950769,-535.21895980768,-11.4391635713784));
#15869=CARTESIAN_POINT('Ctrl Pts',(-525.215612780305,-534.7935275564,-12.8221416879672));
#15870=CARTESIAN_POINT('Ctrl Pts',(-525.000007942319,-534.604694179259,
-13.9033444136374));
#15871=CARTESIAN_POINT('Ctrl Pts',(-525.000007942319,-534.604694179259,
-15.9966555863626));
#15872=CARTESIAN_POINT('Ctrl Pts',(-525.215612780305,-534.7935275564,-17.0778583120328));
#15873=CARTESIAN_POINT('Ctrl Pts',(-526.038855242108,-535.394821806196,
-19.0325215671033));
#15874=CARTESIAN_POINT('Ctrl Pts',(-526.64655033801,-535.793237559976,-19.9102508946758));
#15875=CARTESIAN_POINT('Ctrl Pts',(-528.033550252013,-536.497125014203,
-21.2972508086783));
#15876=CARTESIAN_POINT('Ctrl Pts',(-528.912787679886,-536.856316928232,
-21.9091436362006));
#15877=CARTESIAN_POINT('Ctrl Pts',(-530.876483540384,-537.359946377648,
-22.7362505841662));
#15878=CARTESIAN_POINT('Ctrl Pts',(-531.96267814699,-537.50000782311,-22.95));
#15879=CARTESIAN_POINT('Ctrl Pts',(-534.037337737648,-537.50000782311,-22.95));
#15880=CARTESIAN_POINT('Ctrl Pts',(-535.123532344254,-537.359946377648,
-22.7362505841662));
#15881=CARTESIAN_POINT('Ctrl Pts',(-537.087228204752,-536.856316928232,
-21.9091436362006));
#15882=CARTESIAN_POINT('Ctrl Pts',(-537.966465632625,-536.497125014203,
-21.2972508086783));
#15883=CARTESIAN_POINT('Ctrl Pts',(-539.353465546628,-535.793237559976,
-19.9102508946758));
#15884=CARTESIAN_POINT('Ctrl Pts',(-539.96116064253,-535.394821806196,-19.0325215671033));
#15885=CARTESIAN_POINT('Ctrl Pts',(-540.784403104333,-534.7935275564,-17.0778583120328));
#15886=CARTESIAN_POINT('Ctrl Pts',(-541.000007942319,-534.604694179259,
-15.9966555863626));
#15887=CARTESIAN_POINT('Ctrl Pts',(-541.000007942319,-534.604694179259,
-14.95));
#15888=CARTESIAN_POINT('',(-533.000007942319,-537.5,-6.95000000000003));
#15889=CARTESIAN_POINT('Ctrl Pts',(-541.000007942319,-534.604694179259,
-14.95));
#15890=CARTESIAN_POINT('Ctrl Pts',(-541.000007942319,-534.604694179259,
-13.9033444136374));
#15891=CARTESIAN_POINT('Ctrl Pts',(-540.784403104333,-534.7935275564,-12.8221416879672));
#15892=CARTESIAN_POINT('Ctrl Pts',(-539.96116064253,-535.394821806196,-10.8674784328967));
#15893=CARTESIAN_POINT('Ctrl Pts',(-539.353465546628,-535.793237559976,
-9.98974910532425));
#15894=CARTESIAN_POINT('Ctrl Pts',(-537.966465632625,-536.497125014203,
-8.60274919132168));
#15895=CARTESIAN_POINT('Ctrl Pts',(-537.087228204752,-536.856316928232,
-7.99085636379938));
#15896=CARTESIAN_POINT('Ctrl Pts',(-535.123532344254,-537.359946377648,
-7.16374941583379));
#15897=CARTESIAN_POINT('Ctrl Pts',(-534.037337737648,-537.50000782311,-6.95000000000003));
#15898=CARTESIAN_POINT('Ctrl Pts',(-533.000007942319,-537.50000782311,-6.95000000000003));
#15899=CARTESIAN_POINT('',(-533.000007942319,-537.5,21.8037154515001));
#15900=CARTESIAN_POINT('',(-533.000007942319,-537.5,0.));
#15901=CARTESIAN_POINT('',(-524.122500539525,-533.8,21.8037154515001));
#15902=CARTESIAN_POINT('Origin',(-533.000007942319,-525.00000782311,21.8037154515001));
#15903=CARTESIAN_POINT('',(-524.122500539525,-533.8,-5.20878043583638));
#15904=CARTESIAN_POINT('',(-524.122500539525,-533.8,0.));
#15905=CARTESIAN_POINT('Origin',(-533.000007942319,-525.00000782311,-10.1407289929445));
#15906=CARTESIAN_POINT('Origin',(-461.966497038556,-525.,29.3223326202571));
#15907=CARTESIAN_POINT('',(-461.966497038556,-520.65,29.3223326202571));
#15908=CARTESIAN_POINT('Origin',(-461.966497038556,-525.,29.3223326202572));
#15909=CARTESIAN_POINT('',(-460.139448026127,-520.65,26.0336443978846));
#15910=CARTESIAN_POINT('',(-461.966497038556,-520.65,29.3223326202571));
#15911=CARTESIAN_POINT('Origin',(-460.139448026127,-525.,26.0336443978846));
#15912=CARTESIAN_POINT('Origin',(-522.327056954748,-537.5,-4.21131177762727));
#15913=CARTESIAN_POINT('',(-463.321440816544,-512.5,28.5695860769303));
#15914=CARTESIAN_POINT('',(-463.321440816544,-537.5,28.5695860769303));
#15915=CARTESIAN_POINT('Origin',(-463.321440816544,-525.,28.5695860769303));
#15916=CARTESIAN_POINT('',(-522.327056954748,-512.5,-4.21131177762727));
#15917=CARTESIAN_POINT('',(-475.500007942319,-533.8,21.8037154515001));
#15918=CARTESIAN_POINT('',(-522.797598016334,-533.8,-4.47272347850815));
#15919=CARTESIAN_POINT('',(-475.500007942319,-537.5,21.8037154515001));
#15920=CARTESIAN_POINT('',(-475.500007942319,-537.5,21.8037154515001));
#15921=CARTESIAN_POINT('',(-452.394474865025,-537.5,34.6401227166631));
#15922=CARTESIAN_POINT('Origin',(-462.864678563437,-525.,27.7474140213371));
#15923=CARTESIAN_POINT('',(-461.494391804115,-537.5,25.2808978545577));
#15924=CARTESIAN_POINT('',(-461.494391804115,-512.5,25.2808978545577));
#15925=CARTESIAN_POINT('Origin',(-461.494391804115,-525.,25.2808978545577));
#15926=CARTESIAN_POINT('',(-462.864678563437,-512.5,27.7474140213371));
#15927=CARTESIAN_POINT('',(-462.864678563437,-537.5,27.7474140213371));
#15928=CARTESIAN_POINT('Origin',(-486.447241403672,-512.5,13.5700613583316));
#15929=CARTESIAN_POINT('',(-520.500007942319,-512.5,-7.5));
#15930=CARTESIAN_POINT('Origin',(-450.567425852596,-537.5,31.3514344942906));
#15931=CARTESIAN_POINT('',(-526.232051071081,-537.5,-10.6844684048681));
#15932=CARTESIAN_POINT('',(-520.500007942319,-537.5,-7.5));
#15933=CARTESIAN_POINT('',(-526.232051071081,-537.5,-10.6844684048681));
#15934=CARTESIAN_POINT('Origin',(-533.000007942319,-537.5,-14.95));
#15935=CARTESIAN_POINT('Origin',(-533.000007942319,-537.5,-14.95));
#15936=CARTESIAN_POINT('',(-541.000007942319,-662.5,-14.95));
#15937=CARTESIAN_POINT('',(-541.000007942319,-537.5,-14.95));
#15938=CARTESIAN_POINT('Origin',(-533.000007942319,-662.5,-14.95));
#15939=CARTESIAN_POINT('Origin',(-533.000007942319,-662.5,-14.95));
#15940=CARTESIAN_POINT('Origin',(-533.000007942319,-525.00000782311,0.));
#15941=CARTESIAN_POINT('',(-541.500007942319,-525.00000782311,31.5));
#15942=CARTESIAN_POINT('Origin',(-533.000007942319,-525.00000782311,31.5));
#15943=CARTESIAN_POINT('',(-541.500007942319,-525.00000782311,-31.5));
#15944=CARTESIAN_POINT('',(-541.500007942319,-525.00000782311,0.));
#15945=CARTESIAN_POINT('Origin',(-533.000007942319,-525.00000782311,-31.5));
#15946=CARTESIAN_POINT('Origin',(-486.447241403672,-537.5,13.5700613583316));
#15947=CARTESIAN_POINT('',(-520.500007942319,-537.5,21.8037154515001));
#15948=CARTESIAN_POINT('Origin',(-520.500007942319,-537.5,21.8037154515001));
#15949=CARTESIAN_POINT('',(-520.500007942319,-533.8,21.8037154515001));
#15950=CARTESIAN_POINT('Origin',(-498.000007942319,-533.8,9.30371545150014));
#15951=CARTESIAN_POINT('Origin',(-533.000007942319,-525.00000782311,-31.5));
#15952=CARTESIAN_POINT('Origin',(-533.000007942319,-525.00000782311,31.5));
#15953=CARTESIAN_POINT('',(0.,0.,0.));
#15954=CARTESIAN_POINT('Origin',(-533.399988077581,-457.2,0.));
#15955=CARTESIAN_POINT('',(-546.099988077581,-457.2,-12.7));
#15956=CARTESIAN_POINT('',(-520.699988077581,-457.2,-12.7));
#15957=CARTESIAN_POINT('',(-546.099988077581,-457.2,-12.7));
#15958=CARTESIAN_POINT('',(-520.699988077581,-457.2,12.7));
#15959=CARTESIAN_POINT('',(-520.699988077581,-457.2,-12.7));
#15960=CARTESIAN_POINT('',(-546.099988077581,-457.2,12.7));
#15961=CARTESIAN_POINT('',(-520.699988077581,-457.2,12.7));
#15962=CARTESIAN_POINT('',(-546.099988077581,-457.2,12.7));
#15963=CARTESIAN_POINT('',(-523.239988077581,-457.2,-10.16));
#15964=CARTESIAN_POINT('',(-543.559988077581,-457.2,-10.16));
#15965=CARTESIAN_POINT('',(-543.559988077581,-457.2,-10.16));
#15966=CARTESIAN_POINT('',(-543.559988077581,-457.2,10.16));
#15967=CARTESIAN_POINT('',(-543.559988077581,-457.2,10.16));
#15968=CARTESIAN_POINT('',(-523.239988077581,-457.2,10.16));
#15969=CARTESIAN_POINT('',(-523.239988077581,-457.2,10.16));
#15970=CARTESIAN_POINT('',(-523.239988077581,-457.2,-10.16));
#15971=CARTESIAN_POINT('Origin',(-543.559988077581,0.,10.16));
#15972=CARTESIAN_POINT('',(-543.559988077581,457.2,-10.16));
#15973=CARTESIAN_POINT('',(-543.559988077581,0.,-10.16));
#15974=CARTESIAN_POINT('',(-543.559988077581,457.2,10.16));
#15975=CARTESIAN_POINT('',(-543.559988077581,457.2,10.16));
#15976=CARTESIAN_POINT('',(-543.559988077581,0.,10.16));
#15977=CARTESIAN_POINT('Origin',(-523.239988077581,0.,10.16));
#15978=CARTESIAN_POINT('',(-523.239988077581,457.2,10.16));
#15979=CARTESIAN_POINT('',(-523.239988077581,457.2,10.16));
#15980=CARTESIAN_POINT('',(-523.239988077581,0.,10.16));
#15981=CARTESIAN_POINT('Origin',(-523.239988077581,0.,-10.16));
#15982=CARTESIAN_POINT('',(-523.239988077581,457.2,-10.16));
#15983=CARTESIAN_POINT('',(-523.239988077581,457.2,-10.16));
#15984=CARTESIAN_POINT('',(-523.239988077581,0.,-10.16));
#15985=CARTESIAN_POINT('Origin',(-543.559988077581,0.,-10.16));
#15986=CARTESIAN_POINT('',(-543.559988077581,457.2,-10.16));
#15987=CARTESIAN_POINT('Origin',(-520.699988077581,0.,12.7));
#15988=CARTESIAN_POINT('',(-520.699988077581,457.2,-12.7));
#15989=CARTESIAN_POINT('',(-520.699988077581,0.,-12.7));
#15990=CARTESIAN_POINT('',(-520.699988077581,457.2,12.7));
#15991=CARTESIAN_POINT('',(-520.699988077581,457.2,-12.7));
#15992=CARTESIAN_POINT('',(-520.699988077581,0.,12.7));
#15993=CARTESIAN_POINT('Origin',(-546.099988077581,0.,12.7));
#15994=CARTESIAN_POINT('',(-546.099988077581,457.2,12.7));
#15995=CARTESIAN_POINT('',(-520.699988077581,457.2,12.7));
#15996=CARTESIAN_POINT('',(-546.099988077581,0.,12.7));
#15997=CARTESIAN_POINT('Origin',(-546.099988077581,0.,-12.7));
#15998=CARTESIAN_POINT('',(-546.099988077581,457.2,-12.7));
#15999=CARTESIAN_POINT('',(-546.099988077581,457.2,12.7));
#16000=CARTESIAN_POINT('',(-546.099988077581,0.,-12.7));
#16001=CARTESIAN_POINT('Origin',(-520.699988077581,0.,-12.7));
#16002=CARTESIAN_POINT('',(-546.099988077581,457.2,-12.7));
#16003=CARTESIAN_POINT('Origin',(-533.399988077581,457.2,0.));
#16004=CARTESIAN_POINT('',(0.,0.,0.));
#16005=CARTESIAN_POINT('Origin',(-533.399988077581,-477.2,-38.));
#16006=CARTESIAN_POINT('',(-524.899988077581,-477.2,-38.));
#16007=CARTESIAN_POINT('Origin',(-533.399988077581,-477.2,-38.));
#16008=CARTESIAN_POINT('',(-524.899988077581,-477.2,-33.));
#16009=CARTESIAN_POINT('',(-524.899988077581,-477.2,-38.));
#16010=CARTESIAN_POINT('Origin',(-533.399988077581,-477.2,-33.));
#16011=CARTESIAN_POINT('Origin',(-533.399988077581,-477.2,-38.));
#16012=CARTESIAN_POINT('',(-524.899988077581,-477.2,33.));
#16013=CARTESIAN_POINT('Origin',(-533.399988077581,-477.2,33.));
#16014=CARTESIAN_POINT('',(-524.899988077581,-477.2,38.));
#16015=CARTESIAN_POINT('',(-524.899988077581,-477.2,-38.));
#16016=CARTESIAN_POINT('Origin',(-533.399988077581,-477.2,38.));
#16017=CARTESIAN_POINT('Origin',(-513.399988077581,-457.2,33.));
#16018=CARTESIAN_POINT('',(-553.399988077581,-462.2,33.));
#16019=CARTESIAN_POINT('',(-513.399988077581,-462.2,33.));
#16020=CARTESIAN_POINT('',(-513.399988077581,-462.2,33.));
#16021=CARTESIAN_POINT('',(-513.399988077581,-492.2,33.));
#16022=CARTESIAN_POINT('',(-513.399988077581,-457.2,33.));
#16023=CARTESIAN_POINT('',(-553.399988077581,-492.2,33.));
#16024=CARTESIAN_POINT('',(-513.399988077581,-492.2,33.));
#16025=CARTESIAN_POINT('',(-553.399988077581,-457.2,33.));
#16026=CARTESIAN_POINT('Origin',(-553.399988077581,-457.2,38.));
#16027=CARTESIAN_POINT('',(-553.399988077581,-457.2,38.));
#16028=CARTESIAN_POINT('',(-513.399988077581,-457.2,38.));
#16029=CARTESIAN_POINT('',(-553.399988077581,-457.2,38.));
#16030=CARTESIAN_POINT('',(-553.399988077581,-492.2,38.));
#16031=CARTESIAN_POINT('',(-553.399988077581,-457.2,38.));
#16032=CARTESIAN_POINT('',(-513.399988077581,-492.2,38.));
#16033=CARTESIAN_POINT('',(-553.399988077581,-492.2,38.));
#16034=CARTESIAN_POINT('',(-513.399988077581,-457.2,38.));
#16035=CARTESIAN_POINT('Origin',(-533.399988077581,-492.2,35.5));
#16036=CARTESIAN_POINT('',(-553.399988077581,-492.2,33.));
#16037=CARTESIAN_POINT('',(-513.399988077581,-492.2,38.));
#16038=CARTESIAN_POINT('Origin',(-553.399988077581,-457.2,-33.));
#16039=CARTESIAN_POINT('',(-513.399988077581,-462.2,-33.));
#16040=CARTESIAN_POINT('',(-553.399988077581,-462.2,-33.));
#16041=CARTESIAN_POINT('',(-513.399988077581,-462.2,-33.));
#16042=CARTESIAN_POINT('',(-553.399988077581,-492.2,-33.));
#16043=CARTESIAN_POINT('',(-553.399988077581,-457.2,-33.));
#16044=CARTESIAN_POINT('',(-513.399988077581,-492.2,-33.));
#16045=CARTESIAN_POINT('',(-513.399988077581,-492.2,-33.));
#16046=CARTESIAN_POINT('',(-513.399988077581,-457.2,-33.));
#16047=CARTESIAN_POINT('Origin',(-513.399988077581,-457.2,-38.));
#16048=CARTESIAN_POINT('',(-553.399988077581,-457.2,-38.));
#16049=CARTESIAN_POINT('',(-513.399988077581,-457.2,-38.));
#16050=CARTESIAN_POINT('',(-553.399988077581,-457.2,-38.));
#16051=CARTESIAN_POINT('',(-513.399988077581,-492.2,-38.));
#16052=CARTESIAN_POINT('',(-513.399988077581,-457.2,-38.));
#16053=CARTESIAN_POINT('',(-553.399988077581,-492.2,-38.));
#16054=CARTESIAN_POINT('',(-553.399988077581,-492.2,-38.));
#16055=CARTESIAN_POINT('',(-553.399988077581,-457.2,-38.));
#16056=CARTESIAN_POINT('Origin',(-533.399988077581,-492.2,-35.5));
#16057=CARTESIAN_POINT('',(-553.399988077581,-492.2,-33.));
#16058=CARTESIAN_POINT('',(-513.399988077581,-492.2,-38.));
#16059=CARTESIAN_POINT('Origin',(-513.399988077581,-457.2,33.));
#16060=CARTESIAN_POINT('',(-513.399988077581,-457.2,38.));
#16061=CARTESIAN_POINT('',(-513.399988077581,-462.2,38.));
#16062=CARTESIAN_POINT('Origin',(-553.399988077581,-457.2,-33.));
#16063=CARTESIAN_POINT('',(-553.399988077581,-457.2,-33.));
#16064=CARTESIAN_POINT('',(-553.399988077581,-462.2,-38.));
#16065=CARTESIAN_POINT('Origin',(-533.399988077581,-462.2,0.));
#16066=CARTESIAN_POINT('Origin',(-533.399988077581,-457.2,0.));
#16067=CARTESIAN_POINT('',(0.,0.,0.));
#16068=CARTESIAN_POINT('Origin',(-533.399988077581,-477.2,38.));
#16069=CARTESIAN_POINT('',(-525.399988077581,-477.2,-57.));
#16070=CARTESIAN_POINT('Origin',(-533.399988077581,-477.2,-57.));
#16071=CARTESIAN_POINT('',(-525.399988077581,-477.2,38.));
#16072=CARTESIAN_POINT('',(-525.399988077581,-477.2,38.));
#16073=CARTESIAN_POINT('Origin',(-533.399988077581,-477.2,38.));
#16074=CARTESIAN_POINT('Origin',(-533.399988077581,-477.2,-57.));
#16075=CARTESIAN_POINT('Origin',(-519.54358161703,-477.2,38.));
#16076=CARTESIAN_POINT('',(-519.54358161703,-477.2,38.));
#16077=CARTESIAN_POINT('',(-526.471784847305,-465.2,38.));
#16078=CARTESIAN_POINT('',(-519.54358161703,-477.2,38.));
#16079=CARTESIAN_POINT('',(-526.471784847305,-465.2,48.));
#16080=CARTESIAN_POINT('',(-526.471784847305,-465.2,38.));
#16081=CARTESIAN_POINT('',(-519.54358161703,-477.2,48.));
#16082=CARTESIAN_POINT('',(-519.54358161703,-477.2,48.));
#16083=CARTESIAN_POINT('',(-519.54358161703,-477.2,38.));
#16084=CARTESIAN_POINT('Origin',(-526.471784847305,-489.2,38.));
#16085=CARTESIAN_POINT('',(-526.471784847305,-489.2,38.));
#16086=CARTESIAN_POINT('',(-526.471784847305,-489.2,38.));
#16087=CARTESIAN_POINT('',(-526.471784847305,-489.2,48.));
#16088=CARTESIAN_POINT('',(-526.471784847305,-489.2,48.));
#16089=CARTESIAN_POINT('',(-526.471784847305,-489.2,38.));
#16090=CARTESIAN_POINT('Origin',(-540.328191307857,-489.2,38.));
#16091=CARTESIAN_POINT('',(-540.328191307857,-489.2,38.));
#16092=CARTESIAN_POINT('',(-540.328191307857,-489.2,38.));
#16093=CARTESIAN_POINT('',(-540.328191307857,-489.2,48.));
#16094=CARTESIAN_POINT('',(-540.328191307857,-489.2,48.));
#16095=CARTESIAN_POINT('',(-540.328191307857,-489.2,38.));
#16096=CARTESIAN_POINT('Origin',(-547.256394538132,-477.2,38.));
#16097=CARTESIAN_POINT('',(-547.256394538132,-477.2,38.));
#16098=CARTESIAN_POINT('',(-547.256394538132,-477.2,38.));
#16099=CARTESIAN_POINT('',(-547.256394538132,-477.2,48.));
#16100=CARTESIAN_POINT('',(-547.256394538132,-477.2,48.));
#16101=CARTESIAN_POINT('',(-547.256394538132,-477.2,38.));
#16102=CARTESIAN_POINT('Origin',(-540.328191307857,-465.2,38.));
#16103=CARTESIAN_POINT('',(-540.328191307857,-465.2,38.));
#16104=CARTESIAN_POINT('',(-540.328191307857,-465.2,38.));
#16105=CARTESIAN_POINT('',(-540.328191307857,-465.2,48.));
#16106=CARTESIAN_POINT('',(-540.328191307857,-465.2,48.));
#16107=CARTESIAN_POINT('',(-540.328191307857,-465.2,38.));
#16108=CARTESIAN_POINT('Origin',(-526.471784847305,-465.2,38.));
#16109=CARTESIAN_POINT('',(-526.471784847305,-465.2,38.));
#16110=CARTESIAN_POINT('',(-526.471784847305,-465.2,48.));
#16111=CARTESIAN_POINT('Origin',(-533.399988077581,-477.2,48.));
#16112=CARTESIAN_POINT('Origin',(-533.399988077581,-477.2,38.));
#16113=CARTESIAN_POINT('',(0.,0.,0.));
#16114=CARTESIAN_POINT('Origin',(-531.864052531899,-537.5,13.8133581053224));
#16115=CARTESIAN_POINT('',(-533.691101544328,-512.519126859281,10.5246698829496));
#16116=CARTESIAN_POINT('',(-533.000007942319,-512.5,11.7686383665661));
#16117=CARTESIAN_POINT('Origin',(-533.000007942319,-525.00000782311,11.7686383665661));
#16118=CARTESIAN_POINT('',(-533.691101544328,-512.5,10.5246698829497));
#16119=CARTESIAN_POINT('',(-533.691101544328,-512.5,10.5246698829496));
#16120=CARTESIAN_POINT('',(-533.691101544328,-537.5,10.5246698829496));
#16121=CARTESIAN_POINT('Origin',(-531.864052531899,-537.5,13.8133581053224));
#16122=CARTESIAN_POINT('',(-531.864052531899,-512.5517306208,13.8133581053224));
#16123=CARTESIAN_POINT('Origin',(-533.000007942319,-525.00000782311,11.7686383665661));
#16124=CARTESIAN_POINT('',(-531.864052531899,-512.5,13.8133581053224));
#16125=CARTESIAN_POINT('',(-531.864052531899,-537.5,13.8133581053224));
#16126=CARTESIAN_POINT('',(-533.691101544328,-512.5,10.5246698829496));
#16127=CARTESIAN_POINT('Origin',(-522.327056954748,-518.493233106177,4.21131177762727));
#16128=CARTESIAN_POINT('',(-533.000007942319,-512.5,10.1407289929445));
#16129=CARTESIAN_POINT('Origin',(-533.000007942319,-525.00000782311,10.1407289929445));
#16130=CARTESIAN_POINT('',(-522.327056954748,-512.5,4.21131177762727));
#16131=CARTESIAN_POINT('Origin',(-533.000007942319,-525.00000782311,0.));
#16132=CARTESIAN_POINT('',(-545.500007942319,-525.00000782311,-31.5));
#16133=CARTESIAN_POINT('Origin',(-533.000007942319,-525.00000782311,-31.5));
#16134=CARTESIAN_POINT('',(-545.500007942319,-525.00000782311,31.5));
#16135=CARTESIAN_POINT('',(-545.500007942319,-525.00000782311,0.));
#16136=CARTESIAN_POINT('Origin',(-533.000007942319,-525.00000782311,31.5));
#16137=CARTESIAN_POINT('',(-526.232051071081,-535.509278006575,10.6844684048681));
#16138=CARTESIAN_POINT('Origin',(-533.000007942319,-525.00000782311,14.4444444444447));
#16139=CARTESIAN_POINT('',(-524.122500539525,-533.8,5.20878043583638));
#16140=CARTESIAN_POINT('Origin',(-533.000007942319,-525.00000782311,10.1407289929445));
#16141=CARTESIAN_POINT('',(-524.122500539525,-533.8,-21.8037154515001));
#16142=CARTESIAN_POINT('',(-524.122500539525,-533.8,0.));
#16143=CARTESIAN_POINT('',(-533.000007942319,-537.5,-21.8037154515001));
#16144=CARTESIAN_POINT('Origin',(-533.000007942319,-525.00000782311,-21.8037154515001));
#16145=CARTESIAN_POINT('',(-533.000007942319,-537.5,6.95000000000003));
#16146=CARTESIAN_POINT('',(-533.000007942319,-537.5,0.));
#16147=CARTESIAN_POINT('',(-541.000007942319,-534.604694179259,14.95));
#16148=CARTESIAN_POINT('Ctrl Pts',(-541.000007942319,-534.604694179259,
14.95));
#16149=CARTESIAN_POINT('Ctrl Pts',(-541.000007942319,-534.604694179259,
13.9033444136374));
#16150=CARTESIAN_POINT('Ctrl Pts',(-540.784403104333,-534.7935275564,12.8221416879672));
#16151=CARTESIAN_POINT('Ctrl Pts',(-539.96116064253,-535.394821806196,10.8674784328967));
#16152=CARTESIAN_POINT('Ctrl Pts',(-539.353465546628,-535.793237559976,
9.98974910532425));
#16153=CARTESIAN_POINT('Ctrl Pts',(-537.966465632625,-536.497125014203,
8.60274919132168));
#16154=CARTESIAN_POINT('Ctrl Pts',(-537.087228204752,-536.856316928232,
7.99085636379938));
#16155=CARTESIAN_POINT('Ctrl Pts',(-535.123532344254,-537.359946377648,
7.16374941583379));
#16156=CARTESIAN_POINT('Ctrl Pts',(-534.037337737648,-537.50000782311,6.95000000000003));
#16157=CARTESIAN_POINT('Ctrl Pts',(-533.000007942319,-537.50000782311,6.95000000000003));
#16158=CARTESIAN_POINT('Ctrl Pts',(-526.232051071081,-535.509278006575,
10.6844684048682));
#16159=CARTESIAN_POINT('Ctrl Pts',(-526.001609442582,-535.360873885661,
11.050101378916));
#16160=CARTESIAN_POINT('Ctrl Pts',(-525.79807950769,-535.21895980768,11.4391635713784));
#16161=CARTESIAN_POINT('Ctrl Pts',(-525.215612780305,-534.7935275564,12.8221416879672));
#16162=CARTESIAN_POINT('Ctrl Pts',(-525.000007942319,-534.604694179259,
13.9033444136374));
#16163=CARTESIAN_POINT('Ctrl Pts',(-525.000007942319,-534.604694179259,
15.9966555863626));
#16164=CARTESIAN_POINT('Ctrl Pts',(-525.215612780305,-534.7935275564,17.0778583120328));
#16165=CARTESIAN_POINT('Ctrl Pts',(-526.038855242108,-535.394821806196,
19.0325215671033));
#16166=CARTESIAN_POINT('Ctrl Pts',(-526.64655033801,-535.793237559976,19.9102508946758));
#16167=CARTESIAN_POINT('Ctrl Pts',(-528.033550252013,-536.497125014203,
21.2972508086783));
#16168=CARTESIAN_POINT('Ctrl Pts',(-528.912787679886,-536.856316928232,
21.9091436362006));
#16169=CARTESIAN_POINT('Ctrl Pts',(-530.876483540384,-537.359946377648,
22.7362505841662));
#16170=CARTESIAN_POINT('Ctrl Pts',(-531.96267814699,-537.50000782311,22.95));
#16171=CARTESIAN_POINT('Ctrl Pts',(-534.037337737648,-537.50000782311,22.95));
#16172=CARTESIAN_POINT('Ctrl Pts',(-535.123532344254,-537.359946377648,
22.7362505841662));
#16173=CARTESIAN_POINT('Ctrl Pts',(-537.087228204752,-536.856316928232,
21.9091436362006));
#16174=CARTESIAN_POINT('Ctrl Pts',(-537.966465632625,-536.497125014203,
21.2972508086783));
#16175=CARTESIAN_POINT('Ctrl Pts',(-539.353465546628,-535.793237559976,
19.9102508946758));
#16176=CARTESIAN_POINT('Ctrl Pts',(-539.96116064253,-535.394821806196,19.0325215671033));
#16177=CARTESIAN_POINT('Ctrl Pts',(-540.784403104333,-534.7935275564,17.0778583120328));
#16178=CARTESIAN_POINT('Ctrl Pts',(-541.000007942319,-534.604694179259,
15.9966555863626));
#16179=CARTESIAN_POINT('Ctrl Pts',(-541.000007942319,-534.604694179259,
14.95));
#16180=CARTESIAN_POINT('Origin',(-461.966497038556,-525.,-29.3223326202571));
#16181=CARTESIAN_POINT('',(-461.966497038556,-520.65,-29.3223326202571));
#16182=CARTESIAN_POINT('Origin',(-461.966497038556,-525.,-29.3223326202572));
#16183=CARTESIAN_POINT('',(-460.139448026127,-520.65,-26.0336443978846));
#16184=CARTESIAN_POINT('',(-461.966497038556,-520.65,-29.3223326202571));
#16185=CARTESIAN_POINT('Origin',(-460.139448026127,-525.,-26.0336443978846));
#16186=CARTESIAN_POINT('Origin',(-522.327056954748,-537.5,4.21131177762727));
#16187=CARTESIAN_POINT('',(-463.321440816544,-512.5,-28.5695860769303));
#16188=CARTESIAN_POINT('',(-463.321440816544,-537.5,-28.5695860769303));
#16189=CARTESIAN_POINT('Origin',(-463.321440816544,-525.,-28.5695860769303));
#16190=CARTESIAN_POINT('',(-475.500007942319,-537.5,-21.8037154515001));
#16191=CARTESIAN_POINT('',(-452.394474865025,-537.5,-34.6401227166631));
#16192=CARTESIAN_POINT('',(-475.500007942319,-533.8,-21.8037154515001));
#16193=CARTESIAN_POINT('',(-475.500007942319,-537.5,-21.8037154515001));
#16194=CARTESIAN_POINT('',(-522.797598016334,-533.8,4.47272347850815));
#16195=CARTESIAN_POINT('',(-522.327056954748,-512.5,4.21131177762727));
#16196=CARTESIAN_POINT('Origin',(-462.864678563437,-525.,-27.7474140213371));
#16197=CARTESIAN_POINT('',(-461.494391804115,-537.5,-25.2808978545577));
#16198=CARTESIAN_POINT('',(-461.494391804115,-512.5,-25.2808978545577));
#16199=CARTESIAN_POINT('Origin',(-461.494391804115,-525.,-25.2808978545577));
#16200=CARTESIAN_POINT('',(-462.864678563437,-537.5,-27.7474140213371));
#16201=CARTESIAN_POINT('',(-462.864678563437,-512.5,-27.7474140213371));
#16202=CARTESIAN_POINT('Origin',(-486.447241403672,-512.5,-13.5700613583316));
#16203=CARTESIAN_POINT('',(-520.500007942319,-512.5,7.5));
#16204=CARTESIAN_POINT('Origin',(-450.567425852596,-537.5,-31.3514344942906));
#16205=CARTESIAN_POINT('',(-526.232051071081,-537.5,10.6844684048681));
#16206=CARTESIAN_POINT('',(-526.232051071081,-537.5,10.6844684048681));
#16207=CARTESIAN_POINT('',(-520.500007942319,-537.5,7.5));
#16208=CARTESIAN_POINT('Origin',(-533.000007942319,-537.5,14.95));
#16209=CARTESIAN_POINT('Origin',(-533.000007942319,-537.5,14.95));
#16210=CARTESIAN_POINT('',(-541.000007942319,-662.5,14.95));
#16211=CARTESIAN_POINT('',(-541.000007942319,-537.5,14.95));
#16212=CARTESIAN_POINT('Origin',(-533.000007942319,-662.5,14.95));
#16213=CARTESIAN_POINT('Origin',(-533.000007942319,-662.5,14.95));
#16214=CARTESIAN_POINT('Origin',(-533.000007942319,-525.00000782311,0.));
#16215=CARTESIAN_POINT('',(-541.500007942319,-525.00000782311,-31.5));
#16216=CARTESIAN_POINT('Origin',(-533.000007942319,-525.00000782311,-31.5));
#16217=CARTESIAN_POINT('',(-541.500007942319,-525.00000782311,31.5));
#16218=CARTESIAN_POINT('',(-541.500007942319,-525.00000782311,0.));
#16219=CARTESIAN_POINT('Origin',(-533.000007942319,-525.00000782311,31.5));
#16220=CARTESIAN_POINT('Origin',(-486.447241403672,-537.5,-13.5700613583316));
#16221=CARTESIAN_POINT('',(-520.500007942319,-537.5,-21.8037154515001));
#16222=CARTESIAN_POINT('Origin',(-520.500007942319,-537.5,-21.8037154515001));
#16223=CARTESIAN_POINT('',(-520.500007942319,-533.8,-21.8037154515001));
#16224=CARTESIAN_POINT('Origin',(-498.000007942319,-533.8,-9.30371545150014));
#16225=CARTESIAN_POINT('Origin',(-533.000007942319,-525.00000782311,31.5));
#16226=CARTESIAN_POINT('Origin',(-533.000007942319,-525.00000782311,-31.5));
#16227=CARTESIAN_POINT('',(0.,0.,0.));
#16228=CARTESIAN_POINT('Origin',(-533.399988077581,-477.2,-38.));
#16229=CARTESIAN_POINT('',(-525.399988077581,-477.2,57.));
#16230=CARTESIAN_POINT('Origin',(-533.399988077581,-477.2,57.));
#16231=CARTESIAN_POINT('',(-525.399988077581,-477.2,-38.));
#16232=CARTESIAN_POINT('',(-525.399988077581,-477.2,-38.));
#16233=CARTESIAN_POINT('Origin',(-533.399988077581,-477.2,-38.));
#16234=CARTESIAN_POINT('Origin',(-533.399988077581,-477.2,57.));
#16235=CARTESIAN_POINT('Origin',(-519.54358161703,-477.2,-38.));
#16236=CARTESIAN_POINT('',(-519.54358161703,-477.2,-38.));
#16237=CARTESIAN_POINT('',(-526.471784847305,-465.2,-38.));
#16238=CARTESIAN_POINT('',(-519.54358161703,-477.2,-38.));
#16239=CARTESIAN_POINT('',(-519.54358161703,-477.2,-48.));
#16240=CARTESIAN_POINT('',(-519.54358161703,-477.2,-38.));
#16241=CARTESIAN_POINT('',(-526.471784847305,-465.2,-48.));
#16242=CARTESIAN_POINT('',(-519.54358161703,-477.2,-48.));
#16243=CARTESIAN_POINT('',(-526.471784847305,-465.2,-38.));
#16244=CARTESIAN_POINT('Origin',(-526.471784847305,-489.2,-38.));
#16245=CARTESIAN_POINT('',(-526.471784847305,-489.2,-38.));
#16246=CARTESIAN_POINT('',(-526.471784847305,-489.2,-38.));
#16247=CARTESIAN_POINT('',(-526.471784847305,-489.2,-48.));
#16248=CARTESIAN_POINT('',(-526.471784847305,-489.2,-38.));
#16249=CARTESIAN_POINT('',(-526.471784847305,-489.2,-48.));
#16250=CARTESIAN_POINT('Origin',(-540.328191307857,-489.2,-38.));
#16251=CARTESIAN_POINT('',(-540.328191307857,-489.2,-38.));
#16252=CARTESIAN_POINT('',(-540.328191307857,-489.2,-38.));
#16253=CARTESIAN_POINT('',(-540.328191307857,-489.2,-48.));
#16254=CARTESIAN_POINT('',(-540.328191307857,-489.2,-38.));
#16255=CARTESIAN_POINT('',(-540.328191307857,-489.2,-48.));
#16256=CARTESIAN_POINT('Origin',(-547.256394538132,-477.2,-38.));
#16257=CARTESIAN_POINT('',(-547.256394538132,-477.2,-38.));
#16258=CARTESIAN_POINT('',(-547.256394538132,-477.2,-38.));
#16259=CARTESIAN_POINT('',(-547.256394538132,-477.2,-48.));
#16260=CARTESIAN_POINT('',(-547.256394538132,-477.2,-38.));
#16261=CARTESIAN_POINT('',(-547.256394538132,-477.2,-48.));
#16262=CARTESIAN_POINT('Origin',(-540.328191307857,-465.2,-38.));
#16263=CARTESIAN_POINT('',(-540.328191307857,-465.2,-38.));
#16264=CARTESIAN_POINT('',(-540.328191307857,-465.2,-38.));
#16265=CARTESIAN_POINT('',(-540.328191307857,-465.2,-48.));
#16266=CARTESIAN_POINT('',(-540.328191307857,-465.2,-38.));
#16267=CARTESIAN_POINT('',(-540.328191307857,-465.2,-48.));
#16268=CARTESIAN_POINT('Origin',(-526.471784847305,-465.2,-38.));
#16269=CARTESIAN_POINT('',(-526.471784847305,-465.2,-38.));
#16270=CARTESIAN_POINT('',(-526.471784847305,-465.2,-48.));
#16271=CARTESIAN_POINT('Origin',(-533.399988077581,-477.2,-48.));
#16272=CARTESIAN_POINT('Origin',(-533.399988077581,-477.2,-38.));
#16273=CARTESIAN_POINT('',(0.,0.,0.));
#16274=CARTESIAN_POINT('Origin',(-602.733728857479,-15.2410089824312,32.3818830866843));
#16275=CARTESIAN_POINT('',(-598.233728857479,-15.2410089824312,32.3818830866843));
#16276=CARTESIAN_POINT('Origin',(-602.733728857479,-15.2410089824312,32.3818830866843));
#16277=CARTESIAN_POINT('',(-598.233728857479,-26.2410089824312,32.3818830866843));
#16278=CARTESIAN_POINT('',(-598.233728857479,-15.2410089824312,32.3818830866843));
#16279=CARTESIAN_POINT('Origin',(-602.733728857479,-26.2410089824312,32.3818830866843));
#16280=CARTESIAN_POINT('Origin',(-602.733728857479,-27.2410089824312,32.3818830866843));
#16281=CARTESIAN_POINT('',(-597.733728857479,-15.2410089824312,32.3818830866843));
#16282=CARTESIAN_POINT('Origin',(-602.733728857479,-15.2410089824312,32.3818830866843));
#16283=CARTESIAN_POINT('',(-597.733728857479,-27.2410089824312,32.3818830866843));
#16284=CARTESIAN_POINT('',(-597.733728857479,-27.2410089824312,32.3818830866843));
#16285=CARTESIAN_POINT('Origin',(-602.733728857479,-27.2410089824312,32.3818830866843));
#16286=CARTESIAN_POINT('Origin',(-602.733728857479,-15.2410089824312,32.3818830866843));
#16287=CARTESIAN_POINT('Origin',(-602.733728857479,-27.2410089824312,32.3818830866843));
#16288=CARTESIAN_POINT('',(-598.733728857479,-27.2410089824312,32.3818830866843));
#16289=CARTESIAN_POINT('Origin',(-602.733728857479,-27.2410089824312,32.3818830866843));
#16290=CARTESIAN_POINT('Origin',(-602.733728857479,-26.2410089824312,32.3818830866843));
#16291=CARTESIAN_POINT('Origin',(-602.733728857479,-450.000008982431,32.3818830866843));
#16292=CARTESIAN_POINT('',(-598.733728857479,-450.000008982431,32.3818830866843));
#16293=CARTESIAN_POINT('',(-598.733728857479,-450.000008982431,32.3818830866843));
#16294=CARTESIAN_POINT('Origin',(-602.733728857479,-450.000008982431,32.3818830866843));
#16295=CARTESIAN_POINT('Origin',(-602.733728857479,-462.000008982431,32.3818830866843));
#16296=CARTESIAN_POINT('',(-598.233728857479,-452.000008982431,32.3818830866843));
#16297=CARTESIAN_POINT('Origin',(-602.733728857479,-452.000008982431,32.3818830866843));
#16298=CARTESIAN_POINT('',(-598.233728857479,-462.000008982431,32.3818830866843));
#16299=CARTESIAN_POINT('',(-598.233728857479,-462.000008982431,32.3818830866843));
#16300=CARTESIAN_POINT('Origin',(-602.733728857479,-462.000008982431,32.3818830866843));
#16301=CARTESIAN_POINT('Origin',(-602.733728857479,-462.000008982431,32.3818830866843));
#16302=CARTESIAN_POINT('',(-597.733728857479,-462.000008982431,32.3818830866843));
#16303=CARTESIAN_POINT('Origin',(-602.733728857479,-462.000008982431,32.3818830866843));
#16304=CARTESIAN_POINT('Origin',(-602.733728857479,-452.000008982431,32.3818830866843));
#16305=CARTESIAN_POINT('',(-597.733728857479,-450.000008982431,32.3818830866843));
#16306=CARTESIAN_POINT('Origin',(-602.733728857479,-450.000008982431,32.3818830866843));
#16307=CARTESIAN_POINT('',(-597.733728857479,-452.000008982431,32.3818830866843));
#16308=CARTESIAN_POINT('Origin',(-602.733728857479,-450.000008982431,32.3818830866843));
#16309=CARTESIAN_POINT('Origin',(-602.733728857479,-452.000008982431,32.3818830866843));
#16310=CARTESIAN_POINT('',(0.,0.,0.));
#16311=CARTESIAN_POINT('Origin',(-602.733728857473,-462.00110128328,32.3818830866843));
#16312=CARTESIAN_POINT('',(-606.959262910375,-462.00110128328,33.0134636481289));
#16313=CARTESIAN_POINT('',(-606.70365518857,-462.00110128328,32.8714593582369));
#16314=CARTESIAN_POINT('',(-603.462193254243,-462.00110128328,31.0706471724995));
#16315=CARTESIAN_POINT('',(-605.50233411684,-462.00110128328,35.6359354764936));
#16316=CARTESIAN_POINT('',(-606.595030711991,-462.00110128328,33.6690816052212));
#16317=CARTESIAN_POINT('',(-605.246726395036,-462.00110128328,35.4939311866026));
#16318=CARTESIAN_POINT('',(-602.005264460707,-462.001101283281,33.6931190008642));
#16319=CARTESIAN_POINT('Origin',(-602.733728857473,-462.00110128328,32.3818830866843));
#16320=CARTESIAN_POINT('Origin',(-602.733728857473,-462.00110128328,32.3818830866843));
#16321=CARTESIAN_POINT('',(-600.220731319916,-462.001101283281,29.2698349867623));
#16322=CARTESIAN_POINT('',(-599.965123598111,-462.001101283281,29.1278306968711));
#16323=CARTESIAN_POINT('',(-603.462193254243,-462.00110128328,31.0706471724995));
#16324=CARTESIAN_POINT('',(-598.763802526378,-462.001101283281,31.8923068151259));
#16325=CARTESIAN_POINT('Origin',(-602.733728857473,-462.00110128328,32.3818830866843));
#16326=CARTESIAN_POINT('',(-598.508194804575,-462.001101283281,31.7503025252357));
#16327=CARTESIAN_POINT('',(-602.005264460707,-462.001101283281,33.6931190008642));
#16328=CARTESIAN_POINT('',(-599.600891399726,-462.001101283281,29.7834486539637));
#16329=CARTESIAN_POINT('Origin',(-595.524741664012,-473.010555004804,26.6609518445939));
#16330=CARTESIAN_POINT('',(-594.067812870476,-473.010555004804,29.2834236729585));
#16331=CARTESIAN_POINT('',(-598.508635356221,-462.000008982431,31.7505472761502));
#16332=CARTESIAN_POINT('',(-595.524741664012,-473.010555004804,26.6609518445939));
#16333=CARTESIAN_POINT('',(-595.524741664012,-473.010555004804,26.6609518445939));
#16334=CARTESIAN_POINT('',(-599.965564149757,-462.000008982431,29.1280754477855));
#16335=CARTESIAN_POINT('Origin',(-602.005264460708,-474.600004491216,33.6931190008647));
#16336=CARTESIAN_POINT('',(-598.763802526383,-462.000008982431,31.8923068151288));
#16337=CARTESIAN_POINT('',(-598.763802526378,-462.001101283281,31.8923068151259));
#16338=CARTESIAN_POINT('',(-605.246726395039,-462.000008982431,35.4939311866044));
#16339=CARTESIAN_POINT('',(-602.005264460708,-462.000008982431,33.6931190008647));
#16340=CARTESIAN_POINT('',(-605.246726395036,-462.00110128328,35.4939311866026));
#16341=CARTESIAN_POINT('',(-609.942716050939,-473.010555004804,38.1028143287707));
#16342=CARTESIAN_POINT('',(-605.501893565194,-462.000008982431,35.6356907255792));
#16343=CARTESIAN_POINT('Origin',(-602.005264460708,-477.200000000001,33.6931190008647));
#16344=CARTESIAN_POINT('',(-602.005264460708,-481.550000000001,33.6931190008647));
#16345=CARTESIAN_POINT('Origin',(-602.005264460708,-477.200000000001,33.6931190008647));
#16346=CARTESIAN_POINT('Origin',(-602.733728857479,-462.000008982431,32.3818830866843));
#16347=CARTESIAN_POINT('',(-600.220731319919,-462.000008982431,29.2698349867642));
#16348=CARTESIAN_POINT('',(-606.703655188575,-462.000008982431,32.8714593582398));
#16349=CARTESIAN_POINT('',(-603.462193254244,-462.000008982431,31.0706471725));
#16350=CARTESIAN_POINT('Origin',(-602.733728857479,-462.000008982431,32.3818830866843));
#16351=CARTESIAN_POINT('Origin',(-602.733728857479,-462.000008982431,32.3818830866843));
#16352=CARTESIAN_POINT('',(-598.733728857479,-462.000008982431,32.3818830866843));
#16353=CARTESIAN_POINT('Origin',(-602.733728857479,-462.000008982431,32.3818830866843));
#16354=CARTESIAN_POINT('Origin',(-602.733728857479,-462.000008982431,32.3818830866843));
#16355=CARTESIAN_POINT('Origin',(-602.733728857479,-462.000008982431,32.3818830866843));
#16356=CARTESIAN_POINT('',(-598.733728857479,-452.000008982431,32.3818830866843));
#16357=CARTESIAN_POINT('Origin',(-602.733728857479,-452.000008982431,32.3818830866843));
#16358=CARTESIAN_POINT('',(-598.733728857479,-462.000008982431,32.3818830866843));
#16359=CARTESIAN_POINT('',(-600.220731319916,-462.001101283281,29.2698349867623));
#16360=CARTESIAN_POINT('',(-606.70365518857,-462.00110128328,32.8714593582369));
#16361=CARTESIAN_POINT('Origin',(-602.733728857479,-452.000008982431,32.3818830866843));
#16362=CARTESIAN_POINT('Origin',(-603.462193254243,-477.200000000001,31.0706471725));
#16363=CARTESIAN_POINT('',(-603.462193254243,-481.550000000001,31.0706471725));
#16364=CARTESIAN_POINT('',(-603.462193254243,-481.550000000001,31.0706471725));
#16365=CARTESIAN_POINT('Origin',(-603.462193254243,-477.200000000001,31.0706471725));
#16366=CARTESIAN_POINT('Origin',(-603.462193254243,-477.200000000001,31.0706471725));
#16367=CARTESIAN_POINT('',(-611.399644844474,-473.010555004804,35.4803425004061));
#16368=CARTESIAN_POINT('Origin',(-603.462193254243,-477.200000000001,31.0706471725));
#16369=CARTESIAN_POINT('',(-611.399644844474,-473.010555004804,35.4803425004061));
#16370=CARTESIAN_POINT('Origin',(-606.95882235873,-462.000008982431,33.0132188972146));
#16371=CARTESIAN_POINT('',(-606.95882235873,-462.000008982431,33.0132188972146));
#16372=CARTESIAN_POINT('Origin',(-603.462193254243,-474.600004491216,31.0706471725));
#16373=CARTESIAN_POINT('',(0.,0.,0.));
#16374=CARTESIAN_POINT('Origin',(-602.733728857473,-462.00110128328,-32.3818830866843));
#16375=CARTESIAN_POINT('',(-606.959262910375,-462.00110128328,-33.0134636481289));
#16376=CARTESIAN_POINT('',(-606.70365518857,-462.00110128328,-32.8714593582369));
#16377=CARTESIAN_POINT('',(-603.462193254243,-462.00110128328,-31.0706471724995));
#16378=CARTESIAN_POINT('',(-605.246726395036,-462.00110128328,-35.4939311866026));
#16379=CARTESIAN_POINT('Origin',(-602.733728857473,-462.00110128328,-32.3818830866843));
#16380=CARTESIAN_POINT('',(-605.50233411684,-462.00110128328,-35.6359354764936));
#16381=CARTESIAN_POINT('',(-602.005264460707,-462.001101283281,-33.6931190008642));
#16382=CARTESIAN_POINT('',(-606.595030711991,-462.00110128328,-33.6690816052212));
#16383=CARTESIAN_POINT('Origin',(-602.733728857473,-462.00110128328,-32.3818830866843));
#16384=CARTESIAN_POINT('',(-600.220731319916,-462.001101283281,-29.2698349867623));
#16385=CARTESIAN_POINT('',(-599.965123598111,-462.001101283281,-29.1278306968711));
#16386=CARTESIAN_POINT('',(-603.462193254243,-462.00110128328,-31.0706471724995));
#16387=CARTESIAN_POINT('',(-598.508194804575,-462.001101283281,-31.7503025252357));
#16388=CARTESIAN_POINT('',(-599.600891399726,-462.001101283281,-29.7834486539637));
#16389=CARTESIAN_POINT('',(-598.763802526378,-462.001101283281,-31.8923068151259));
#16390=CARTESIAN_POINT('',(-602.005264460707,-462.001101283281,-33.6931190008642));
#16391=CARTESIAN_POINT('Origin',(-602.733728857473,-462.00110128328,-32.3818830866843));
#16392=CARTESIAN_POINT('Origin',(-595.524741664012,-473.010555004804,-26.6609518445939));
#16393=CARTESIAN_POINT('',(-595.524741664012,-473.010555004804,-26.6609518445939));
#16394=CARTESIAN_POINT('',(-599.965564149757,-462.000008982431,-29.1280754477855));
#16395=CARTESIAN_POINT('',(-594.067812870476,-473.010555004804,-29.2834236729585));
#16396=CARTESIAN_POINT('',(-595.524741664012,-473.010555004804,-26.6609518445939));
#16397=CARTESIAN_POINT('',(-598.508635356221,-462.000008982431,-31.7505472761502));
#16398=CARTESIAN_POINT('Origin',(-602.005264460708,-474.600004491216,-33.6931190008647));
#16399=CARTESIAN_POINT('',(-609.942716050939,-473.010555004804,-38.1028143287707));
#16400=CARTESIAN_POINT('Origin',(-602.005264460708,-477.200000000001,-33.6931190008647));
#16401=CARTESIAN_POINT('',(-605.501893565194,-462.000008982431,-35.6356907255792));
#16402=CARTESIAN_POINT('',(-605.246726395039,-462.000008982431,-35.4939311866044));
#16403=CARTESIAN_POINT('',(-605.246726395036,-462.00110128328,-35.4939311866026));
#16404=CARTESIAN_POINT('',(-598.763802526383,-462.000008982431,-31.8923068151288));
#16405=CARTESIAN_POINT('',(-602.005264460708,-462.000008982431,-33.6931190008647));
#16406=CARTESIAN_POINT('',(-598.763802526378,-462.001101283281,-31.8923068151259));
#16407=CARTESIAN_POINT('',(-602.005264460708,-481.550000000001,-33.6931190008647));
#16408=CARTESIAN_POINT('Origin',(-602.005264460708,-477.200000000001,-33.6931190008647));
#16409=CARTESIAN_POINT('Origin',(-602.733728857479,-462.000008982431,-32.3818830866843));
#16410=CARTESIAN_POINT('',(-600.220731319919,-462.000008982431,-29.2698349867642));
#16411=CARTESIAN_POINT('',(-606.703655188575,-462.000008982431,-32.8714593582398));
#16412=CARTESIAN_POINT('',(-603.462193254244,-462.000008982431,-31.0706471725));
#16413=CARTESIAN_POINT('Origin',(-602.733728857479,-462.000008982431,-32.3818830866843));
#16414=CARTESIAN_POINT('Origin',(-602.733728857479,-462.000008982431,-32.3818830866843));
#16415=CARTESIAN_POINT('',(-598.733728857479,-462.000008982431,-32.3818830866843));
#16416=CARTESIAN_POINT('Origin',(-602.733728857479,-462.000008982431,-32.3818830866843));
#16417=CARTESIAN_POINT('Origin',(-602.733728857479,-462.000008982431,-32.3818830866843));
#16418=CARTESIAN_POINT('Origin',(-602.733728857479,-462.000008982431,-32.3818830866843));
#16419=CARTESIAN_POINT('',(-598.733728857479,-452.000008982431,-32.3818830866843));
#16420=CARTESIAN_POINT('Origin',(-602.733728857479,-452.000008982431,-32.3818830866843));
#16421=CARTESIAN_POINT('',(-598.733728857479,-462.000008982431,-32.3818830866843));
#16422=CARTESIAN_POINT('',(-606.70365518857,-462.00110128328,-32.8714593582369));
#16423=CARTESIAN_POINT('',(-600.220731319916,-462.001101283281,-29.2698349867623));
#16424=CARTESIAN_POINT('Origin',(-602.733728857479,-452.000008982431,-32.3818830866843));
#16425=CARTESIAN_POINT('Origin',(-603.462193254243,-477.200000000001,-31.0706471725));
#16426=CARTESIAN_POINT('',(-603.462193254243,-481.550000000001,-31.0706471725));
#16427=CARTESIAN_POINT('',(-603.462193254243,-481.550000000001,-31.0706471725));
#16428=CARTESIAN_POINT('Origin',(-603.462193254243,-477.200000000001,-31.0706471725));
#16429=CARTESIAN_POINT('Origin',(-603.462193254243,-477.200000000001,-31.0706471725));
#16430=CARTESIAN_POINT('',(-611.399644844474,-473.010555004804,-35.4803425004061));
#16431=CARTESIAN_POINT('Origin',(-603.462193254243,-477.200000000001,-31.0706471725));
#16432=CARTESIAN_POINT('',(-611.399644844474,-473.010555004804,-35.4803425004061));
#16433=CARTESIAN_POINT('Origin',(-606.95882235873,-462.000008982431,-33.0132188972146));
#16434=CARTESIAN_POINT('',(-606.95882235873,-462.000008982431,-33.0132188972146));
#16435=CARTESIAN_POINT('Origin',(-603.462193254243,-474.600004491216,-31.0706471725));
#16436=CARTESIAN_POINT('',(0.,0.,0.));
#16437=CARTESIAN_POINT('Origin',(-602.733728857479,-15.2410089824312,-32.3818830866843));
#16438=CARTESIAN_POINT('',(-598.233728857479,-15.2410089824312,-32.3818830866843));
#16439=CARTESIAN_POINT('Origin',(-602.733728857479,-15.2410089824312,-32.3818830866843));
#16440=CARTESIAN_POINT('',(-598.233728857479,-26.2410089824312,-32.3818830866843));
#16441=CARTESIAN_POINT('',(-598.233728857479,-15.2410089824312,-32.3818830866843));
#16442=CARTESIAN_POINT('Origin',(-602.733728857479,-26.2410089824312,-32.3818830866843));
#16443=CARTESIAN_POINT('Origin',(-602.733728857479,-27.2410089824312,-32.3818830866843));
#16444=CARTESIAN_POINT('',(-597.733728857479,-15.2410089824312,-32.3818830866843));
#16445=CARTESIAN_POINT('Origin',(-602.733728857479,-15.2410089824312,-32.3818830866843));
#16446=CARTESIAN_POINT('',(-597.733728857479,-27.2410089824312,-32.3818830866843));
#16447=CARTESIAN_POINT('',(-597.733728857479,-27.2410089824312,-32.3818830866843));
#16448=CARTESIAN_POINT('Origin',(-602.733728857479,-27.2410089824312,-32.3818830866843));
#16449=CARTESIAN_POINT('Origin',(-602.733728857479,-15.2410089824312,-32.3818830866843));
#16450=CARTESIAN_POINT('Origin',(-602.733728857479,-27.2410089824312,-32.3818830866843));
#16451=CARTESIAN_POINT('',(-598.733728857479,-27.2410089824312,-32.3818830866843));
#16452=CARTESIAN_POINT('Origin',(-602.733728857479,-27.2410089824312,-32.3818830866843));
#16453=CARTESIAN_POINT('Origin',(-602.733728857479,-26.2410089824312,-32.3818830866843));
#16454=CARTESIAN_POINT('Origin',(-602.733728857479,-450.000008982431,-32.3818830866843));
#16455=CARTESIAN_POINT('',(-598.733728857479,-450.000008982431,-32.3818830866843));
#16456=CARTESIAN_POINT('',(-598.733728857479,-450.000008982431,-32.3818830866843));
#16457=CARTESIAN_POINT('Origin',(-602.733728857479,-450.000008982431,-32.3818830866843));
#16458=CARTESIAN_POINT('Origin',(-602.733728857479,-462.000008982431,-32.3818830866843));
#16459=CARTESIAN_POINT('',(-598.233728857479,-452.000008982431,-32.3818830866843));
#16460=CARTESIAN_POINT('Origin',(-602.733728857479,-452.000008982431,-32.3818830866843));
#16461=CARTESIAN_POINT('',(-598.233728857479,-462.000008982431,-32.3818830866843));
#16462=CARTESIAN_POINT('',(-598.233728857479,-462.000008982431,-32.3818830866843));
#16463=CARTESIAN_POINT('Origin',(-602.733728857479,-462.000008982431,-32.3818830866843));
#16464=CARTESIAN_POINT('Origin',(-602.733728857479,-462.000008982431,-32.3818830866843));
#16465=CARTESIAN_POINT('',(-597.733728857479,-462.000008982431,-32.3818830866843));
#16466=CARTESIAN_POINT('Origin',(-602.733728857479,-462.000008982431,-32.3818830866843));
#16467=CARTESIAN_POINT('Origin',(-602.733728857479,-452.000008982431,-32.3818830866843));
#16468=CARTESIAN_POINT('',(-597.733728857479,-450.000008982431,-32.3818830866843));
#16469=CARTESIAN_POINT('Origin',(-602.733728857479,-450.000008982431,-32.3818830866843));
#16470=CARTESIAN_POINT('',(-597.733728857479,-452.000008982431,-32.3818830866843));
#16471=CARTESIAN_POINT('Origin',(-602.733728857479,-450.000008982431,-32.3818830866843));
#16472=CARTESIAN_POINT('Origin',(-602.733728857479,-452.000008982431,-32.3818830866843));
#16473=CARTESIAN_POINT('',(0.,0.,0.));
#16474=CARTESIAN_POINT('Origin',(188.,800.,10.));
#16475=CARTESIAN_POINT('',(188.,792.0625,10.));
#16476=CARTESIAN_POINT('Origin',(188.,800.,10.));
#16477=CARTESIAN_POINT('',(188.,794.999988004565,10.));
#16478=CARTESIAN_POINT('Origin',(188.,800.,10.));
#16479=CARTESIAN_POINT('Origin',(-457.2,800.,31.03125));
#16480=CARTESIAN_POINT('',(-457.2,792.0625,52.0625));
#16481=CARTESIAN_POINT('',(-457.2,807.9375,52.0625));
#16482=CARTESIAN_POINT('Origin',(-457.2,800.,52.0625));
#16483=CARTESIAN_POINT('',(-457.2,792.0625,10.));
#16484=CARTESIAN_POINT('',(-457.2,792.0625,10.));
#16485=CARTESIAN_POINT('',(-457.2,807.9375,10.));
#16486=CARTESIAN_POINT('Origin',(-457.2,800.,10.));
#16487=CARTESIAN_POINT('',(-457.2,807.9375,10.));
#16488=CARTESIAN_POINT('',(-457.199999962599,795.692110265711,46.7241518943637));
#16489=CARTESIAN_POINT('Origin',(-457.2,800.042110265711,46.7241518943635));
#16490=CARTESIAN_POINT('Ctrl Pts',(-462.200000033762,795.692110265711,46.7241519332228));
#16491=CARTESIAN_POINT('Ctrl Pts',(-462.200000067485,795.692110265711,42.3850394729873));
#16492=CARTESIAN_POINT('Ctrl Pts',(-462.200000067485,800.042110265711,42.3850394729871));
#16493=CARTESIAN_POINT('Ctrl Pts',(-462.200000067485,804.392110265711,42.3850394729869));
#16494=CARTESIAN_POINT('Ctrl Pts',(-462.200000033762,804.392110265711,46.7241519332224));
#16495=CARTESIAN_POINT('Ctrl Pts',(-462.200000000039,804.392110265711,51.0632643934579));
#16496=CARTESIAN_POINT('Ctrl Pts',(-462.200000000039,800.042110265711,51.063264393458));
#16497=CARTESIAN_POINT('Ctrl Pts',(-462.200000000039,795.692110265712,51.0632643934582));
#16498=CARTESIAN_POINT('Ctrl Pts',(-462.200000033762,795.692110265711,46.7241519332228));
#16499=CARTESIAN_POINT('Ctrl Pts',(-457.199999962599,795.692110265711,46.7241518943637));
#16500=CARTESIAN_POINT('Ctrl Pts',(-457.199999996322,795.692110265711,42.3850394341282));
#16501=CARTESIAN_POINT('Ctrl Pts',(-457.199999996322,800.042110265711,42.385039434128));
#16502=CARTESIAN_POINT('Ctrl Pts',(-457.199999996322,804.392110265711,42.3850394341278));
#16503=CARTESIAN_POINT('Ctrl Pts',(-457.199999962599,804.392110265711,46.7241518943633));
#16504=CARTESIAN_POINT('Ctrl Pts',(-457.199999928876,804.392110265711,51.0632643545988));
#16505=CARTESIAN_POINT('Ctrl Pts',(-457.199999928876,800.042110265711,51.0632643545989));
#16506=CARTESIAN_POINT('Ctrl Pts',(-457.199999928876,795.692110265712,51.0632643545991));
#16507=CARTESIAN_POINT('Ctrl Pts',(-457.199999962599,795.692110265711,46.7241518943637));
#16508=CARTESIAN_POINT('',(-462.2,803.45307920068,49.4169860548784));
#16509=CARTESIAN_POINT('',(-462.2,796.588978309147,49.3629757781171));
#16510=CARTESIAN_POINT('Origin',(-462.2,800.042110265711,46.7241519332226));
#16511=CARTESIAN_POINT('',(-462.200000033762,795.692110265711,46.7241519332228));
#16512=CARTESIAN_POINT('Origin',(-462.2,800.042110265711,46.7241519332226));
#16513=CARTESIAN_POINT('',(-462.199997440705,795.692110265711,46.7241519332227));
#16514=CARTESIAN_POINT('Origin',(-462.2,800.042110265711,46.7241519332226));
#16515=CARTESIAN_POINT('Origin',(-462.2,800.,31.03125));
#16516=CARTESIAN_POINT('',(-462.2,807.9375,52.0625));
#16517=CARTESIAN_POINT('',(-462.2,792.0625,52.0625));
#16518=CARTESIAN_POINT('Origin',(-462.2,800.,52.0625));
#16519=CARTESIAN_POINT('',(-462.2,807.9375,10.));
#16520=CARTESIAN_POINT('',(-462.2,807.9375,10.));
#16521=CARTESIAN_POINT('',(-462.2,792.0625,10.));
#16522=CARTESIAN_POINT('Origin',(-462.2,800.,10.));
#16523=CARTESIAN_POINT('',(-462.2,792.0625,10.));
#16524=CARTESIAN_POINT('Origin',(-457.2,800.,52.0625));
#16525=CARTESIAN_POINT('',(-457.2,792.0625,52.0625));
#16526=CARTESIAN_POINT('',(-457.2,807.9375,52.0625));
#16527=CARTESIAN_POINT('Origin',(-457.2,800.,31.03125));
#16528=CARTESIAN_POINT('',(-457.2,794.999988004565,10.));
#16529=CARTESIAN_POINT('Origin',(-457.2,800.,10.));
#16530=CARTESIAN_POINT('Origin',(-457.2,807.9375,60.));
#16531=CARTESIAN_POINT('',(-457.2,807.9375,10.));
#16532=CARTESIAN_POINT('Origin',(-457.2,792.0625,10.));
#16533=CARTESIAN_POINT('',(-457.2,792.0625,10.));
#16534=CARTESIAN_POINT('Origin',(0.,800.,10.));
#16535=CARTESIAN_POINT('',(0.,794.999988004565,10.));
#16536=CARTESIAN_POINT('Origin',(0.,800.,10.));
#16537=CARTESIAN_POINT('',(0.,792.0625,10.));
#16538=CARTESIAN_POINT('',(0.,0.,0.));
#16539=CARTESIAN_POINT('Origin',(-220.,67.7,120.));
#16540=CARTESIAN_POINT('',(-207.3,67.7,107.3));
#16541=CARTESIAN_POINT('',(-232.7,67.7,107.3));
#16542=CARTESIAN_POINT('',(-232.7,67.7,107.3));
#16543=CARTESIAN_POINT('',(-232.7,67.7,132.7));
#16544=CARTESIAN_POINT('',(-232.7,67.7,132.7));
#16545=CARTESIAN_POINT('',(-207.3,67.7,132.7));
#16546=CARTESIAN_POINT('',(-207.3,67.7,132.7));
#16547=CARTESIAN_POINT('',(-207.3,67.7,107.3));
#16548=CARTESIAN_POINT('',(-209.84,67.7,109.84));
#16549=CARTESIAN_POINT('',(-209.84,67.7,130.16));
#16550=CARTESIAN_POINT('',(-209.84,67.7,130.16));
#16551=CARTESIAN_POINT('',(-230.16,67.7,130.16));
#16552=CARTESIAN_POINT('',(-230.16,67.7,130.16));
#16553=CARTESIAN_POINT('',(-230.16,67.7,109.84));
#16554=CARTESIAN_POINT('',(-230.16,67.7,109.84));
#16555=CARTESIAN_POINT('',(-209.84,67.7,109.84));
#16556=CARTESIAN_POINT('Origin',(-220.,-67.7,120.));
#16557=CARTESIAN_POINT('',(-232.7,-67.7,107.3));
#16558=CARTESIAN_POINT('',(-207.3,-67.7,107.3));
#16559=CARTESIAN_POINT('',(-232.7,-67.7,107.3));
#16560=CARTESIAN_POINT('',(-207.3,-67.7,132.7));
#16561=CARTESIAN_POINT('',(-207.3,-67.7,107.3));
#16562=CARTESIAN_POINT('',(-232.7,-67.7,132.7));
#16563=CARTESIAN_POINT('',(-207.3,-67.7,132.7));
#16564=CARTESIAN_POINT('',(-232.7,-67.7,132.7));
#16565=CARTESIAN_POINT('',(-209.84,-67.7,130.16));
#16566=CARTESIAN_POINT('',(-209.84,-67.7,109.84));
#16567=CARTESIAN_POINT('',(-209.84,-67.7,130.16));
#16568=CARTESIAN_POINT('',(-230.16,-67.7,109.84));
#16569=CARTESIAN_POINT('',(-209.84,-67.7,109.84));
#16570=CARTESIAN_POINT('',(-230.16,-67.7,130.16));
#16571=CARTESIAN_POINT('',(-230.16,-67.7,109.84));
#16572=CARTESIAN_POINT('',(-230.16,-67.7,130.16));
#16573=CARTESIAN_POINT('Origin',(-230.16,0.,109.84));
#16574=CARTESIAN_POINT('',(-209.84,0.,109.84));
#16575=CARTESIAN_POINT('',(-230.16,0.,109.84));
#16576=CARTESIAN_POINT('Origin',(-230.16,0.,130.16));
#16577=CARTESIAN_POINT('',(-230.16,0.,130.16));
#16578=CARTESIAN_POINT('Origin',(-209.84,0.,130.16));
#16579=CARTESIAN_POINT('',(-209.84,0.,130.16));
#16580=CARTESIAN_POINT('Origin',(-209.84,0.,109.84));
#16581=CARTESIAN_POINT('Origin',(-207.3,0.,132.7));
#16582=CARTESIAN_POINT('',(-207.3,0.,107.3));
#16583=CARTESIAN_POINT('',(-207.3,0.,132.7));
#16584=CARTESIAN_POINT('Origin',(-232.7,0.,132.7));
#16585=CARTESIAN_POINT('',(-232.7,0.,132.7));
#16586=CARTESIAN_POINT('Origin',(-232.7,0.,107.3));
#16587=CARTESIAN_POINT('',(-232.7,0.,107.3));
#16588=CARTESIAN_POINT('Origin',(-207.3,0.,107.3));
#16589=CARTESIAN_POINT('',(0.,0.,0.));
#16590=CARTESIAN_POINT('Origin',(-470.,67.6999984867871,30.));
#16591=CARTESIAN_POINT('',(-457.3,67.6999984867871,42.7));
#16592=CARTESIAN_POINT('',(-457.3,67.6999984867871,17.3));
#16593=CARTESIAN_POINT('',(-457.3,67.6999984867871,17.3));
#16594=CARTESIAN_POINT('',(-482.7,67.6999984867871,17.3));
#16595=CARTESIAN_POINT('',(-482.7,67.6999984867871,17.3));
#16596=CARTESIAN_POINT('',(-482.7,67.6999984867871,42.7));
#16597=CARTESIAN_POINT('',(-482.7,67.6999984867871,42.7));
#16598=CARTESIAN_POINT('',(-457.3,67.6999984867871,42.7));
#16599=CARTESIAN_POINT('',(-459.84,67.6999984867871,19.84));
#16600=CARTESIAN_POINT('',(-459.84,67.6999984867871,40.16));
#16601=CARTESIAN_POINT('',(-459.84,67.6999984867871,19.84));
#16602=CARTESIAN_POINT('',(-480.16,67.6999984867871,40.16));
#16603=CARTESIAN_POINT('',(-459.84,67.6999984867871,40.16));
#16604=CARTESIAN_POINT('',(-480.16,67.6999984867871,19.84));
#16605=CARTESIAN_POINT('',(-480.16,67.6999984867871,40.16));
#16606=CARTESIAN_POINT('',(-480.16,67.6999984867871,19.84));
#16607=CARTESIAN_POINT('Origin',(-470.,-67.7000015132129,30.));
#16608=CARTESIAN_POINT('',(-457.3,-67.7000015132129,17.3));
#16609=CARTESIAN_POINT('',(-457.3,-67.7000015132129,42.7));
#16610=CARTESIAN_POINT('',(-457.3,-67.7000015132129,17.3));
#16611=CARTESIAN_POINT('',(-482.7,-67.7000015132129,42.7));
#16612=CARTESIAN_POINT('',(-457.3,-67.7000015132129,42.7));
#16613=CARTESIAN_POINT('',(-482.7,-67.7000015132129,17.3));
#16614=CARTESIAN_POINT('',(-482.7,-67.7000015132129,42.7));
#16615=CARTESIAN_POINT('',(-482.7,-67.7000015132129,17.3));
#16616=CARTESIAN_POINT('',(-459.84,-67.7000015132129,40.16));
#16617=CARTESIAN_POINT('',(-459.84,-67.7000015132129,19.84));
#16618=CARTESIAN_POINT('',(-459.84,-67.7000015132129,19.84));
#16619=CARTESIAN_POINT('',(-480.16,-67.7000015132129,19.84));
#16620=CARTESIAN_POINT('',(-480.16,-67.7000015132129,19.84));
#16621=CARTESIAN_POINT('',(-480.16,-67.7000015132129,40.16));
#16622=CARTESIAN_POINT('',(-480.16,-67.7000015132129,40.16));
#16623=CARTESIAN_POINT('',(-459.84,-67.7000015132129,40.16));
#16624=CARTESIAN_POINT('Origin',(-480.16,54.9999984867871,40.16));
#16625=CARTESIAN_POINT('',(-459.84,54.9999984867871,40.16));
#16626=CARTESIAN_POINT('',(-480.16,54.9999984867871,40.16));
#16627=CARTESIAN_POINT('Origin',(-480.16,54.9999984867871,19.84));
#16628=CARTESIAN_POINT('',(-480.16,54.9999984867871,19.84));
#16629=CARTESIAN_POINT('Origin',(-459.84,54.9999984867871,19.84));
#16630=CARTESIAN_POINT('',(-459.84,54.9999984867871,19.84));
#16631=CARTESIAN_POINT('Origin',(-459.84,54.9999984867871,40.16));
#16632=CARTESIAN_POINT('Origin',(-482.7,54.9999984867871,17.3));
#16633=CARTESIAN_POINT('',(-457.3,54.9999984867871,17.3));
#16634=CARTESIAN_POINT('',(-482.7,54.9999984867871,17.3));
#16635=CARTESIAN_POINT('Origin',(-482.7,54.9999984867871,42.7));
#16636=CARTESIAN_POINT('',(-482.7,54.9999984867871,42.7));
#16637=CARTESIAN_POINT('Origin',(-457.3,54.9999984867871,42.7));
#16638=CARTESIAN_POINT('',(-457.3,54.9999984867871,42.7));
#16639=CARTESIAN_POINT('Origin',(-457.3,54.9999984867871,17.3));
#16640=CARTESIAN_POINT('',(0.,0.,0.));
#16641=CARTESIAN_POINT('Origin',(711.199987509847,-67.7,55.4));
#16642=CARTESIAN_POINT('',(698.499987509847,-67.7,42.7));
#16643=CARTESIAN_POINT('',(723.899987509847,-67.7,42.7));
#16644=CARTESIAN_POINT('',(723.899987509847,-67.7,42.7));
#16645=CARTESIAN_POINT('',(723.899987509847,-67.7,68.1));
#16646=CARTESIAN_POINT('',(723.899987509847,-67.7,42.7));
#16647=CARTESIAN_POINT('',(698.499987509847,-67.7,68.1));
#16648=CARTESIAN_POINT('',(723.899987509847,-67.7,68.1));
#16649=CARTESIAN_POINT('',(698.499987509847,-67.7,68.1));
#16650=CARTESIAN_POINT('',(701.039987509847,-67.7,45.24));
#16651=CARTESIAN_POINT('',(701.039987509847,-67.7,65.56));
#16652=CARTESIAN_POINT('',(701.039987509847,-67.7,45.24));
#16653=CARTESIAN_POINT('',(721.359987509847,-67.7,65.56));
#16654=CARTESIAN_POINT('',(701.039987509847,-67.7,65.56));
#16655=CARTESIAN_POINT('',(721.359987509847,-67.7,45.24));
#16656=CARTESIAN_POINT('',(721.359987509847,-67.7,65.56));
#16657=CARTESIAN_POINT('',(721.359987509847,-67.7,45.24));
#16658=CARTESIAN_POINT('Origin',(711.199987509847,67.7,55.4));
#16659=CARTESIAN_POINT('',(723.899987509847,67.7,42.7));
#16660=CARTESIAN_POINT('',(698.499987509847,67.7,42.7));
#16661=CARTESIAN_POINT('',(723.899987509847,67.7,42.7));
#16662=CARTESIAN_POINT('',(698.499987509847,67.7,68.1));
#16663=CARTESIAN_POINT('',(698.499987509847,67.7,68.1));
#16664=CARTESIAN_POINT('',(723.899987509847,67.7,68.1));
#16665=CARTESIAN_POINT('',(723.899987509847,67.7,68.1));
#16666=CARTESIAN_POINT('',(723.899987509847,67.7,42.7));
#16667=CARTESIAN_POINT('',(701.039987509847,67.7,65.56));
#16668=CARTESIAN_POINT('',(701.039987509847,67.7,45.24));
#16669=CARTESIAN_POINT('',(701.039987509847,67.7,45.24));
#16670=CARTESIAN_POINT('',(721.359987509847,67.7,45.24));
#16671=CARTESIAN_POINT('',(721.359987509847,67.7,45.24));
#16672=CARTESIAN_POINT('',(721.359987509847,67.7,65.56));
#16673=CARTESIAN_POINT('',(721.359987509847,67.7,65.56));
#16674=CARTESIAN_POINT('',(701.039987509847,67.7,65.56));
#16675=CARTESIAN_POINT('Origin',(721.359987509847,0.,65.56));
#16676=CARTESIAN_POINT('',(701.039987509847,0.,65.56));
#16677=CARTESIAN_POINT('',(721.359987509847,0.,65.56));
#16678=CARTESIAN_POINT('Origin',(721.359987509847,0.,45.24));
#16679=CARTESIAN_POINT('',(721.359987509847,0.,45.24));
#16680=CARTESIAN_POINT('Origin',(701.039987509847,0.,45.24));
#16681=CARTESIAN_POINT('',(701.039987509847,0.,45.24));
#16682=CARTESIAN_POINT('Origin',(701.039987509847,0.,65.56));
#16683=CARTESIAN_POINT('Origin',(723.899987509847,0.,68.1));
#16684=CARTESIAN_POINT('',(723.899987509847,0.,42.7));
#16685=CARTESIAN_POINT('',(723.899987509847,0.,68.1));
#16686=CARTESIAN_POINT('Origin',(698.499987509847,0.,68.1));
#16687=CARTESIAN_POINT('',(698.499987509847,0.,68.1));
#16688=CARTESIAN_POINT('Origin',(698.499987509847,0.,42.7));
#16689=CARTESIAN_POINT('',(698.499987509847,0.,42.7));
#16690=CARTESIAN_POINT('Origin',(723.899987509847,0.,42.7));
#16691=CARTESIAN_POINT('',(0.,0.,0.));
#16692=CARTESIAN_POINT('Origin',(0.,250.,0.));
#16693=CARTESIAN_POINT('',(-97.,250.,0.));
#16694=CARTESIAN_POINT('Origin',(0.,250.,0.));
#16695=CARTESIAN_POINT('',(-7.9375,250.,0.));
#16696=CARTESIAN_POINT('Origin',(0.,250.,0.));
#16697=CARTESIAN_POINT('Origin',(0.,250.,30.));
#16698=CARTESIAN_POINT('',(-97.,250.,60.));
#16699=CARTESIAN_POINT('Origin',(0.,250.,60.));
#16700=CARTESIAN_POINT('Origin',(-97.,250.,30.));
#16701=CARTESIAN_POINT('Origin',(0.,250.,60.));
#16702=CARTESIAN_POINT('',(-7.9375,250.,60.));
#16703=CARTESIAN_POINT('Origin',(0.,250.,60.));
#16704=CARTESIAN_POINT('Origin',(0.,250.,0.));
#16705=CARTESIAN_POINT('',(-7.9375,250.,0.));
#16706=CARTESIAN_POINT('',(0.,0.,0.));
#16707=CARTESIAN_POINT('Origin',(0.,250.,0.));
#16708=CARTESIAN_POINT('',(-97.,250.,0.));
#16709=CARTESIAN_POINT('Origin',(0.,250.,0.));
#16710=CARTESIAN_POINT('',(-7.9375,250.,0.));
#16711=CARTESIAN_POINT('Origin',(0.,250.,0.));
#16712=CARTESIAN_POINT('Origin',(0.,250.,-30.));
#16713=CARTESIAN_POINT('',(-97.,250.,-60.));
#16714=CARTESIAN_POINT('Origin',(0.,250.,-60.));
#16715=CARTESIAN_POINT('Origin',(-97.,250.,-30.));
#16716=CARTESIAN_POINT('Origin',(0.,250.,-60.));
#16717=CARTESIAN_POINT('',(-7.9375,250.,-60.));
#16718=CARTESIAN_POINT('Origin',(0.,250.,-60.));
#16719=CARTESIAN_POINT('Origin',(0.,250.,0.));
#16720=CARTESIAN_POINT('',(-7.9375,250.,0.));
#16721=CARTESIAN_POINT('',(0.,0.,0.));
#16722=CARTESIAN_POINT('',(0.,0.,0.));
#16723=CARTESIAN_POINT('',(0.,0.,0.));
#16724=CARTESIAN_POINT('Origin',(0.,375.,10.));
#16725=CARTESIAN_POINT('',(300.355,375.,-10.955));
#16726=CARTESIAN_POINT('Origin',(0.,375.,-10.955));
#16727=CARTESIAN_POINT('',(321.31,375.,10.));
#16728=CARTESIAN_POINT('Origin',(300.355,375.,10.));
#16729=CARTESIAN_POINT('',(-321.31,375.,10.));
#16730=CARTESIAN_POINT('Origin',(0.,375.,10.));
#16731=CARTESIAN_POINT('Origin',(0.,375.,10.));
#16732=CARTESIAN_POINT('Origin',(0.,375.,10.9550000000002));
#16733=CARTESIAN_POINT('',(-321.31,375.,18.0900000000002));
#16734=CARTESIAN_POINT('',(-321.31,375.,10.9550000000002));
#16735=CARTESIAN_POINT('Origin',(0.,375.,18.0900000000002));
#16736=CARTESIAN_POINT('Origin',(0.,375.,-10.955));
#16737=CARTESIAN_POINT('',(-98.7688340595138,390.643446504023,-10.955));
#16738=CARTESIAN_POINT('',(-275.960122362282,418.707789532241,-10.955));
#16739=CARTESIAN_POINT('',(-137.980061181141,396.85389476612,-10.955));
#16740=CARTESIAN_POINT('',(-95.1056516295154,405.901699437495,-10.955));
#16741=CARTESIAN_POINT('Origin',(0.,375.,-10.955));
#16742=CARTESIAN_POINT('',(-265.725190652866,461.339348228361,-10.955));
#16743=CARTESIAN_POINT('',(-47.5528258147577,390.450849718747,-10.955));
#16744=CARTESIAN_POINT('Origin',(0.,375.,-10.955));
#16745=CARTESIAN_POINT('',(-248.94722285823,501.84494562723,-10.955));
#16746=CARTESIAN_POINT('',(-226.039348228361,539.227199490517,-10.955));
#16747=CARTESIAN_POINT('Origin',(0.,375.,-10.955));
#16748=CARTESIAN_POINT('',(-89.1006524188369,420.399049973955,-10.955));
#16749=CARTESIAN_POINT('',(-124.473611429115,438.422472813615,-10.955));
#16750=CARTESIAN_POINT('',(-80.9016994374947,433.778525229247,-10.955));
#16751=CARTESIAN_POINT('Origin',(0.,375.,-10.955));
#16752=CARTESIAN_POINT('',(-40.4508497187473,404.389262614624,-10.955));
#16753=CARTESIAN_POINT('',(-197.565634663521,572.565634663522,-10.955));
#16754=CARTESIAN_POINT('',(-164.227199490517,601.039348228361,-10.955));
#16755=CARTESIAN_POINT('Origin',(0.,375.,-10.955));
#16756=CARTESIAN_POINT('',(-70.7106781186548,445.710678118655,-10.955));
#16757=CARTESIAN_POINT('',(-98.7828173317607,473.782817331761,-10.955));
#16758=CARTESIAN_POINT('',(-58.7785252292473,455.901699437495,-10.955));
#16759=CARTESIAN_POINT('Origin',(0.,375.,-10.955));
#16760=CARTESIAN_POINT('',(-29.3892626146236,415.450849718747,-10.955));
#16761=CARTESIAN_POINT('',(-126.844945627229,623.94722285823,-10.955));
#16762=CARTESIAN_POINT('',(-86.3393482283603,640.725190652866,-10.955));
#16763=CARTESIAN_POINT('Origin',(0.,375.,-10.955));
#16764=CARTESIAN_POINT('',(-45.3990499739547,464.100652418837,-10.955));
#16765=CARTESIAN_POINT('',(-63.4224728136147,499.473611429115,-10.955));
#16766=CARTESIAN_POINT('',(-30.9016994374947,470.105651629515,-10.955));
#16767=CARTESIAN_POINT('Origin',(0.,375.,-10.955));
#16768=CARTESIAN_POINT('',(-15.4508497187473,422.552825814758,-10.955));
#16769=CARTESIAN_POINT('',(-43.7077895322405,650.960122362282,-10.955));
#16770=CARTESIAN_POINT('',(1.4210854715202E-13,654.4,-10.955));
#16771=CARTESIAN_POINT('Origin',(0.,375.,-10.955));
#16772=CARTESIAN_POINT('',(-15.643446504023,473.768834059514,-10.955));
#16773=CARTESIAN_POINT('',(-21.8538947661202,512.980061181141,-10.955));
#16774=CARTESIAN_POINT('',(0.,475.,-10.955));
#16775=CARTESIAN_POINT('Origin',(0.,375.,-10.955));
#16776=CARTESIAN_POINT('',(-3.96066184927592E-14,425.,-10.955));
#16777=CARTESIAN_POINT('',(43.7077895322406,650.960122362282,-10.955));
#16778=CARTESIAN_POINT('',(86.3393482283604,640.725190652866,-10.955));
#16779=CARTESIAN_POINT('Origin',(0.,375.,-10.955));
#16780=CARTESIAN_POINT('',(15.643446504023,473.768834059514,-10.955));
#16781=CARTESIAN_POINT('',(21.8538947661202,512.980061181141,-10.955));
#16782=CARTESIAN_POINT('',(30.9016994374949,470.105651629515,-10.955));
#16783=CARTESIAN_POINT('Origin',(0.,375.,-10.955));
#16784=CARTESIAN_POINT('',(15.4508497187475,422.552825814758,-10.955));
#16785=CARTESIAN_POINT('',(126.844945627229,623.94722285823,-10.955));
#16786=CARTESIAN_POINT('',(164.227199490517,601.03934822836,-10.955));
#16787=CARTESIAN_POINT('Origin',(0.,375.,-10.955));
#16788=CARTESIAN_POINT('',(45.3990499739547,464.100652418837,-10.955));
#16789=CARTESIAN_POINT('',(63.4224728136147,499.473611429115,-10.955));
#16790=CARTESIAN_POINT('',(58.7785252292473,455.901699437495,-10.955));
#16791=CARTESIAN_POINT('Origin',(0.,375.,-10.955));
#16792=CARTESIAN_POINT('',(29.3892626146236,415.450849718747,-10.955));
#16793=CARTESIAN_POINT('',(197.565634663521,572.565634663522,-10.955));
#16794=CARTESIAN_POINT('',(226.039348228361,539.227199490517,-10.955));
#16795=CARTESIAN_POINT('Origin',(0.,375.,-10.955));
#16796=CARTESIAN_POINT('',(70.7106781186548,445.710678118655,-10.955));
#16797=CARTESIAN_POINT('',(98.7828173317607,473.782817331761,-10.955));
#16798=CARTESIAN_POINT('',(80.9016994374949,433.778525229247,-10.955));
#16799=CARTESIAN_POINT('Origin',(0.,375.,-10.955));
#16800=CARTESIAN_POINT('',(40.4508497187474,404.389262614624,-10.955));
#16801=CARTESIAN_POINT('',(248.94722285823,501.84494562723,-10.955));
#16802=CARTESIAN_POINT('',(265.725190652866,461.33934822836,-10.955));
#16803=CARTESIAN_POINT('Origin',(0.,375.,-10.955));
#16804=CARTESIAN_POINT('',(89.1006524188367,420.399049973955,-10.955));
#16805=CARTESIAN_POINT('',(124.473611429115,438.422472813615,-10.955));
#16806=CARTESIAN_POINT('',(95.1056516295154,405.901699437495,-10.955));
#16807=CARTESIAN_POINT('Origin',(0.,375.,-10.955));
#16808=CARTESIAN_POINT('',(47.5528258147577,390.450849718748,-10.955));
#16809=CARTESIAN_POINT('',(275.960122362282,418.707789532241,-10.955));
#16810=CARTESIAN_POINT('',(279.4,375.,-10.955));
#16811=CARTESIAN_POINT('Origin',(0.,375.,-10.955));
#16812=CARTESIAN_POINT('',(98.7688340595139,390.643446504023,-10.955));
#16813=CARTESIAN_POINT('',(137.980061181141,396.85389476612,-10.955));
#16814=CARTESIAN_POINT('',(100.,375.,-10.955));
#16815=CARTESIAN_POINT('Origin',(0.,375.,-10.955));
#16816=CARTESIAN_POINT('',(50.,375.,-10.955));
#16817=CARTESIAN_POINT('',(275.960122362281,331.29221046776,-10.955));
#16818=CARTESIAN_POINT('',(265.725190652866,288.66065177164,-10.955));
#16819=CARTESIAN_POINT('Origin',(0.,375.,-10.955));
#16820=CARTESIAN_POINT('',(98.7688340595136,359.356553495977,-10.955));
#16821=CARTESIAN_POINT('',(137.980061181141,353.14610523388,-10.955));
#16822=CARTESIAN_POINT('',(95.1056516295152,344.098300562505,-10.955));
#16823=CARTESIAN_POINT('Origin',(0.,375.,-10.955));
#16824=CARTESIAN_POINT('',(47.5528258147576,359.549150281253,-10.955));
#16825=CARTESIAN_POINT('',(248.94722285823,248.155054372771,-10.955));
#16826=CARTESIAN_POINT('',(226.03934822836,210.772800509483,-10.955));
#16827=CARTESIAN_POINT('Origin',(0.,375.,-10.955));
#16828=CARTESIAN_POINT('',(89.1006524188369,329.600950026045,-10.955));
#16829=CARTESIAN_POINT('',(124.473611429115,311.577527186385,-10.955));
#16830=CARTESIAN_POINT('',(80.9016994374947,316.221474770753,-10.955));
#16831=CARTESIAN_POINT('Origin',(0.,375.,-10.955));
#16832=CARTESIAN_POINT('',(40.4508497187474,345.610737385377,-10.955));
#16833=CARTESIAN_POINT('',(197.565634663521,177.434365336479,-10.955));
#16834=CARTESIAN_POINT('',(164.227199490517,148.96065177164,-10.955));
#16835=CARTESIAN_POINT('Origin',(0.,375.,-10.955));
#16836=CARTESIAN_POINT('',(70.7106781186548,304.289321881345,-10.955));
#16837=CARTESIAN_POINT('',(98.7828173317608,276.217182668239,-10.955));
#16838=CARTESIAN_POINT('',(58.7785252292474,294.098300562505,-10.955));
#16839=CARTESIAN_POINT('Origin',(0.,375.,-10.955));
#16840=CARTESIAN_POINT('',(29.3892626146238,334.549150281253,-10.955));
#16841=CARTESIAN_POINT('',(126.844945627229,126.05277714177,-10.955));
#16842=CARTESIAN_POINT('',(86.3393482283604,109.274809347134,-10.955));
#16843=CARTESIAN_POINT('Origin',(0.,375.,-10.955));
#16844=CARTESIAN_POINT('',(45.3990499739547,285.899347581163,-10.955));
#16845=CARTESIAN_POINT('',(63.4224728136147,250.526388570885,-10.955));
#16846=CARTESIAN_POINT('',(30.9016994374947,279.894348370485,-10.955));
#16847=CARTESIAN_POINT('Origin',(0.,375.,-10.955));
#16848=CARTESIAN_POINT('',(15.4508497187474,327.447174185242,-10.955));
#16849=CARTESIAN_POINT('',(43.7077895322406,99.0398776377185,-10.955));
#16850=CARTESIAN_POINT('',(0.,95.5999999999998,-10.955));
#16851=CARTESIAN_POINT('Origin',(0.,375.,-10.955));
#16852=CARTESIAN_POINT('',(15.6434465040232,276.231165940486,-10.955));
#16853=CARTESIAN_POINT('',(21.8538947661204,237.019938818859,-10.955));
#16854=CARTESIAN_POINT('',(0.,275.,-10.955));
#16855=CARTESIAN_POINT('Origin',(0.,375.,-10.955));
#16856=CARTESIAN_POINT('',(0.,325.,-10.955));
#16857=CARTESIAN_POINT('',(-43.7077895322405,99.0398776377185,-10.955));
#16858=CARTESIAN_POINT('',(-86.3393482283604,109.274809347134,-10.955));
#16859=CARTESIAN_POINT('Origin',(0.,375.,-10.955));
#16860=CARTESIAN_POINT('',(-15.643446504023,276.231165940486,-10.955));
#16861=CARTESIAN_POINT('',(-21.8538947661202,237.019938818859,-10.955));
#16862=CARTESIAN_POINT('',(-30.9016994374947,279.894348370485,-10.955));
#16863=CARTESIAN_POINT('Origin',(0.,375.,-10.955));
#16864=CARTESIAN_POINT('',(-15.4508497187474,327.447174185242,-10.955));
#16865=CARTESIAN_POINT('',(-126.84494562723,126.05277714177,-10.955));
#16866=CARTESIAN_POINT('',(-164.227199490517,148.96065177164,-10.955));
#16867=CARTESIAN_POINT('Origin',(0.,375.,-10.955));
#16868=CARTESIAN_POINT('',(-45.3990499739547,285.899347581163,-10.955));
#16869=CARTESIAN_POINT('',(-63.4224728136147,250.526388570885,-10.955));
#16870=CARTESIAN_POINT('',(-58.7785252292473,294.098300562505,-10.955));
#16871=CARTESIAN_POINT('Origin',(0.,375.,-10.955));
#16872=CARTESIAN_POINT('',(-29.3892626146236,334.549150281253,-10.955));
#16873=CARTESIAN_POINT('',(-197.565634663521,177.434365336479,-10.955));
#16874=CARTESIAN_POINT('',(-226.039348228361,210.772800509483,-10.955));
#16875=CARTESIAN_POINT('Origin',(0.,375.,-10.955));
#16876=CARTESIAN_POINT('',(-70.7106781186548,304.289321881345,-10.955));
#16877=CARTESIAN_POINT('',(-98.7828173317608,276.217182668239,-10.955));
#16878=CARTESIAN_POINT('',(-80.9016994374947,316.221474770753,-10.955));
#16879=CARTESIAN_POINT('Origin',(0.,375.,-10.955));
#16880=CARTESIAN_POINT('',(-40.4508497187474,345.610737385376,-10.955));
#16881=CARTESIAN_POINT('',(-248.94722285823,248.155054372771,-10.955));
#16882=CARTESIAN_POINT('',(-265.725190652866,288.66065177164,-10.955));
#16883=CARTESIAN_POINT('Origin',(0.,375.,-10.955));
#16884=CARTESIAN_POINT('',(-89.1006524188368,329.600950026045,-10.955));
#16885=CARTESIAN_POINT('',(-124.473611429115,311.577527186385,-10.955));
#16886=CARTESIAN_POINT('',(-95.1056516295154,344.098300562505,-10.955));
#16887=CARTESIAN_POINT('Origin',(0.,375.,-10.955));
#16888=CARTESIAN_POINT('',(-47.5528258147577,359.549150281253,-10.955));
#16889=CARTESIAN_POINT('',(-275.960122362282,331.29221046776,-10.955));
#16890=CARTESIAN_POINT('',(-279.4,375.,-10.955));
#16891=CARTESIAN_POINT('Origin',(0.,375.,-10.955));
#16892=CARTESIAN_POINT('',(-98.7688340595138,359.356553495977,-10.955));
#16893=CARTESIAN_POINT('',(-137.980061181141,353.14610523388,-10.955));
#16894=CARTESIAN_POINT('',(-100.,375.,-10.955));
#16895=CARTESIAN_POINT('Origin',(0.,375.,-10.955));
#16896=CARTESIAN_POINT('',(-50.,375.,-10.955));
#16897=CARTESIAN_POINT('',(-75.0000000000303,375.000000000008,-10.955));
#16898=CARTESIAN_POINT('Origin',(-3.02691205433803E-11,375.000000000008,
-10.955));
#16899=CARTESIAN_POINT('Origin',(0.,375.,18.0900000000002));
#16900=CARTESIAN_POINT('',(-300.355,375.,39.0450000000002));
#16901=CARTESIAN_POINT('Origin',(0.,375.,39.0450000000002));
#16902=CARTESIAN_POINT('Origin',(-300.355,375.,18.0900000000002));
#16903=CARTESIAN_POINT('Origin',(0.,375.,39.0450000000002));
#16904=CARTESIAN_POINT('',(86.3393482283604,109.274809347134,39.0450000000002));
#16905=CARTESIAN_POINT('',(30.9016994374947,279.894348370485,39.0450000000002));
#16906=CARTESIAN_POINT('',(86.3393482283604,109.274809347134,39.0450000000002));
#16907=CARTESIAN_POINT('',(45.3990499739547,285.899347581163,39.0450000000002));
#16908=CARTESIAN_POINT('Origin',(0.,375.,39.0450000000002));
#16909=CARTESIAN_POINT('',(126.84494562723,126.05277714177,39.0450000000002));
#16910=CARTESIAN_POINT('',(45.3990499739547,285.899347581163,39.0450000000002));
#16911=CARTESIAN_POINT('Origin',(0.,375.,39.0450000000002));
#16912=CARTESIAN_POINT('',(-86.3393482283603,640.725190652867,39.0450000000002));
#16913=CARTESIAN_POINT('',(-30.9016994374947,470.105651629516,39.0450000000002));
#16914=CARTESIAN_POINT('',(-86.3393482283603,640.725190652867,39.0450000000002));
#16915=CARTESIAN_POINT('',(-45.3990499739544,464.100652418837,39.0450000000002));
#16916=CARTESIAN_POINT('Origin',(0.,375.,39.0450000000002));
#16917=CARTESIAN_POINT('',(-126.84494562723,623.947222858231,39.0450000000002));
#16918=CARTESIAN_POINT('',(-45.3990499739544,464.100652418837,39.0450000000002));
#16919=CARTESIAN_POINT('Origin',(0.,375.,39.0450000000002));
#16920=CARTESIAN_POINT('',(-279.4,375.,39.0450000000002));
#16921=CARTESIAN_POINT('',(-100.,375.,39.0450000000002));
#16922=CARTESIAN_POINT('',(-279.4,375.,39.0450000000002));
#16923=CARTESIAN_POINT('',(-98.7688340595138,359.356553495977,39.0450000000002));
#16924=CARTESIAN_POINT('Origin',(0.,375.,39.0450000000002));
#16925=CARTESIAN_POINT('',(-275.960122362282,331.29221046776,39.0450000000002));
#16926=CARTESIAN_POINT('',(-98.7688340595138,359.356553495977,39.0450000000002));
#16927=CARTESIAN_POINT('Origin',(0.,375.,39.0450000000002));
#16928=CARTESIAN_POINT('',(-86.3393482283604,109.274809347134,39.0450000000002));
#16929=CARTESIAN_POINT('',(-30.9016994374947,279.894348370485,39.0450000000002));
#16930=CARTESIAN_POINT('',(-86.3393482283604,109.274809347134,39.0450000000002));
#16931=CARTESIAN_POINT('',(-15.643446504023,276.231165940487,39.0450000000002));
#16932=CARTESIAN_POINT('Origin',(0.,375.,39.0450000000002));
#16933=CARTESIAN_POINT('',(-43.7077895322405,99.0398776377184,39.0450000000002));
#16934=CARTESIAN_POINT('',(-15.643446504023,276.231165940487,39.0450000000002));
#16935=CARTESIAN_POINT('Origin',(0.,375.,39.0450000000002));
#16936=CARTESIAN_POINT('',(-164.227199490517,148.96065177164,39.0450000000002));
#16937=CARTESIAN_POINT('',(-58.7785252292473,294.098300562505,39.0450000000002));
#16938=CARTESIAN_POINT('',(-164.227199490517,148.96065177164,39.0450000000002));
#16939=CARTESIAN_POINT('',(-45.3990499739546,285.899347581164,39.0450000000002));
#16940=CARTESIAN_POINT('Origin',(0.,375.,39.0450000000002));
#16941=CARTESIAN_POINT('',(-126.844945627229,126.05277714177,39.0450000000002));
#16942=CARTESIAN_POINT('',(-45.3990499739546,285.899347581164,39.0450000000002));
#16943=CARTESIAN_POINT('Origin',(0.,375.,39.0450000000002));
#16944=CARTESIAN_POINT('',(-164.227199490517,601.039348228361,39.0450000000002));
#16945=CARTESIAN_POINT('',(-58.7785252292473,455.901699437495,39.0450000000002));
#16946=CARTESIAN_POINT('',(-164.227199490517,601.039348228361,39.0450000000002));
#16947=CARTESIAN_POINT('',(-70.7106781186547,445.710678118655,39.0450000000002));
#16948=CARTESIAN_POINT('Origin',(0.,375.,39.0450000000002));
#16949=CARTESIAN_POINT('',(-197.565634663522,572.565634663522,39.0450000000002));
#16950=CARTESIAN_POINT('',(-70.7106781186547,445.710678118655,39.0450000000002));
#16951=CARTESIAN_POINT('Origin',(0.,375.,39.0450000000002));
#16952=CARTESIAN_POINT('',(265.725190652866,461.339348228361,39.0450000000002));
#16953=CARTESIAN_POINT('',(95.1056516295154,405.901699437495,39.0450000000002));
#16954=CARTESIAN_POINT('',(265.725190652866,461.339348228361,39.0450000000002));
#16955=CARTESIAN_POINT('',(89.1006524188369,420.399049973955,39.0450000000002));
#16956=CARTESIAN_POINT('Origin',(0.,375.,39.0450000000002));
#16957=CARTESIAN_POINT('',(248.94722285823,501.84494562723,39.0450000000002));
#16958=CARTESIAN_POINT('',(89.1006524188369,420.399049973955,39.0450000000002));
#16959=CARTESIAN_POINT('Origin',(0.,375.,39.0450000000002));
#16960=CARTESIAN_POINT('',(86.3393482283604,640.725190652866,39.0450000000002));
#16961=CARTESIAN_POINT('',(30.9016994374949,470.105651629516,39.0450000000002));
#16962=CARTESIAN_POINT('',(86.3393482283604,640.725190652866,39.0450000000002));
#16963=CARTESIAN_POINT('',(15.643446504023,473.768834059514,39.0450000000002));
#16964=CARTESIAN_POINT('Origin',(0.,375.,39.0450000000002));
#16965=CARTESIAN_POINT('',(43.7077895322406,650.960122362282,39.0450000000002));
#16966=CARTESIAN_POINT('',(15.643446504023,473.768834059514,39.0450000000002));
#16967=CARTESIAN_POINT('Origin',(0.,375.,39.0450000000002));
#16968=CARTESIAN_POINT('',(226.03934822836,210.772800509483,39.0450000000002));
#16969=CARTESIAN_POINT('',(80.9016994374947,316.221474770753,39.0450000000002));
#16970=CARTESIAN_POINT('',(226.03934822836,210.772800509483,39.0450000000002));
#16971=CARTESIAN_POINT('',(89.1006524188369,329.600950026046,39.0450000000002));
#16972=CARTESIAN_POINT('Origin',(0.,375.,39.0450000000002));
#16973=CARTESIAN_POINT('',(248.94722285823,248.155054372771,39.0450000000002));
#16974=CARTESIAN_POINT('',(89.1006524188369,329.600950026046,39.0450000000002));
#16975=CARTESIAN_POINT('Origin',(0.,375.,39.0450000000002));
#16976=CARTESIAN_POINT('',(-226.039348228361,539.227199490518,39.0450000000002));
#16977=CARTESIAN_POINT('',(-80.9016994374947,433.778525229248,39.0450000000002));
#16978=CARTESIAN_POINT('',(-226.039348228361,539.227199490517,39.0450000000002));
#16979=CARTESIAN_POINT('',(-89.1006524188368,420.399049973955,39.0450000000002));
#16980=CARTESIAN_POINT('Origin',(0.,375.,39.0450000000002));
#16981=CARTESIAN_POINT('',(-248.94722285823,501.84494562723,39.0450000000002));
#16982=CARTESIAN_POINT('',(-89.1006524188368,420.399049973955,39.0450000000002));
#16983=CARTESIAN_POINT('Origin',(0.,375.,39.0450000000002));
#16984=CARTESIAN_POINT('',(-265.725190652866,288.66065177164,39.0450000000002));
#16985=CARTESIAN_POINT('',(-95.1056516295154,344.098300562506,39.0450000000002));
#16986=CARTESIAN_POINT('',(-265.725190652866,288.66065177164,39.0450000000002));
#16987=CARTESIAN_POINT('',(-89.1006524188368,329.600950026046,39.0450000000002));
#16988=CARTESIAN_POINT('Origin',(0.,375.,39.0450000000002));
#16989=CARTESIAN_POINT('',(-248.94722285823,248.155054372771,39.0450000000002));
#16990=CARTESIAN_POINT('',(-89.1006524188368,329.600950026046,39.0450000000002));
#16991=CARTESIAN_POINT('Origin',(0.,375.,39.0450000000002));
#16992=CARTESIAN_POINT('',(-275.960122362281,418.707789532241,39.0450000000002));
#16993=CARTESIAN_POINT('',(-265.725190652866,461.339348228361,39.0450000000002));
#16994=CARTESIAN_POINT('Origin',(0.,375.,39.0450000000002));
#16995=CARTESIAN_POINT('',(-95.1056516295154,405.901699437495,39.0450000000002));
#16996=CARTESIAN_POINT('',(-265.725190652866,461.339348228361,39.0450000000002));
#16997=CARTESIAN_POINT('',(-98.7688340595138,390.643446504024,39.0450000000002));
#16998=CARTESIAN_POINT('Origin',(0.,375.,39.0450000000002));
#16999=CARTESIAN_POINT('',(-98.7688340595138,390.643446504024,39.0450000000002));
#17000=CARTESIAN_POINT('',(265.725190652866,288.66065177164,39.0450000000002));
#17001=CARTESIAN_POINT('',(95.1056516295152,344.098300562506,39.0450000000002));
#17002=CARTESIAN_POINT('',(265.725190652866,288.66065177164,39.0450000000002));
#17003=CARTESIAN_POINT('',(98.7688340595138,359.356553495977,39.0450000000002));
#17004=CARTESIAN_POINT('Origin',(0.,375.,39.0450000000002));
#17005=CARTESIAN_POINT('',(275.960122362282,331.29221046776,39.0450000000002));
#17006=CARTESIAN_POINT('',(98.7688340595138,359.356553495977,39.0450000000002));
#17007=CARTESIAN_POINT('Origin',(0.,375.,39.0450000000002));
#17008=CARTESIAN_POINT('',(226.039348228361,539.227199490517,39.0450000000002));
#17009=CARTESIAN_POINT('',(80.9016994374949,433.778525229248,39.0450000000002));
#17010=CARTESIAN_POINT('',(226.039348228361,539.227199490517,39.0450000000002));
#17011=CARTESIAN_POINT('',(70.7106781186546,445.710678118655,39.0450000000002));
#17012=CARTESIAN_POINT('Origin',(0.,375.,39.0450000000002));
#17013=CARTESIAN_POINT('',(197.565634663521,572.565634663522,39.0450000000002));
#17014=CARTESIAN_POINT('',(70.7106781186546,445.710678118655,39.0450000000002));
#17015=CARTESIAN_POINT('Origin',(0.,375.,39.0450000000002));
#17016=CARTESIAN_POINT('',(1.4210854715202E-13,654.400000000001,39.0450000000002));
#17017=CARTESIAN_POINT('',(0.,475.,39.0450000000002));
#17018=CARTESIAN_POINT('',(1.4210854715202E-13,654.400000000001,39.0450000000002));
#17019=CARTESIAN_POINT('',(-15.6434465040232,473.768834059514,39.0450000000002));
#17020=CARTESIAN_POINT('Origin',(0.,375.,39.0450000000002));
#17021=CARTESIAN_POINT('',(-43.7077895322405,650.960122362282,39.0450000000002));
#17022=CARTESIAN_POINT('',(-15.6434465040232,473.768834059514,39.0450000000002));
#17023=CARTESIAN_POINT('Origin',(0.,375.,39.0450000000002));
#17024=CARTESIAN_POINT('',(164.227199490517,601.039348228361,39.0450000000002));
#17025=CARTESIAN_POINT('',(58.7785252292473,455.901699437495,39.0450000000002));
#17026=CARTESIAN_POINT('',(164.227199490517,601.039348228361,39.0450000000002));
#17027=CARTESIAN_POINT('',(45.3990499739547,464.100652418837,39.0450000000002));
#17028=CARTESIAN_POINT('Origin',(0.,375.,39.0450000000002));
#17029=CARTESIAN_POINT('',(126.844945627229,623.947222858231,39.0450000000002));
#17030=CARTESIAN_POINT('',(45.3990499739547,464.100652418837,39.0450000000002));
#17031=CARTESIAN_POINT('Origin',(0.,375.,39.0450000000002));
#17032=CARTESIAN_POINT('',(-226.039348228361,210.772800509483,39.0450000000002));
#17033=CARTESIAN_POINT('',(-80.9016994374947,316.221474770753,39.0450000000002));
#17034=CARTESIAN_POINT('',(-226.039348228361,210.772800509483,39.0450000000002));
#17035=CARTESIAN_POINT('',(-70.7106781186548,304.289321881346,39.0450000000002));
#17036=CARTESIAN_POINT('Origin',(0.,375.,39.0450000000002));
#17037=CARTESIAN_POINT('',(-197.565634663522,177.434365336479,39.0450000000002));
#17038=CARTESIAN_POINT('',(-70.7106781186548,304.289321881346,39.0450000000002));
#17039=CARTESIAN_POINT('Origin',(0.,375.,39.0450000000002));
#17040=CARTESIAN_POINT('',(279.4,375.,39.0450000000002));
#17041=CARTESIAN_POINT('',(100.,375.,39.0450000000002));
#17042=CARTESIAN_POINT('',(279.4,375.,39.0450000000002));
#17043=CARTESIAN_POINT('',(98.7688340595138,390.643446504023,39.0450000000002));
#17044=CARTESIAN_POINT('Origin',(0.,375.,39.0450000000002));
#17045=CARTESIAN_POINT('',(275.960122362282,418.707789532241,39.0450000000002));
#17046=CARTESIAN_POINT('',(98.7688340595138,390.643446504023,39.0450000000002));
#17047=CARTESIAN_POINT('Origin',(0.,375.,39.0450000000002));
#17048=CARTESIAN_POINT('',(0.,95.5999999999998,39.0450000000002));
#17049=CARTESIAN_POINT('',(0.,275.,39.0450000000002));
#17050=CARTESIAN_POINT('',(0.,95.5999999999998,39.0450000000002));
#17051=CARTESIAN_POINT('',(15.6434465040232,276.231165940487,39.0450000000002));
#17052=CARTESIAN_POINT('Origin',(0.,375.,39.0450000000002));
#17053=CARTESIAN_POINT('',(43.7077895322408,99.0398776377183,39.0450000000002));
#17054=CARTESIAN_POINT('',(15.6434465040232,276.231165940487,39.0450000000002));
#17055=CARTESIAN_POINT('Origin',(0.,375.,39.0450000000002));
#17056=CARTESIAN_POINT('',(164.227199490517,148.96065177164,39.0450000000002));
#17057=CARTESIAN_POINT('',(58.7785252292474,294.098300562506,39.0450000000002));
#17058=CARTESIAN_POINT('',(164.227199490517,148.96065177164,39.0450000000002));
#17059=CARTESIAN_POINT('',(70.7106781186548,304.289321881346,39.0450000000002));
#17060=CARTESIAN_POINT('Origin',(0.,375.,39.0450000000002));
#17061=CARTESIAN_POINT('',(197.565634663521,177.434365336479,39.0450000000002));
#17062=CARTESIAN_POINT('',(70.7106781186548,304.289321881346,39.0450000000002));
#17063=CARTESIAN_POINT('Origin',(0.,375.,39.0450000000002));
#17064=CARTESIAN_POINT('',(-50.,375.000000000001,39.0450000000003));
#17065=CARTESIAN_POINT('Origin',(0.,375.000000000001,39.0450000000002));
#17066=CARTESIAN_POINT('Origin',(-5.,378.316624790356,63.534999999997));
#17067=CARTESIAN_POINT('',(-5.,371.683375209646,63.534999999997));
#17068=CARTESIAN_POINT('',(-5.,378.316624790356,63.534999999997));
#17069=CARTESIAN_POINT('',(-5.,376.658312395178,63.5349999999969));
#17070=CARTESIAN_POINT('',(-5.,371.683375209646,90.234999999997));
#17071=CARTESIAN_POINT('',(-5.,371.683375209646,63.534999999997));
#17072=CARTESIAN_POINT('',(-5.,378.316624790356,90.234999999997));
#17073=CARTESIAN_POINT('',(-5.,381.000000000001,90.234999999997));
#17074=CARTESIAN_POINT('',(-5.,378.316624790356,63.534999999997));
#17075=CARTESIAN_POINT('Origin',(0.,375.000000000001,63.534999999997));
#17076=CARTESIAN_POINT('',(5.,378.316624790356,63.534999999997));
#17077=CARTESIAN_POINT('Origin',(0.,375.000000000001,63.5349999999969));
#17078=CARTESIAN_POINT('',(5.,378.316624790356,90.234999999997));
#17079=CARTESIAN_POINT('Origin',(0.,375.000000000001,90.234999999997));
#17080=CARTESIAN_POINT('',(5.,378.316624790356,63.534999999997));
#17081=CARTESIAN_POINT('Origin',(5.,371.683375209646,63.534999999997));
#17082=CARTESIAN_POINT('',(5.,371.683375209646,63.534999999997));
#17083=CARTESIAN_POINT('',(5.,373.341687604823,63.5349999999969));
#17084=CARTESIAN_POINT('',(5.,371.683375209646,90.234999999997));
#17085=CARTESIAN_POINT('',(5.,369.000000000001,90.234999999997));
#17086=CARTESIAN_POINT('',(5.,371.683375209646,63.534999999997));
#17087=CARTESIAN_POINT('Origin',(0.,375.000000000001,63.534999999997));
#17088=CARTESIAN_POINT('Origin',(0.,375.000000000001,63.5349999999969));
#17089=CARTESIAN_POINT('Origin',(0.,375.000000000001,90.234999999997));
#17090=CARTESIAN_POINT('Origin',(0.,375.000000000001,90.234999999997));
#17091=CARTESIAN_POINT('Origin',(4.99999999996973,378.316624790364,-60.0000000000001));
#17092=CARTESIAN_POINT('',(4.99999999996973,371.683375209653,-60.0000000000001));
#17093=CARTESIAN_POINT('',(4.99999999996973,378.316624790364,-60.0000000000001));
#17094=CARTESIAN_POINT('',(4.99999999996973,376.658312395186,-60.));
#17095=CARTESIAN_POINT('',(4.99999999996973,371.683375209653,-96.1500000000001));
#17096=CARTESIAN_POINT('',(4.99999999996973,371.683375209653,-60.0000000000001));
#17097=CARTESIAN_POINT('',(4.99999999996973,378.316624790364,-96.1500000000001));
#17098=CARTESIAN_POINT('',(4.99999999996973,381.000000000009,-96.1500000000001));
#17099=CARTESIAN_POINT('',(4.99999999996973,378.316624790364,-60.0000000000001));
#17100=CARTESIAN_POINT('Origin',(-3.02691205433803E-11,375.000000000009,
-60.0000000000001));
#17101=CARTESIAN_POINT('',(-5.00000000003027,378.316624790364,-60.0000000000001));
#17102=CARTESIAN_POINT('Origin',(-3.02691205433803E-11,375.000000000009,
-60.));
#17103=CARTESIAN_POINT('',(-5.00000000003027,378.316624790364,-96.1500000000001));
#17104=CARTESIAN_POINT('Origin',(-3.02691205433803E-11,375.000000000009,
-96.1500000000001));
#17105=CARTESIAN_POINT('',(-5.00000000003027,378.316624790364,-60.0000000000001));
#17106=CARTESIAN_POINT('Origin',(-5.00000000003027,371.683375209653,-60.0000000000001));
#17107=CARTESIAN_POINT('',(-5.00000000003027,371.683375209653,-60.0000000000001));
#17108=CARTESIAN_POINT('',(-5.00000000003027,373.341687604831,-60.));
#17109=CARTESIAN_POINT('',(-5.00000000003027,371.683375209653,-96.1500000000001));
#17110=CARTESIAN_POINT('',(-5.00000000003027,369.000000000009,-96.1500000000001));
#17111=CARTESIAN_POINT('',(-5.00000000003027,371.683375209653,-60.0000000000001));
#17112=CARTESIAN_POINT('Origin',(-3.02691205433803E-11,375.000000000009,
-60.0000000000001));
#17113=CARTESIAN_POINT('Origin',(-3.02691205433803E-11,375.000000000009,
-60.));
#17114=CARTESIAN_POINT('Origin',(-3.02691205433803E-11,375.000000000009,
-96.1500000000001));
#17115=CARTESIAN_POINT('Origin',(-3.02691205433803E-11,375.000000000009,
-96.1500000000001));
#17116=CARTESIAN_POINT('Origin',(0.,375.000000000001,61.6649999999969));
#17117=CARTESIAN_POINT('',(-81.24,375.000000000001,61.6649999999969));
#17118=CARTESIAN_POINT('Origin',(0.,375.000000000001,61.6649999999969));
#17119=CARTESIAN_POINT('',(-50.,375.000000000001,61.6650000000003));
#17120=CARTESIAN_POINT('Origin',(0.,375.000000000001,61.6650000000003));
#17121=CARTESIAN_POINT('Origin',(0.,375.000000000001,61.6649999999969));
#17122=CARTESIAN_POINT('',(-81.24,375.000000000001,63.5349999999969));
#17123=CARTESIAN_POINT('Origin',(0.,375.000000000001,63.5349999999969));
#17124=CARTESIAN_POINT('',(-81.24,375.000000000001,61.6649999999969));
#17125=CARTESIAN_POINT('Origin',(0.,375.000000000001,63.5349999999969));
#17126=CARTESIAN_POINT('Origin',(0.,375.000000000001,39.0450000000003));
#17127=CARTESIAN_POINT('',(-50.,375.000000000001,39.0450000000003));
#17128=CARTESIAN_POINT('Origin',(0.,375.,20.955));
#17129=CARTESIAN_POINT('',(-98.7688340595138,390.643446504023,20.955));
#17130=CARTESIAN_POINT('',(-95.1056516295154,405.901699437495,20.955));
#17131=CARTESIAN_POINT('Origin',(-275.960122362282,418.707789532241,20.955));
#17132=CARTESIAN_POINT('',(-275.960122362281,418.707789532241,0.));
#17133=CARTESIAN_POINT('Origin',(-248.94722285823,501.84494562723,20.955));
#17134=CARTESIAN_POINT('',(-248.94722285823,501.84494562723,0.));
#17135=CARTESIAN_POINT('',(-89.1006524188369,420.399049973955,20.955));
#17136=CARTESIAN_POINT('Origin',(0.,375.,0.));
#17137=CARTESIAN_POINT('',(-226.03934822836,539.227199490517,0.));
#17138=CARTESIAN_POINT('Origin',(-197.565634663521,572.565634663522,20.955));
#17139=CARTESIAN_POINT('',(-197.565634663521,572.565634663522,0.));
#17140=CARTESIAN_POINT('',(-70.7106781186548,445.710678118655,20.955));
#17141=CARTESIAN_POINT('Origin',(0.,375.,0.));
#17142=CARTESIAN_POINT('',(-164.227199490517,601.03934822836,0.));
#17143=CARTESIAN_POINT('Origin',(-126.844945627229,623.94722285823,20.955));
#17144=CARTESIAN_POINT('',(-126.844945627229,623.94722285823,0.));
#17145=CARTESIAN_POINT('',(-45.3990499739547,464.100652418837,20.955));
#17146=CARTESIAN_POINT('Origin',(0.,375.,0.));
#17147=CARTESIAN_POINT('',(-86.3393482283602,640.725190652866,0.));
#17148=CARTESIAN_POINT('Origin',(-43.7077895322405,650.960122362282,20.955));
#17149=CARTESIAN_POINT('',(-43.7077895322404,650.960122362281,0.));
#17150=CARTESIAN_POINT('',(-15.643446504023,473.768834059514,20.955));
#17151=CARTESIAN_POINT('Origin',(0.,375.,0.));
#17152=CARTESIAN_POINT('',(1.4210854715202E-13,654.4,0.));
#17153=CARTESIAN_POINT('Origin',(43.7077895322406,650.960122362282,20.955));
#17154=CARTESIAN_POINT('',(43.7077895322406,650.960122362281,0.));
#17155=CARTESIAN_POINT('',(15.643446504023,473.768834059514,20.955));
#17156=CARTESIAN_POINT('Origin',(0.,375.,0.));
#17157=CARTESIAN_POINT('',(86.3393482283603,640.725190652866,0.));
#17158=CARTESIAN_POINT('Origin',(126.844945627229,623.94722285823,20.955));
#17159=CARTESIAN_POINT('',(126.844945627229,623.94722285823,0.));
#17160=CARTESIAN_POINT('',(45.3990499739547,464.100652418837,20.955));
#17161=CARTESIAN_POINT('Origin',(0.,375.,0.));
#17162=CARTESIAN_POINT('',(164.227199490517,601.03934822836,0.));
#17163=CARTESIAN_POINT('Origin',(197.565634663521,572.565634663522,20.955));
#17164=CARTESIAN_POINT('',(197.565634663521,572.565634663521,0.));
#17165=CARTESIAN_POINT('',(70.7106781186548,445.710678118655,20.955));
#17166=CARTESIAN_POINT('Origin',(0.,375.,0.));
#17167=CARTESIAN_POINT('',(226.03934822836,539.227199490517,0.));
#17168=CARTESIAN_POINT('Origin',(248.94722285823,501.84494562723,20.955));
#17169=CARTESIAN_POINT('',(248.94722285823,501.844945627229,0.));
#17170=CARTESIAN_POINT('',(89.1006524188367,420.399049973955,20.955));
#17171=CARTESIAN_POINT('Origin',(0.,375.,0.));
#17172=CARTESIAN_POINT('',(265.725190652866,461.33934822836,0.));
#17173=CARTESIAN_POINT('Origin',(275.960122362282,418.707789532241,20.955));
#17174=CARTESIAN_POINT('',(275.960122362282,418.707789532241,0.));
#17175=CARTESIAN_POINT('',(98.7688340595139,390.643446504023,20.955));
#17176=CARTESIAN_POINT('Origin',(0.,375.,0.));
#17177=CARTESIAN_POINT('',(279.4,375.,0.));
#17178=CARTESIAN_POINT('Origin',(275.960122362281,331.29221046776,20.955));
#17179=CARTESIAN_POINT('',(275.960122362282,331.29221046776,0.));
#17180=CARTESIAN_POINT('',(98.7688340595136,359.356553495977,20.955));
#17181=CARTESIAN_POINT('Origin',(0.,375.,0.));
#17182=CARTESIAN_POINT('',(265.725190652866,288.66065177164,0.));
#17183=CARTESIAN_POINT('Origin',(248.94722285823,248.155054372771,20.955));
#17184=CARTESIAN_POINT('',(248.94722285823,248.155054372771,0.));
#17185=CARTESIAN_POINT('',(89.1006524188369,329.600950026045,20.955));
#17186=CARTESIAN_POINT('Origin',(0.,375.,0.));
#17187=CARTESIAN_POINT('',(226.03934822836,210.772800509483,0.));
#17188=CARTESIAN_POINT('Origin',(197.565634663521,177.434365336479,20.955));
#17189=CARTESIAN_POINT('',(197.565634663521,177.434365336479,0.));
#17190=CARTESIAN_POINT('',(70.7106781186548,304.289321881345,20.955));
#17191=CARTESIAN_POINT('Origin',(0.,375.,0.));
#17192=CARTESIAN_POINT('',(164.227199490517,148.96065177164,0.));
#17193=CARTESIAN_POINT('Origin',(126.844945627229,126.05277714177,20.955));
#17194=CARTESIAN_POINT('',(126.844945627229,126.05277714177,0.));
#17195=CARTESIAN_POINT('',(45.3990499739547,285.899347581163,20.955));
#17196=CARTESIAN_POINT('Origin',(0.,375.,0.));
#17197=CARTESIAN_POINT('',(86.3393482283604,109.274809347134,0.));
#17198=CARTESIAN_POINT('Origin',(43.7077895322406,99.0398776377185,20.955));
#17199=CARTESIAN_POINT('',(43.7077895322406,99.0398776377184,0.));
#17200=CARTESIAN_POINT('',(15.6434465040232,276.231165940486,20.955));
#17201=CARTESIAN_POINT('Origin',(0.,375.,0.));
#17202=CARTESIAN_POINT('',(0.,95.6,0.));
#17203=CARTESIAN_POINT('Origin',(-43.7077895322405,99.0398776377185,20.955));
#17204=CARTESIAN_POINT('',(-43.7077895322405,99.0398776377184,0.));
#17205=CARTESIAN_POINT('',(-15.643446504023,276.231165940486,20.955));
#17206=CARTESIAN_POINT('Origin',(0.,375.,0.));
#17207=CARTESIAN_POINT('',(-86.3393482283604,109.274809347134,0.));
#17208=CARTESIAN_POINT('Origin',(-126.84494562723,126.05277714177,20.955));
#17209=CARTESIAN_POINT('',(-126.844945627229,126.05277714177,0.));
#17210=CARTESIAN_POINT('',(-45.3990499739547,285.899347581163,20.955));
#17211=CARTESIAN_POINT('Origin',(0.,375.,0.));
#17212=CARTESIAN_POINT('',(-164.227199490517,148.96065177164,0.));
#17213=CARTESIAN_POINT('Origin',(-197.565634663521,177.434365336479,20.955));
#17214=CARTESIAN_POINT('',(-197.565634663521,177.434365336479,0.));
#17215=CARTESIAN_POINT('',(-70.7106781186548,304.289321881345,20.955));
#17216=CARTESIAN_POINT('Origin',(0.,375.,0.));
#17217=CARTESIAN_POINT('',(-226.03934822836,210.772800509483,0.));
#17218=CARTESIAN_POINT('Origin',(-248.94722285823,248.155054372771,20.955));
#17219=CARTESIAN_POINT('',(-248.94722285823,248.155054372771,0.));
#17220=CARTESIAN_POINT('',(-89.1006524188368,329.600950026045,20.955));
#17221=CARTESIAN_POINT('Origin',(0.,375.,0.));
#17222=CARTESIAN_POINT('',(-265.725190652866,288.66065177164,0.));
#17223=CARTESIAN_POINT('Origin',(-275.960122362282,331.29221046776,20.955));
#17224=CARTESIAN_POINT('',(-275.960122362282,331.29221046776,0.));
#17225=CARTESIAN_POINT('',(-98.7688340595138,359.356553495977,20.955));
#17226=CARTESIAN_POINT('Origin',(0.,375.,0.));
#17227=CARTESIAN_POINT('',(-279.4,375.,0.));
#17228=CARTESIAN_POINT('Origin',(0.,375.,20.955));
#17229=CARTESIAN_POINT('',(-80.9016994374947,433.778525229247,20.955));
#17230=CARTESIAN_POINT('Origin',(-80.9016994374947,433.778525229247,20.955));
#17231=CARTESIAN_POINT('Origin',(0.,375.,20.955));
#17232=CARTESIAN_POINT('',(-58.7785252292473,455.901699437495,20.955));
#17233=CARTESIAN_POINT('Origin',(-58.7785252292473,455.901699437495,20.955));
#17234=CARTESIAN_POINT('Origin',(0.,375.,20.955));
#17235=CARTESIAN_POINT('',(-30.9016994374947,470.105651629515,20.955));
#17236=CARTESIAN_POINT('Origin',(-30.9016994374947,470.105651629515,20.955));
#17237=CARTESIAN_POINT('Origin',(0.,375.,20.955));
#17238=CARTESIAN_POINT('',(0.,475.,20.955));
#17239=CARTESIAN_POINT('Origin',(0.,475.,20.955));
#17240=CARTESIAN_POINT('Origin',(0.,375.,20.955));
#17241=CARTESIAN_POINT('',(30.9016994374949,470.105651629515,20.955));
#17242=CARTESIAN_POINT('Origin',(30.9016994374949,470.105651629515,20.955));
#17243=CARTESIAN_POINT('Origin',(0.,375.,20.955));
#17244=CARTESIAN_POINT('',(58.7785252292473,455.901699437495,20.955));
#17245=CARTESIAN_POINT('Origin',(58.7785252292473,455.901699437495,20.955));
#17246=CARTESIAN_POINT('Origin',(0.,375.,20.955));
#17247=CARTESIAN_POINT('',(80.9016994374949,433.778525229247,20.955));
#17248=CARTESIAN_POINT('Origin',(80.9016994374949,433.778525229247,20.955));
#17249=CARTESIAN_POINT('Origin',(0.,375.,20.955));
#17250=CARTESIAN_POINT('',(95.1056516295154,405.901699437495,20.955));
#17251=CARTESIAN_POINT('Origin',(95.1056516295154,405.901699437495,20.955));
#17252=CARTESIAN_POINT('Origin',(0.,375.,20.955));
#17253=CARTESIAN_POINT('',(100.,375.,20.955));
#17254=CARTESIAN_POINT('Origin',(100.,375.,20.955));
#17255=CARTESIAN_POINT('Origin',(0.,375.,20.955));
#17256=CARTESIAN_POINT('',(95.1056516295152,344.098300562505,20.955));
#17257=CARTESIAN_POINT('Origin',(95.1056516295152,344.098300562505,20.955));
#17258=CARTESIAN_POINT('Origin',(0.,375.,20.955));
#17259=CARTESIAN_POINT('',(80.9016994374947,316.221474770753,20.955));
#17260=CARTESIAN_POINT('Origin',(80.9016994374947,316.221474770753,20.955));
#17261=CARTESIAN_POINT('Origin',(0.,375.,20.955));
#17262=CARTESIAN_POINT('',(58.7785252292474,294.098300562505,20.955));
#17263=CARTESIAN_POINT('Origin',(58.7785252292474,294.098300562505,20.955));
#17264=CARTESIAN_POINT('Origin',(0.,375.,20.955));
#17265=CARTESIAN_POINT('',(30.9016994374947,279.894348370485,20.955));
#17266=CARTESIAN_POINT('Origin',(30.9016994374947,279.894348370485,20.955));
#17267=CARTESIAN_POINT('Origin',(0.,375.,20.955));
#17268=CARTESIAN_POINT('',(0.,275.,20.955));
#17269=CARTESIAN_POINT('Origin',(0.,275.,20.955));
#17270=CARTESIAN_POINT('Origin',(0.,375.,20.955));
#17271=CARTESIAN_POINT('',(-30.9016994374947,279.894348370485,20.955));
#17272=CARTESIAN_POINT('Origin',(-30.9016994374947,279.894348370485,20.955));
#17273=CARTESIAN_POINT('Origin',(0.,375.,20.955));
#17274=CARTESIAN_POINT('',(-58.7785252292473,294.098300562505,20.955));
#17275=CARTESIAN_POINT('Origin',(-58.7785252292473,294.098300562505,20.955));
#17276=CARTESIAN_POINT('Origin',(0.,375.,20.955));
#17277=CARTESIAN_POINT('',(-80.9016994374947,316.221474770753,20.955));
#17278=CARTESIAN_POINT('Origin',(-80.9016994374947,316.221474770753,20.955));
#17279=CARTESIAN_POINT('Origin',(0.,375.,20.955));
#17280=CARTESIAN_POINT('',(-95.1056516295154,344.098300562505,20.955));
#17281=CARTESIAN_POINT('Origin',(-95.1056516295154,344.098300562505,20.955));
#17282=CARTESIAN_POINT('Origin',(0.,375.,20.955));
#17283=CARTESIAN_POINT('',(-100.,375.,20.955));
#17284=CARTESIAN_POINT('Origin',(-100.,375.,20.955));
#17285=CARTESIAN_POINT('Origin',(-95.1056516295154,405.901699437495,20.955));
#17286=CARTESIAN_POINT('',(-265.725190652866,461.339348228361,10.9550000000002));
#17287=CARTESIAN_POINT('Origin',(0.,375.,0.));
#17288=CARTESIAN_POINT('Origin',(-3.02691205433803E-11,375.000000000008,
-50.));
#17289=CARTESIAN_POINT('',(-55.0000000000303,375.000000000008,-60.));
#17290=CARTESIAN_POINT('Origin',(-3.02691205433803E-11,375.000000000008,
-60.));
#17291=CARTESIAN_POINT('',(-75.0000000000303,375.000000000008,-40.));
#17292=CARTESIAN_POINT('',(-65.0000000000303,375.000000000008,-50.));
#17293=CARTESIAN_POINT('Origin',(-3.02691205433803E-11,375.000000000008,
-40.));
#17294=CARTESIAN_POINT('Origin',(-3.02691205433803E-11,375.000000000008,
60.));
#17295=CARTESIAN_POINT('',(-75.0000000000303,375.000000000008,60.));
#17296=CARTESIAN_POINT('Origin',(-3.02691205433803E-11,375.000000000008,
-60.));
#17297=CARTESIAN_POINT('',(0.,0.,0.));
#17298=CARTESIAN_POINT('Origin',(670.,-67.7,269.3));
#17299=CARTESIAN_POINT('',(657.3,-55.,269.3));
#17300=CARTESIAN_POINT('',(682.7,-55.,269.3));
#17301=CARTESIAN_POINT('',(676.35,-55.,269.3));
#17302=CARTESIAN_POINT('',(657.3,-80.4,269.3));
#17303=CARTESIAN_POINT('',(657.3,-61.35,269.3));
#17304=CARTESIAN_POINT('',(682.7,-80.4,269.3));
#17305=CARTESIAN_POINT('',(663.65,-80.4,269.3));
#17306=CARTESIAN_POINT('',(682.7,-74.05,269.3));
#17307=CARTESIAN_POINT('',(659.84,-77.8599992433935,269.3));
#17308=CARTESIAN_POINT('',(680.16,-77.8599992433935,269.3));
#17309=CARTESIAN_POINT('',(675.08,-77.8599992433935,269.3));
#17310=CARTESIAN_POINT('',(659.84,-57.5399992433935,269.3));
#17311=CARTESIAN_POINT('',(659.84,-72.7799996216968,269.3));
#17312=CARTESIAN_POINT('',(680.16,-57.5399992433935,269.3));
#17313=CARTESIAN_POINT('',(664.92,-57.5399992433935,269.3));
#17314=CARTESIAN_POINT('',(680.16,-62.6199996216968,269.3));
#17315=CARTESIAN_POINT('Origin',(680.16,-57.5399992433935,154.7));
#17316=CARTESIAN_POINT('',(680.16,-57.5399992433935,129.3));
#17317=CARTESIAN_POINT('',(680.16,-57.5399992433935,154.7));
#17318=CARTESIAN_POINT('',(680.16,-77.8599992433935,129.3));
#17319=CARTESIAN_POINT('',(680.16,-57.5399992433935,129.3));
#17320=CARTESIAN_POINT('',(680.16,-77.8599992433935,154.7));
#17321=CARTESIAN_POINT('Origin',(659.84,-57.5399992433935,154.7));
#17322=CARTESIAN_POINT('',(659.84,-57.5399992433935,129.3));
#17323=CARTESIAN_POINT('',(659.84,-57.5399992433935,154.7));
#17324=CARTESIAN_POINT('',(659.84,-57.5399992433935,129.3));
#17325=CARTESIAN_POINT('Origin',(682.7,-80.4,154.7));
#17326=CARTESIAN_POINT('',(682.7,-80.4,129.3));
#17327=CARTESIAN_POINT('',(682.7,-80.4,154.7));
#17328=CARTESIAN_POINT('',(682.7,-55.,129.3));
#17329=CARTESIAN_POINT('',(682.7,-80.4,129.3));
#17330=CARTESIAN_POINT('',(682.7,-55.,154.7));
#17331=CARTESIAN_POINT('Origin',(657.3,-80.4,154.7));
#17332=CARTESIAN_POINT('',(657.3,-80.4,129.3));
#17333=CARTESIAN_POINT('',(657.3,-80.4,154.7));
#17334=CARTESIAN_POINT('',(657.3,-80.4,129.3));
#17335=CARTESIAN_POINT('Origin',(659.84,-77.8599992433935,154.7));
#17336=CARTESIAN_POINT('',(659.84,-77.8599992433935,129.3));
#17337=CARTESIAN_POINT('',(659.84,-77.8599992433935,154.7));
#17338=CARTESIAN_POINT('',(659.84,-77.8599992433935,129.3));
#17339=CARTESIAN_POINT('Origin',(680.16,-77.8599992433935,154.7));
#17340=CARTESIAN_POINT('',(680.16,-77.8599992433935,129.3));
#17341=CARTESIAN_POINT('Origin',(657.3,-55.,154.7));
#17342=CARTESIAN_POINT('',(657.3,-55.,129.3));
#17343=CARTESIAN_POINT('',(657.3,-55.,154.7));
#17344=CARTESIAN_POINT('',(657.3,-55.,129.3));
#17345=CARTESIAN_POINT('Origin',(682.7,-55.,154.7));
#17346=CARTESIAN_POINT('',(682.7,-55.,129.3));
#17347=CARTESIAN_POINT('Origin',(670.,-67.7,129.3));
#17348=CARTESIAN_POINT('',(0.,0.,0.));
#17349=CARTESIAN_POINT('Origin',(182.174454300646,80.3999999999999,164.73668617032));
#17350=CARTESIAN_POINT('',(182.174454300646,80.3999999999999,164.73668617032));
#17351=CARTESIAN_POINT('',(156.382618358748,80.3999999999999,164.73668617032));
#17352=CARTESIAN_POINT('',(181.36626994741,80.4,164.73668617032));
#17353=CARTESIAN_POINT('',(182.174454300646,54.9999999999999,164.73668617032));
#17354=CARTESIAN_POINT('',(182.174454300645,67.6999999999999,164.73668617032));
#17355=CARTESIAN_POINT('',(156.382618358748,54.9999999999999,164.73668617032));
#17356=CARTESIAN_POINT('',(168.859211484155,55.,164.73668617032));
#17357=CARTESIAN_POINT('',(156.382618358748,80.3999999999999,164.73668617032));
#17358=CARTESIAN_POINT('',(179.595270706456,77.86,164.73668617032));
#17359=CARTESIAN_POINT('',(179.595270706456,57.54,164.73668617032));
#17360=CARTESIAN_POINT('',(179.595270706456,79.1299999999999,164.73668617032));
#17361=CARTESIAN_POINT('',(158.961801952937,77.86,164.73668617032));
#17362=CARTESIAN_POINT('',(170.10991733048,77.86,164.73668617032));
#17363=CARTESIAN_POINT('',(158.961801952937,57.54,164.73668617032));
#17364=CARTESIAN_POINT('',(158.961801952937,68.9699999999999,164.73668617032));
#17365=CARTESIAN_POINT('',(180.115564101084,57.54,164.73668617032));
#17366=CARTESIAN_POINT('Origin',(180.558085594174,80.4,155.569803711508));
#17367=CARTESIAN_POINT('',(225.003239734436,80.4,553.903568629131));
#17368=CARTESIAN_POINT('',(155.543968667664,80.4,159.980467424248));
#17369=CARTESIAN_POINT('',(250.017356660946,80.4,549.492904916391));
#17370=CARTESIAN_POINT('',(250.017356660946,80.4,549.492904916391));
#17371=CARTESIAN_POINT('',(180.558085594174,80.4,155.569803711508));
#17372=CARTESIAN_POINT('Origin',(155.543968667664,80.4,159.980467424248));
#17373=CARTESIAN_POINT('',(225.003239734436,55.,553.903568629131));
#17374=CARTESIAN_POINT('',(155.543968667664,55.,159.980467424248));
#17375=CARTESIAN_POINT('',(225.003239734436,80.4,553.903568629131));
#17376=CARTESIAN_POINT('Origin',(158.045380360315,57.54,159.539401052974));
#17377=CARTESIAN_POINT('',(227.504651427087,77.86,553.462502257857));
#17378=CARTESIAN_POINT('',(158.045380360315,77.86,159.539401052974));
#17379=CARTESIAN_POINT('',(227.504651427087,57.54,553.462502257857));
#17380=CARTESIAN_POINT('',(227.504651427087,57.54,553.462502257857));
#17381=CARTESIAN_POINT('',(158.045380360315,57.54,159.539401052974));
#17382=CARTESIAN_POINT('Origin',(158.045380360315,77.86,159.539401052974));
#17383=CARTESIAN_POINT('',(247.515944968295,77.86,549.933971287665));
#17384=CARTESIAN_POINT('',(178.056673901523,77.86,156.010870082782));
#17385=CARTESIAN_POINT('',(227.504651427087,77.86,553.462502257857));
#17386=CARTESIAN_POINT('Origin',(178.056673901523,77.86,156.010870082782));
#17387=CARTESIAN_POINT('',(247.515944968295,57.54,549.933971287665));
#17388=CARTESIAN_POINT('',(178.056673901523,57.54,156.010870082782));
#17389=CARTESIAN_POINT('',(247.515944968295,77.86,549.933971287665));
#17390=CARTESIAN_POINT('Origin',(178.056673901523,57.54,156.010870082782));
#17391=CARTESIAN_POINT('',(247.515944968295,57.54,549.933971287665));
#17392=CARTESIAN_POINT('Origin',(180.558085594174,55.,155.569803711508));
#17393=CARTESIAN_POINT('',(250.017356660946,55.,549.492904916391));
#17394=CARTESIAN_POINT('',(250.017356660946,55.,549.492904916391));
#17395=CARTESIAN_POINT('',(180.558085594174,55.,155.569803711508));
#17396=CARTESIAN_POINT('Origin',(155.543968667664,55.,159.980467424248));
#17397=CARTESIAN_POINT('',(225.003239734436,55.,553.903568629131));
#17398=CARTESIAN_POINT('Origin',(237.510298197691,67.7,551.698236772761));
#17399=CARTESIAN_POINT('',(0.,0.,0.));
#17400=CARTESIAN_POINT('Origin',(274.327689903649,-120.1,554.158793216198));
#17401=CARTESIAN_POINT('',(259.615299584024,-120.1,543.857066609312));
#17402=CARTESIAN_POINT('',(284.629416510534,-120.1,539.446402896572));
#17403=CARTESIAN_POINT('',(284.629416510534,-120.1,539.446402896572));
#17404=CARTESIAN_POINT('',(289.040080223274,-120.1,564.460519823082));
#17405=CARTESIAN_POINT('',(289.040080223274,-120.1,564.460519823082));
#17406=CARTESIAN_POINT('',(264.025963296764,-120.1,568.871183535823));
#17407=CARTESIAN_POINT('',(264.025963296764,-120.1,568.871183535823));
#17408=CARTESIAN_POINT('',(259.615299584024,-120.1,543.857066609312));
#17409=CARTESIAN_POINT('',(286.097602159349,-120.1,562.400174501706));
#17410=CARTESIAN_POINT('',(282.569071189157,-120.1,542.388880960497));
#17411=CARTESIAN_POINT('',(282.569071189157,-120.1,542.388880960497));
#17412=CARTESIAN_POINT('',(262.557777647949,-120.1,545.917411930689));
#17413=CARTESIAN_POINT('',(262.557777647949,-120.1,545.917411930689));
#17414=CARTESIAN_POINT('',(266.086308618141,-120.1,565.928705471898));
#17415=CARTESIAN_POINT('',(266.086308618141,-120.1,565.928705471898));
#17416=CARTESIAN_POINT('',(286.097602159349,-120.1,562.400174501706));
#17417=CARTESIAN_POINT('Origin',(274.327689903649,120.1,554.158793216198));
#17418=CARTESIAN_POINT('',(284.629416510534,120.1,539.446402896572));
#17419=CARTESIAN_POINT('',(259.615299584024,120.1,543.857066609312));
#17420=CARTESIAN_POINT('',(284.629416510534,120.1,539.446402896572));
#17421=CARTESIAN_POINT('',(264.025963296764,120.1,568.871183535823));
#17422=CARTESIAN_POINT('',(259.615299584024,120.1,543.857066609312));
#17423=CARTESIAN_POINT('',(289.040080223274,120.1,564.460519823082));
#17424=CARTESIAN_POINT('',(264.025963296764,120.1,568.871183535823));
#17425=CARTESIAN_POINT('',(289.040080223274,120.1,564.460519823082));
#17426=CARTESIAN_POINT('',(282.569071189157,120.1,542.388880960497));
#17427=CARTESIAN_POINT('',(286.097602159349,120.1,562.400174501706));
#17428=CARTESIAN_POINT('',(282.569071189157,120.1,542.388880960497));
#17429=CARTESIAN_POINT('',(266.086308618141,120.1,565.928705471898));
#17430=CARTESIAN_POINT('',(286.097602159349,120.1,562.400174501706));
#17431=CARTESIAN_POINT('',(262.557777647949,120.1,545.917411930689));
#17432=CARTESIAN_POINT('',(266.086308618141,120.1,565.928705471898));
#17433=CARTESIAN_POINT('',(262.557777647949,120.1,545.917411930689));
#17434=CARTESIAN_POINT('Origin',(266.086308618141,54.9999999999998,565.928705471898));
#17435=CARTESIAN_POINT('',(286.097602159349,54.9999999999998,562.400174501706));
#17436=CARTESIAN_POINT('',(266.086308618141,54.9999999999998,565.928705471898));
#17437=CARTESIAN_POINT('Origin',(262.557777647949,54.9999999999998,545.917411930689));
#17438=CARTESIAN_POINT('',(262.557777647949,54.9999999999998,545.917411930689));
#17439=CARTESIAN_POINT('Origin',(282.569071189157,54.9999999999998,542.388880960497));
#17440=CARTESIAN_POINT('',(282.569071189157,54.9999999999998,542.388880960497));
#17441=CARTESIAN_POINT('Origin',(286.097602159349,54.9999999999998,562.400174501706));
#17442=CARTESIAN_POINT('Origin',(264.025963296764,54.9999999999998,568.871183535823));
#17443=CARTESIAN_POINT('',(259.615299584024,54.9999999999998,543.857066609312));
#17444=CARTESIAN_POINT('',(264.025963296764,54.9999999999998,568.871183535823));
#17445=CARTESIAN_POINT('Origin',(289.040080223274,54.9999999999998,564.460519823082));
#17446=CARTESIAN_POINT('',(289.040080223274,54.9999999999998,564.460519823082));
#17447=CARTESIAN_POINT('Origin',(284.629416510534,54.9999999999998,539.446402896572));
#17448=CARTESIAN_POINT('',(284.629416510534,54.9999999999998,539.446402896572));
#17449=CARTESIAN_POINT('Origin',(259.615299584024,54.9999999999998,543.857066609312));
#17450=CARTESIAN_POINT('',(0.,0.,0.));
#17451=CARTESIAN_POINT('Origin',(182.174454300646,80.3999999999999,-164.73668617032));
#17452=CARTESIAN_POINT('',(182.174454300646,80.3999999999999,-164.73668617032));
#17453=CARTESIAN_POINT('',(156.382618358748,80.3999999999999,-164.73668617032));
#17454=CARTESIAN_POINT('',(181.36626994741,80.4,-164.73668617032));
#17455=CARTESIAN_POINT('',(156.382618358748,54.9999999999999,-164.73668617032));
#17456=CARTESIAN_POINT('',(156.382618358748,80.3999999999999,-164.73668617032));
#17457=CARTESIAN_POINT('',(182.174454300646,54.9999999999999,-164.73668617032));
#17458=CARTESIAN_POINT('',(168.859211484155,55.,-164.73668617032));
#17459=CARTESIAN_POINT('',(182.174454300645,67.6999999999999,-164.73668617032));
#17460=CARTESIAN_POINT('',(179.595270706456,77.86,-164.73668617032));
#17461=CARTESIAN_POINT('',(179.595270706456,57.54,-164.73668617032));
#17462=CARTESIAN_POINT('',(179.595270706456,79.1299999999999,-164.73668617032));
#17463=CARTESIAN_POINT('',(158.961801952937,57.54,-164.73668617032));
#17464=CARTESIAN_POINT('',(180.115564101084,57.54,-164.73668617032));
#17465=CARTESIAN_POINT('',(158.961801952937,77.86,-164.73668617032));
#17466=CARTESIAN_POINT('',(158.961801952937,68.9699999999999,-164.73668617032));
#17467=CARTESIAN_POINT('',(170.10991733048,77.86,-164.73668617032));
#17468=CARTESIAN_POINT('Origin',(180.558085594174,80.4,-155.569803711508));
#17469=CARTESIAN_POINT('',(250.017356660946,80.4,-549.492904916391));
#17470=CARTESIAN_POINT('',(180.558085594174,80.4,-155.569803711508));
#17471=CARTESIAN_POINT('',(225.003239734436,80.4,-553.903568629131));
#17472=CARTESIAN_POINT('',(250.017356660946,80.4,-549.492904916391));
#17473=CARTESIAN_POINT('',(155.543968667664,80.4,-159.980467424248));
#17474=CARTESIAN_POINT('Origin',(155.543968667664,80.4,-159.980467424248));
#17475=CARTESIAN_POINT('',(225.003239734436,55.,-553.903568629131));
#17476=CARTESIAN_POINT('',(225.003239734436,80.4,-553.903568629131));
#17477=CARTESIAN_POINT('',(155.543968667664,55.,-159.980467424248));
#17478=CARTESIAN_POINT('Origin',(158.045380360315,57.54,-159.539401052974));
#17479=CARTESIAN_POINT('',(227.504651427087,57.54,-553.462502257857));
#17480=CARTESIAN_POINT('',(158.045380360315,57.54,-159.539401052974));
#17481=CARTESIAN_POINT('',(227.504651427087,77.86,-553.462502257857));
#17482=CARTESIAN_POINT('',(227.504651427087,57.54,-553.462502257857));
#17483=CARTESIAN_POINT('',(158.045380360315,77.86,-159.539401052974));
#17484=CARTESIAN_POINT('Origin',(158.045380360315,77.86,-159.539401052974));
#17485=CARTESIAN_POINT('',(247.515944968295,77.86,-549.933971287665));
#17486=CARTESIAN_POINT('',(227.504651427087,77.86,-553.462502257857));
#17487=CARTESIAN_POINT('',(178.056673901523,77.86,-156.010870082782));
#17488=CARTESIAN_POINT('Origin',(178.056673901523,77.86,-156.010870082782));
#17489=CARTESIAN_POINT('',(247.515944968295,57.54,-549.933971287665));
#17490=CARTESIAN_POINT('',(247.515944968295,77.86,-549.933971287665));
#17491=CARTESIAN_POINT('',(178.056673901523,57.54,-156.010870082782));
#17492=CARTESIAN_POINT('Origin',(178.056673901523,57.54,-156.010870082782));
#17493=CARTESIAN_POINT('',(247.515944968295,57.54,-549.933971287665));
#17494=CARTESIAN_POINT('Origin',(180.558085594174,55.,-155.569803711508));
#17495=CARTESIAN_POINT('',(250.017356660946,55.,-549.492904916391));
#17496=CARTESIAN_POINT('',(180.558085594174,55.,-155.569803711508));
#17497=CARTESIAN_POINT('',(250.017356660946,55.,-549.492904916391));
#17498=CARTESIAN_POINT('Origin',(155.543968667664,55.,-159.980467424248));
#17499=CARTESIAN_POINT('',(225.003239734436,55.,-553.903568629131));
#17500=CARTESIAN_POINT('Origin',(237.510298197691,67.7,-551.698236772761));
#17501=CARTESIAN_POINT('',(0.,0.,0.));
#17502=CARTESIAN_POINT('Origin',(27.3,-12.3245056274913,3.));
#17503=CARTESIAN_POINT('',(-22.7,-12.3245056274913,6.));
#17504=CARTESIAN_POINT('',(-12.1176917957409,18.4365992534452,6.));
#17505=CARTESIAN_POINT('Origin',(27.3,-12.3245056274913,6.));
#17506=CARTESIAN_POINT('',(-12.1176917957409,18.4365992534452,0.));
#17507=CARTESIAN_POINT('',(-12.1176917957409,18.4365992534452,3.));
#17508=CARTESIAN_POINT('',(-22.7,-12.3245056274913,0.));
#17509=CARTESIAN_POINT('Origin',(27.3,-12.3245056274913,0.));
#17510=CARTESIAN_POINT('',(-22.7,-12.3245056274913,3.));
#17511=CARTESIAN_POINT('Origin',(36.6465388771247,80.9237375652636,0.));
#17512=CARTESIAN_POINT('',(46.2444576896369,93.222639282107,6.));
#17513=CARTESIAN_POINT('',(-25.0650615077445,1.84566629285619,6.));
#17514=CARTESIAN_POINT('',(46.2444576896369,93.222639282107,0.));
#17515=CARTESIAN_POINT('',(46.2444576896369,93.222639282107,0.));
#17516=CARTESIAN_POINT('',(36.6465388771247,80.9237375652636,0.));
#17517=CARTESIAN_POINT('Origin',(19.2519335896946,39.4156580961721,6.));
#17518=CARTESIAN_POINT('',(-22.7,-72.1,6.));
#17519=CARTESIAN_POINT('',(-22.7,19.707829048086,6.));
#17520=CARTESIAN_POINT('',(-18.7,-76.1,6.));
#17521=CARTESIAN_POINT('Origin',(-18.7,-72.1,6.));
#17522=CARTESIAN_POINT('',(-17.9,-76.1,6.));
#17523=CARTESIAN_POINT('',(-1.72403320515271,-76.1,6.));
#17524=CARTESIAN_POINT('',(-12.9,-71.1,6.));
#17525=CARTESIAN_POINT('Origin',(-17.9,-71.1,6.));
#17526=CARTESIAN_POINT('',(-12.9,-23.56,6.));
#17527=CARTESIAN_POINT('',(-12.9,2.92782904808603,6.));
#17528=CARTESIAN_POINT('',(12.9,-23.56,6.));
#17529=CARTESIAN_POINT('',(3.27596679484729,-23.56,6.));
#17530=CARTESIAN_POINT('',(12.9,-71.1,6.));
#17531=CARTESIAN_POINT('',(12.9,6.65782904808603,6.));
#17532=CARTESIAN_POINT('',(17.9,-76.1,6.));
#17533=CARTESIAN_POINT('Origin',(17.9,-71.1,6.));
#17534=CARTESIAN_POINT('',(18.2,-76.1,6.));
#17535=CARTESIAN_POINT('',(20.2,-76.1,6.));
#17536=CARTESIAN_POINT('',(22.2,-72.1,6.));
#17537=CARTESIAN_POINT('Origin',(18.2,-72.1,6.));
#17538=CARTESIAN_POINT('',(22.2,-2.49164564768227,6.));
#17539=CARTESIAN_POINT('',(22.2,0.,6.));
#17540=CARTESIAN_POINT('',(27.014108499775,6.05858998345058,6.));
#17541=CARTESIAN_POINT('Origin',(32.2,-2.49164564768227,6.));
#17542=CARTESIAN_POINT('',(45.1858922452831,17.0801457551565,6.));
#17543=CARTESIAN_POINT('',(22.2,3.13873544058387,6.));
#17544=CARTESIAN_POINT('',(50.0000007450581,25.6303813862894,6.));
#17545=CARTESIAN_POINT('Origin',(40.0000007450581,25.6303813862894,6.));
#17546=CARTESIAN_POINT('',(50.0000007450581,91.9306728771077,6.));
#17547=CARTESIAN_POINT('',(50.0000007450581,90.0000013411045,6.));
#17548=CARTESIAN_POINT('Origin',(47.9000007450581,91.9306728771077,6.));
#17549=CARTESIAN_POINT('',(3.40587727318528,5.3,6.));
#17550=CARTESIAN_POINT('',(3.40587727318528,-5.3,6.));
#17551=CARTESIAN_POINT('Origin',(0.,0.,6.));
#17552=CARTESIAN_POINT('',(-3.40587727318528,-5.3,6.));
#17553=CARTESIAN_POINT('',(7.92302815825466,-5.3,6.));
#17554=CARTESIAN_POINT('',(-3.40587727318528,5.3,6.));
#17555=CARTESIAN_POINT('Origin',(0.,0.,6.));
#17556=CARTESIAN_POINT('',(11.3289054314399,5.3,6.));
#17557=CARTESIAN_POINT('',(39.8033695644432,76.0019607843137,6.));
#17558=CARTESIAN_POINT('Origin',(42.9533695644432,76.0019607843137,6.));
#17559=CARTESIAN_POINT('',(39.8033695644432,25.0019607843137,6.));
#17560=CARTESIAN_POINT('Origin',(42.9533695644432,25.0019607843137,6.));
#17561=CARTESIAN_POINT('Origin',(17.9,-71.1,0.));
#17562=CARTESIAN_POINT('',(12.9,-71.1,0.));
#17563=CARTESIAN_POINT('',(12.9,-71.1,0.));
#17564=CARTESIAN_POINT('',(17.9,-76.1,0.));
#17565=CARTESIAN_POINT('Origin',(17.9,-71.1,0.));
#17566=CARTESIAN_POINT('',(17.9,-76.1,0.));
#17567=CARTESIAN_POINT('Origin',(12.7,-76.1,0.));
#17568=CARTESIAN_POINT('',(18.2,-76.1,0.));
#17569=CARTESIAN_POINT('',(20.2,-76.1,0.));
#17570=CARTESIAN_POINT('',(18.2,-76.1,0.));
#17571=CARTESIAN_POINT('Origin',(19.2519335896946,39.4156580961721,0.));
#17572=CARTESIAN_POINT('',(50.0000007450581,91.9306728771077,0.));
#17573=CARTESIAN_POINT('Origin',(47.9000007450581,91.9306728771077,0.));
#17574=CARTESIAN_POINT('',(50.0000007450581,25.6303813862894,0.));
#17575=CARTESIAN_POINT('',(50.0000007450581,90.0000013411045,0.));
#17576=CARTESIAN_POINT('',(45.1858922452831,17.0801457551565,0.));
#17577=CARTESIAN_POINT('Origin',(40.0000007450581,25.6303813862894,0.));
#17578=CARTESIAN_POINT('',(27.014108499775,6.05858998345058,0.));
#17579=CARTESIAN_POINT('',(22.2,3.13873544058387,0.));
#17580=CARTESIAN_POINT('',(22.2,-2.49164564768227,0.));
#17581=CARTESIAN_POINT('Origin',(32.2,-2.49164564768227,0.));
#17582=CARTESIAN_POINT('',(22.2,-72.1,0.));
#17583=CARTESIAN_POINT('',(22.2,19.707829048086,0.));
#17584=CARTESIAN_POINT('Origin',(18.2,-72.1,0.));
#17585=CARTESIAN_POINT('',(12.9,-23.56,0.));
#17586=CARTESIAN_POINT('',(12.9,2.92782904808603,0.));
#17587=CARTESIAN_POINT('',(-12.9,-23.56,0.));
#17588=CARTESIAN_POINT('',(3.27596679484729,-23.56,0.));
#17589=CARTESIAN_POINT('',(-12.9,-71.1,0.));
#17590=CARTESIAN_POINT('',(-12.9,-18.342170951914,0.));
#17591=CARTESIAN_POINT('',(-17.9,-76.1,0.));
#17592=CARTESIAN_POINT('Origin',(-17.9,-71.1,0.));
#17593=CARTESIAN_POINT('',(-18.7,-76.1,0.));
#17594=CARTESIAN_POINT('',(-1.72403320515271,-76.1,0.));
#17595=CARTESIAN_POINT('',(-22.7,-72.1,0.));
#17596=CARTESIAN_POINT('Origin',(-18.7,-72.1,0.));
#17597=CARTESIAN_POINT('',(-22.7,19.707829048086,0.));
#17598=CARTESIAN_POINT('',(39.8033695644432,76.0019607843137,0.));
#17599=CARTESIAN_POINT('Origin',(42.9533695644432,76.0019607843137,0.));
#17600=CARTESIAN_POINT('',(39.8033695644432,25.0019607843137,0.));
#17601=CARTESIAN_POINT('Origin',(42.9533695644432,25.0019607843137,0.));
#17602=CARTESIAN_POINT('',(3.40587727318528,-5.3,0.));
#17603=CARTESIAN_POINT('',(3.40587727318528,5.3,0.));
#17604=CARTESIAN_POINT('Origin',(0.,0.,0.));
#17605=CARTESIAN_POINT('',(-3.40587727318528,5.3,0.));
#17606=CARTESIAN_POINT('',(11.3289054314399,5.3,0.));
#17607=CARTESIAN_POINT('',(-3.40587727318528,-5.3,0.));
#17608=CARTESIAN_POINT('Origin',(0.,0.,0.));
#17609=CARTESIAN_POINT('',(7.92302815825466,-5.3,0.));
#17610=CARTESIAN_POINT('Origin',(-17.9,-71.1,0.));
#17611=CARTESIAN_POINT('',(-12.9,-71.1,0.));
#17612=CARTESIAN_POINT('',(-17.9,-76.1,0.));
#17613=CARTESIAN_POINT('Origin',(-22.7,-76.1,0.));
#17614=CARTESIAN_POINT('',(-18.7,-76.1,0.));
#17615=CARTESIAN_POINT('Origin',(40.0000007450581,25.6303813862894,0.));
#17616=CARTESIAN_POINT('',(45.1858922452831,17.0801457551565,0.));
#17617=CARTESIAN_POINT('',(50.0000007450581,25.6303813862894,0.));
#17618=CARTESIAN_POINT('Origin',(50.0000007450581,20.0000002980232,0.));
#17619=CARTESIAN_POINT('',(50.0000007450581,91.9306728771077,0.));
#17620=CARTESIAN_POINT('Origin',(32.2,-2.49164564768227,0.));
#17621=CARTESIAN_POINT('',(22.2,-2.49164564768227,0.));
#17622=CARTESIAN_POINT('',(27.014108499775,6.05858998345058,0.));
#17623=CARTESIAN_POINT('Origin',(22.2,0.,0.));
#17624=CARTESIAN_POINT('',(22.2,-72.1,0.));
#17625=CARTESIAN_POINT('Origin',(47.9000007450581,91.9306728771077,0.));
#17626=CARTESIAN_POINT('Origin',(-22.7,0.,6.));
#17627=CARTESIAN_POINT('',(-22.7,-72.1,0.));
#17628=CARTESIAN_POINT('Origin',(22.2,3.13873544058387,0.));
#17629=CARTESIAN_POINT('Origin',(-18.7,-72.1,0.));
#17630=CARTESIAN_POINT('Origin',(18.2,-72.1,0.));
#17631=CARTESIAN_POINT('Origin',(0.,0.,0.));
#17632=CARTESIAN_POINT('',(-3.40587727318528,-5.3,0.));
#17633=CARTESIAN_POINT('',(-3.40587727318528,5.3,0.));
#17634=CARTESIAN_POINT('Origin',(3.40587727318528,5.3,0.));
#17635=CARTESIAN_POINT('',(3.40587727318528,5.3,0.));
#17636=CARTESIAN_POINT('Origin',(0.,0.,0.));
#17637=CARTESIAN_POINT('',(3.40587727318528,-5.3,0.));
#17638=CARTESIAN_POINT('Origin',(-3.40587727318528,-5.3,0.));
#17639=CARTESIAN_POINT('Origin',(-12.9,-76.1,0.));
#17640=CARTESIAN_POINT('',(-12.9,-23.56,0.));
#17641=CARTESIAN_POINT('Origin',(-12.7,-23.56,0.));
#17642=CARTESIAN_POINT('',(12.9,-23.56,0.));
#17643=CARTESIAN_POINT('Origin',(12.9,-26.1,0.));
#17644=CARTESIAN_POINT('Origin',(42.9533695644432,76.0019607843137,0.));
#17645=CARTESIAN_POINT('',(39.8033695644432,76.0019607843137,0.));
#17646=CARTESIAN_POINT('Origin',(42.9533695644432,25.0019607843137,0.));
#17647=CARTESIAN_POINT('',(39.8033695644432,25.0019607843137,0.));
#17648=CARTESIAN_POINT('',(0.,0.,0.));
#17649=CARTESIAN_POINT('Origin',(0.,0.,6.));
#17650=CARTESIAN_POINT('',(3.40587727318528,-5.3,0.));
#17651=CARTESIAN_POINT('',(3.40587727318528,5.3,0.));
#17652=CARTESIAN_POINT('Origin',(0.,0.,0.));
#17653=CARTESIAN_POINT('',(3.40587727318528,-5.3,6.));
#17654=CARTESIAN_POINT('',(3.40587727318528,-5.3,6.));
#17655=CARTESIAN_POINT('',(3.40587727318528,5.3,6.));
#17656=CARTESIAN_POINT('Origin',(0.,0.,6.));
#17657=CARTESIAN_POINT('',(3.40587727318528,5.3,6.));
#17658=CARTESIAN_POINT('Origin',(-3.40587727318528,5.3,6.));
#17659=CARTESIAN_POINT('',(-3.40587727318528,5.3,0.));
#17660=CARTESIAN_POINT('',(7.92302815825465,5.3,0.));
#17661=CARTESIAN_POINT('',(-3.40587727318528,5.3,6.));
#17662=CARTESIAN_POINT('',(7.92302815825465,5.3,6.));
#17663=CARTESIAN_POINT('',(-3.40587727318528,5.3,6.));
#17664=CARTESIAN_POINT('Origin',(0.,0.,6.));
#17665=CARTESIAN_POINT('',(-3.40587727318528,-5.3,0.));
#17666=CARTESIAN_POINT('Origin',(0.,0.,0.));
#17667=CARTESIAN_POINT('',(-3.40587727318528,-5.3,6.));
#17668=CARTESIAN_POINT('Origin',(0.,0.,6.));
#17669=CARTESIAN_POINT('',(-3.40587727318528,-5.3,6.));
#17670=CARTESIAN_POINT('Origin',(3.40587727318528,-5.3,6.));
#17671=CARTESIAN_POINT('',(11.3289054314399,-5.3,0.));
#17672=CARTESIAN_POINT('',(11.3289054314399,-5.3,6.));
#17673=CARTESIAN_POINT('Origin',(18.7,-72.1,0.));
#17674=CARTESIAN_POINT('',(22.7,-72.1,6.));
#17675=CARTESIAN_POINT('',(18.7,-76.1,6.));
#17676=CARTESIAN_POINT('Origin',(18.7,-72.1,6.));
#17677=CARTESIAN_POINT('',(18.7,-76.1,0.));
#17678=CARTESIAN_POINT('',(18.7,-76.1,0.));
#17679=CARTESIAN_POINT('',(22.7,-72.1,0.));
#17680=CARTESIAN_POINT('Origin',(18.7,-72.1,0.));
#17681=CARTESIAN_POINT('',(22.7,-72.1,0.));
#17682=CARTESIAN_POINT('Origin',(22.7,-76.1,0.));
#17683=CARTESIAN_POINT('',(22.7,0.,0.));
#17684=CARTESIAN_POINT('',(22.7,-26.1,0.));
#17685=CARTESIAN_POINT('',(22.7,0.,6.));
#17686=CARTESIAN_POINT('',(22.7,0.,0.));
#17687=CARTESIAN_POINT('',(22.7,-16.1,6.));
#17688=CARTESIAN_POINT('Origin',(19.2519335896946,39.4156580961721,0.));
#17689=CARTESIAN_POINT('',(12.9,-76.1,0.));
#17690=CARTESIAN_POINT('',(12.7,-76.1,0.));
#17691=CARTESIAN_POINT('',(12.9,-16.71,0.));
#17692=CARTESIAN_POINT('',(12.9,6.35282904808603,0.));
#17693=CARTESIAN_POINT('',(-12.9,-16.71,0.));
#17694=CARTESIAN_POINT('',(3.27596679484729,-16.71,0.));
#17695=CARTESIAN_POINT('',(-12.9,-76.1,0.));
#17696=CARTESIAN_POINT('',(-12.9,-18.342170951914,0.));
#17697=CARTESIAN_POINT('',(-18.7,-76.1,0.));
#17698=CARTESIAN_POINT('',(-12.7,-76.1,0.));
#17699=CARTESIAN_POINT('',(-22.7,-72.1,0.));
#17700=CARTESIAN_POINT('Origin',(-18.7,-72.1,0.));
#17701=CARTESIAN_POINT('',(-22.7,0.,0.));
#17702=CARTESIAN_POINT('',(-22.7,-16.1,0.));
#17703=CARTESIAN_POINT('Origin',(0.,0.,0.));
#17704=CARTESIAN_POINT('Origin',(-18.7,-72.1,0.));
#17705=CARTESIAN_POINT('',(-18.7,-76.1,6.));
#17706=CARTESIAN_POINT('',(-22.7,-72.1,6.));
#17707=CARTESIAN_POINT('Origin',(-18.7,-72.1,6.));
#17708=CARTESIAN_POINT('',(-22.7,-72.1,0.));
#17709=CARTESIAN_POINT('',(-18.7,-76.1,0.));
#17710=CARTESIAN_POINT('Origin',(-22.7,-26.1,0.));
#17711=CARTESIAN_POINT('',(-22.7,0.,6.));
#17712=CARTESIAN_POINT('',(-22.7,-76.1,6.));
#17713=CARTESIAN_POINT('',(-22.7,0.,0.));
#17714=CARTESIAN_POINT('Origin',(19.2519335896946,39.4156580961721,6.));
#17715=CARTESIAN_POINT('Origin',(0.,0.,6.));
#17716=CARTESIAN_POINT('',(-12.9,-76.1,6.));
#17717=CARTESIAN_POINT('',(-12.7,-76.1,6.));
#17718=CARTESIAN_POINT('',(-12.9,-16.71,6.));
#17719=CARTESIAN_POINT('',(-12.9,6.35282904808603,6.));
#17720=CARTESIAN_POINT('',(12.9,-16.71,6.));
#17721=CARTESIAN_POINT('',(3.27596679484729,-16.71,6.));
#17722=CARTESIAN_POINT('',(12.9,-76.1,6.));
#17723=CARTESIAN_POINT('',(12.9,6.65782904808603,6.));
#17724=CARTESIAN_POINT('',(12.7,-76.1,6.));
#17725=CARTESIAN_POINT('Origin',(0.,0.,6.));
#17726=CARTESIAN_POINT('Origin',(-12.7,-16.71,0.));
#17727=CARTESIAN_POINT('',(-12.9,-16.71,0.));
#17728=CARTESIAN_POINT('',(12.9,-16.71,0.));
#17729=CARTESIAN_POINT('Origin',(12.9,-26.1,0.));
#17730=CARTESIAN_POINT('',(12.9,-76.1,0.));
#17731=CARTESIAN_POINT('Origin',(12.7,-76.1,0.));
#17732=CARTESIAN_POINT('Origin',(-12.9,-76.1,0.));
#17733=CARTESIAN_POINT('',(-12.9,-76.1,0.));
#17734=CARTESIAN_POINT('Origin',(-22.7,-76.1,0.));
#17735=CARTESIAN_POINT('',(0.,0.,0.));
#17736=CARTESIAN_POINT('Origin',(-486.975251791569,-7.105427357601E-13,
183.90403400415));
#17737=CARTESIAN_POINT('',(-481.619003853089,-7.93750000000071,185.853548821106));
#17738=CARTESIAN_POINT('Origin',(-481.619003853089,-7.105427357601E-13,
185.853548821106));
#17739=CARTESIAN_POINT('',(-486.975251791569,-7.93750000000071,183.90403400415));
#17740=CARTESIAN_POINT('',(-486.975251791569,-7.93750000000071,183.90403400415));
#17741=CARTESIAN_POINT('Origin',(-486.975251791569,-7.105427357601E-13,
183.90403400415));
#17742=CARTESIAN_POINT('Origin',(-478.424748208429,-25.0000000000007,160.411718484501));
#17743=CARTESIAN_POINT('',(-478.424748208429,-25.0000000000007,160.411718484501));
#17744=CARTESIAN_POINT('',(-478.424748208426,24.9999999999993,160.411718484502));
#17745=CARTESIAN_POINT('',(-478.424748208429,-25.0000000000007,160.411718484501));
#17746=CARTESIAN_POINT('',(-473.068500269946,24.9999999999993,162.361233301458));
#17747=CARTESIAN_POINT('',(-478.424748208426,24.9999999999993,160.411718484502));
#17748=CARTESIAN_POINT('',(-473.068500269949,-25.0000000000007,162.361233301457));
#17749=CARTESIAN_POINT('',(-473.068500269949,-25.0000000000007,162.361233301457));
#17750=CARTESIAN_POINT('',(-478.424748208429,-25.0000000000007,160.411718484501));
#17751=CARTESIAN_POINT('Origin',(-495.525755374709,-25.0000000000007,207.396349523798));
#17752=CARTESIAN_POINT('',(-495.525755374709,-25.0000000000007,207.396349523798));
#17753=CARTESIAN_POINT('',(-495.525755374709,-25.0000000000007,207.396349523798));
#17754=CARTESIAN_POINT('',(-490.169507436229,-25.0000000000007,209.345864340754));
#17755=CARTESIAN_POINT('',(-490.16950743623,-25.0000000000007,209.345864340754));
#17756=CARTESIAN_POINT('',(-495.525755374709,-25.0000000000007,207.396349523798));
#17757=CARTESIAN_POINT('Origin',(-495.525755374709,24.9999999999993,207.396349523798));
#17758=CARTESIAN_POINT('',(-495.525755374709,24.9999999999993,207.396349523798));
#17759=CARTESIAN_POINT('',(-495.525755374709,24.9999999999993,207.396349523798));
#17760=CARTESIAN_POINT('',(-490.169507436229,24.9999999999993,209.345864340754));
#17761=CARTESIAN_POINT('',(-490.16950743623,24.9999999999993,209.345864340754));
#17762=CARTESIAN_POINT('',(-495.525755374709,24.9999999999993,207.396349523798));
#17763=CARTESIAN_POINT('Origin',(-478.424748208426,24.9999999999993,160.411718484502));
#17764=CARTESIAN_POINT('',(-478.424748208426,24.9999999999993,160.411718484502));
#17765=CARTESIAN_POINT('',(-473.068500269946,24.9999999999993,162.361233301458));
#17766=CARTESIAN_POINT('Origin',(-481.619003853089,-7.105427357601E-13,
185.853548821106));
#17767=CARTESIAN_POINT('Origin',(-486.975251791569,-7.105427357601E-13,
183.90403400415));
#17768=CARTESIAN_POINT('',(0.,0.,0.));
#17769=CARTESIAN_POINT('Origin',(-252.573718839927,10.16,154.7));
#17770=CARTESIAN_POINT('',(-252.573718839927,-10.16,303.638008662807));
#17771=CARTESIAN_POINT('',(-252.573718839927,10.16,303.638008662807));
#17772=CARTESIAN_POINT('',(-252.573718839927,5.08,303.638008662807));
#17773=CARTESIAN_POINT('',(-252.573718839927,-10.16,154.7));
#17774=CARTESIAN_POINT('',(-252.573718839927,-10.16,154.7));
#17775=CARTESIAN_POINT('',(-252.573718839927,10.16,154.7));
#17776=CARTESIAN_POINT('',(-252.573718839927,5.08,154.7));
#17777=CARTESIAN_POINT('',(-252.573718839927,10.16,154.7));
#17778=CARTESIAN_POINT('Origin',(-232.253718839927,10.16,154.7));
#17779=CARTESIAN_POINT('',(-232.253718839927,10.16,315.369766132739));
#17780=CARTESIAN_POINT('',(-278.469743612689,10.16,288.686931789314));
#17781=CARTESIAN_POINT('',(-232.253718839927,10.16,154.7));
#17782=CARTESIAN_POINT('',(-230.983718839927,10.16,154.7));
#17783=CARTESIAN_POINT('',(-232.253718839927,10.16,154.7));
#17784=CARTESIAN_POINT('Origin',(-232.253718839927,-10.16,154.7));
#17785=CARTESIAN_POINT('',(-232.253718839927,-10.16,315.369766132739));
#17786=CARTESIAN_POINT('',(-232.253718839927,-5.08,315.369766132739));
#17787=CARTESIAN_POINT('',(-232.253718839927,-10.16,154.7));
#17788=CARTESIAN_POINT('',(-232.253718839927,-5.08,154.7));
#17789=CARTESIAN_POINT('',(-232.253718839927,-10.16,154.7));
#17790=CARTESIAN_POINT('Origin',(-252.573718839927,-10.16,154.7));
#17791=CARTESIAN_POINT('',(-286.08974361269,-10.16,284.287522738089));
#17792=CARTESIAN_POINT('',(-241.143718839927,-10.16,154.7));
#17793=CARTESIAN_POINT('Origin',(-242.413718839927,-12.7,235.76811790824));
#17794=CARTESIAN_POINT('',(-229.713718839927,-12.7,154.7));
#17795=CARTESIAN_POINT('',(-229.713718839927,-12.7,316.83623581648));
#17796=CARTESIAN_POINT('',(-229.713718839927,-12.7,222.106623502443));
#17797=CARTESIAN_POINT('',(-255.113718839927,-12.7,302.171538979066));
#17798=CARTESIAN_POINT('',(-229.713718839927,-12.7,316.83623581648));
#17799=CARTESIAN_POINT('',(-255.113718839927,-12.7,154.7));
#17800=CARTESIAN_POINT('',(-255.113718839927,-12.7,154.7));
#17801=CARTESIAN_POINT('',(-229.713718839927,-12.7,154.7));
#17802=CARTESIAN_POINT('Origin',(-255.113718839927,0.,302.171538979066));
#17803=CARTESIAN_POINT('',(-229.713718839927,12.7,316.83623581648));
#17804=CARTESIAN_POINT('',(-229.713718839927,0.,316.83623581648));
#17805=CARTESIAN_POINT('',(-255.113718839927,12.7,302.171538979066));
#17806=CARTESIAN_POINT('',(-229.713718839927,12.7,316.83623581648));
#17807=CARTESIAN_POINT('',(-255.113718839927,0.,302.171538979066));
#17808=CARTESIAN_POINT('Origin',(-255.113718839927,0.,154.7));
#17809=CARTESIAN_POINT('',(-255.113718839927,12.7,154.7));
#17810=CARTESIAN_POINT('',(-255.113718839927,12.7,154.7));
#17811=CARTESIAN_POINT('',(-255.113718839927,0.,154.7));
#17812=CARTESIAN_POINT('Origin',(-229.713718839927,0.,154.7));
#17813=CARTESIAN_POINT('',(-229.713718839927,12.7,154.7));
#17814=CARTESIAN_POINT('',(-229.713718839927,12.7,154.7));
#17815=CARTESIAN_POINT('',(-229.713718839927,0.,154.7));
#17816=CARTESIAN_POINT('Origin',(-229.713718839927,0.,316.83623581648));
#17817=CARTESIAN_POINT('',(-229.713718839927,12.7,222.106623502443));
#17818=CARTESIAN_POINT('Origin',(-242.413718839927,12.7,235.76811790824));
#17819=CARTESIAN_POINT('',(0.,0.,0.));
#17820=CARTESIAN_POINT('Origin',(-482.840798928729,-10.16,154.7));
#17821=CARTESIAN_POINT('',(-462.520798928729,-10.16,182.425005457978));
#17822=CARTESIAN_POINT('',(-482.840798928729,-10.16,170.693247988047));
#17823=CARTESIAN_POINT('',(-487.573438690397,-10.16,167.960857147671));
#17824=CARTESIAN_POINT('',(-462.520798928729,-10.16,154.7));
#17825=CARTESIAN_POINT('',(-462.520798928729,-10.16,154.7));
#17826=CARTESIAN_POINT('',(-482.840798928729,-10.16,154.7));
#17827=CARTESIAN_POINT('',(-471.410798928729,-10.16,154.7));
#17828=CARTESIAN_POINT('',(-482.840798928729,-10.16,154.7));
#17829=CARTESIAN_POINT('Origin',(-482.840798928729,10.16,154.7));
#17830=CARTESIAN_POINT('',(-482.840798928729,10.16,170.693247988047));
#17831=CARTESIAN_POINT('',(-482.840798928729,5.08,170.693247988047));
#17832=CARTESIAN_POINT('',(-482.840798928729,10.16,154.7));
#17833=CARTESIAN_POINT('',(-482.840798928729,5.08,154.7));
#17834=CARTESIAN_POINT('',(-482.840798928729,10.16,154.7));
#17835=CARTESIAN_POINT('Origin',(-462.520798928729,10.16,154.7));
#17836=CARTESIAN_POINT('',(-462.520798928729,10.16,182.425005457978));
#17837=CARTESIAN_POINT('',(-479.953438690396,10.16,172.360266198895));
#17838=CARTESIAN_POINT('',(-462.520798928729,10.16,154.7));
#17839=CARTESIAN_POINT('',(-461.250798928729,10.16,154.7));
#17840=CARTESIAN_POINT('',(-462.520798928729,10.16,154.7));
#17841=CARTESIAN_POINT('Origin',(-462.520798928729,-10.16,154.7));
#17842=CARTESIAN_POINT('',(-462.520798928729,-5.08,182.425005457978));
#17843=CARTESIAN_POINT('',(-462.520798928729,-5.08,154.7));
#17844=CARTESIAN_POINT('Origin',(-472.680798928729,-12.7,169.29573757086));
#17845=CARTESIAN_POINT('',(-459.980798928729,-12.7,183.891475141719));
#17846=CARTESIAN_POINT('',(-485.380798928729,-12.7,169.226778304305));
#17847=CARTESIAN_POINT('',(-460.976465596582,-12.7,183.316626723011));
#17848=CARTESIAN_POINT('',(-485.380798928729,-12.7,154.7));
#17849=CARTESIAN_POINT('',(-485.380798928729,-12.7,154.7));
#17850=CARTESIAN_POINT('',(-459.980798928729,-12.7,154.7));
#17851=CARTESIAN_POINT('',(-459.980798928729,-12.7,154.7));
#17852=CARTESIAN_POINT('',(-459.980798928729,-12.7,183.891475141719));
#17853=CARTESIAN_POINT('Origin',(-485.380798928729,0.,154.7));
#17854=CARTESIAN_POINT('',(-485.380798928729,12.7,169.226778304305));
#17855=CARTESIAN_POINT('',(-485.380798928729,0.,169.226778304305));
#17856=CARTESIAN_POINT('',(-485.380798928729,12.7,154.7));
#17857=CARTESIAN_POINT('',(-485.380798928729,12.7,154.7));
#17858=CARTESIAN_POINT('',(-485.380798928729,0.,154.7));
#17859=CARTESIAN_POINT('Origin',(-459.980798928729,0.,154.7));
#17860=CARTESIAN_POINT('',(-459.980798928729,12.7,154.7));
#17861=CARTESIAN_POINT('',(-459.980798928729,12.7,154.7));
#17862=CARTESIAN_POINT('',(-459.980798928729,0.,154.7));
#17863=CARTESIAN_POINT('Origin',(-459.980798928729,0.,183.891475141719));
#17864=CARTESIAN_POINT('',(-459.980798928729,12.7,183.891475141719));
#17865=CARTESIAN_POINT('',(-459.980798928729,12.7,183.891475141719));
#17866=CARTESIAN_POINT('',(-459.980798928729,0.,183.891475141719));
#17867=CARTESIAN_POINT('Origin',(-485.380798928729,0.,169.226778304305));
#17868=CARTESIAN_POINT('',(-460.976465596582,12.7,183.316626723011));
#17869=CARTESIAN_POINT('Origin',(-472.680798928729,12.7,169.29573757086));
#17870=CARTESIAN_POINT('',(0.,0.,0.));
#17871=CARTESIAN_POINT('Origin',(670.,-67.7,-269.3));
#17872=CARTESIAN_POINT('',(682.7,-55.,-269.3));
#17873=CARTESIAN_POINT('',(657.3,-55.,-269.3));
#17874=CARTESIAN_POINT('',(676.35,-55.,-269.3));
#17875=CARTESIAN_POINT('',(682.7,-80.4,-269.3));
#17876=CARTESIAN_POINT('',(682.7,-74.05,-269.3));
#17877=CARTESIAN_POINT('',(657.3,-80.4,-269.3));
#17878=CARTESIAN_POINT('',(663.65,-80.4,-269.3));
#17879=CARTESIAN_POINT('',(657.3,-61.35,-269.3));
#17880=CARTESIAN_POINT('',(680.16,-77.8599992433935,-269.3));
#17881=CARTESIAN_POINT('',(659.84,-77.8599992433935,-269.3));
#17882=CARTESIAN_POINT('',(675.08,-77.8599992433935,-269.3));
#17883=CARTESIAN_POINT('',(680.16,-57.5399992433935,-269.3));
#17884=CARTESIAN_POINT('',(680.16,-62.6199996216968,-269.3));
#17885=CARTESIAN_POINT('',(659.84,-57.5399992433935,-269.3));
#17886=CARTESIAN_POINT('',(664.92,-57.5399992433935,-269.3));
#17887=CARTESIAN_POINT('',(659.84,-72.7799996216968,-269.3));
#17888=CARTESIAN_POINT('Origin',(659.84,-77.8599992433935,-154.7));
#17889=CARTESIAN_POINT('',(659.84,-57.5399992433935,-129.3));
#17890=CARTESIAN_POINT('',(659.84,-57.5399992433935,-154.7));
#17891=CARTESIAN_POINT('',(659.84,-77.8599992433935,-129.3));
#17892=CARTESIAN_POINT('',(659.84,-77.8599992433935,-129.3));
#17893=CARTESIAN_POINT('',(659.84,-77.8599992433935,-154.7));
#17894=CARTESIAN_POINT('Origin',(659.84,-57.5399992433935,-154.7));
#17895=CARTESIAN_POINT('',(680.16,-57.5399992433935,-129.3));
#17896=CARTESIAN_POINT('',(680.16,-57.5399992433935,-154.7));
#17897=CARTESIAN_POINT('',(659.84,-57.5399992433935,-129.3));
#17898=CARTESIAN_POINT('Origin',(657.3,-55.,-154.7));
#17899=CARTESIAN_POINT('',(657.3,-80.4,-129.3));
#17900=CARTESIAN_POINT('',(657.3,-80.4,-154.7));
#17901=CARTESIAN_POINT('',(657.3,-55.,-129.3));
#17902=CARTESIAN_POINT('',(657.3,-55.,-129.3));
#17903=CARTESIAN_POINT('',(657.3,-55.,-154.7));
#17904=CARTESIAN_POINT('Origin',(657.3,-80.4,-154.7));
#17905=CARTESIAN_POINT('',(682.7,-80.4,-129.3));
#17906=CARTESIAN_POINT('',(682.7,-80.4,-154.7));
#17907=CARTESIAN_POINT('',(657.3,-80.4,-129.3));
#17908=CARTESIAN_POINT('Origin',(680.16,-57.5399992433935,-154.7));
#17909=CARTESIAN_POINT('',(680.16,-77.8599992433935,-129.3));
#17910=CARTESIAN_POINT('',(680.16,-77.8599992433935,-154.7));
#17911=CARTESIAN_POINT('',(680.16,-57.5399992433935,-129.3));
#17912=CARTESIAN_POINT('Origin',(682.7,-80.4,-154.7));
#17913=CARTESIAN_POINT('',(682.7,-55.,-129.3));
#17914=CARTESIAN_POINT('',(682.7,-55.,-154.7));
#17915=CARTESIAN_POINT('',(682.7,-80.4,-129.3));
#17916=CARTESIAN_POINT('Origin',(680.16,-77.8599992433935,-154.7));
#17917=CARTESIAN_POINT('',(680.16,-77.8599992433935,-129.3));
#17918=CARTESIAN_POINT('Origin',(682.7,-55.,-154.7));
#17919=CARTESIAN_POINT('',(682.7,-55.,-129.3));
#17920=CARTESIAN_POINT('Origin',(670.,-67.7,-129.3));
#17921=CARTESIAN_POINT('',(0.,0.,0.));
#17922=CARTESIAN_POINT('',(0.,0.,0.));
#17923=CARTESIAN_POINT('Origin',(-18.,0.,0.));
#17924=CARTESIAN_POINT('',(-18.,-10.,5.));
#17925=CARTESIAN_POINT('',(-18.,30.,5.));
#17926=CARTESIAN_POINT('',(-18.,0.,5.));
#17927=CARTESIAN_POINT('',(-18.,-10.,10.0000000745058));
#17928=CARTESIAN_POINT('',(-18.,-10.,1.25000001862645));
#17929=CARTESIAN_POINT('',(-18.,30.,10.0000000745058));
#17930=CARTESIAN_POINT('',(-18.,10.,10.0000000745058));
#17931=CARTESIAN_POINT('',(-18.,30.,-5.));
#17932=CARTESIAN_POINT('Origin',(-11.,-10.,2.5000000372529));
#17933=CARTESIAN_POINT('',(3.,-10.,5.));
#17934=CARTESIAN_POINT('',(-5.5,-10.,5.));
#17935=CARTESIAN_POINT('',(3.,-10.,10.0000000745058));
#17936=CARTESIAN_POINT('',(3.,-10.,5.00000007450581));
#17937=CARTESIAN_POINT('',(0.,-10.,10.0000000745058));
#17938=CARTESIAN_POINT('Origin',(0.,0.,5.));
#17939=CARTESIAN_POINT('',(-3.00000002980232,30.,5.));
#17940=CARTESIAN_POINT('',(0.,30.,5.));
#17941=CARTESIAN_POINT('',(-3.00000002980232,17.,5.));
#17942=CARTESIAN_POINT('',(-3.00000002980232,10.,5.));
#17943=CARTESIAN_POINT('',(3.,17.,5.));
#17944=CARTESIAN_POINT('',(-1.00000001490116,17.,5.));
#17945=CARTESIAN_POINT('',(3.,0.,5.));
#17946=CARTESIAN_POINT('Origin',(3.,0.,-40.0000005215406));
#17947=CARTESIAN_POINT('',(3.00000004470348,17.,-12.0000001788139));
#17948=CARTESIAN_POINT('',(3.00000004470348,17.,5.00000007450581));
#17949=CARTESIAN_POINT('',(3.,-30.,-12.));
#17950=CARTESIAN_POINT('',(3.,0.,-12.));
#17951=CARTESIAN_POINT('',(3.,-30.,-70.));
#17952=CARTESIAN_POINT('',(3.,-30.,-10.));
#17953=CARTESIAN_POINT('',(3.,-10.0000001490116,-70.0000010430813));
#17954=CARTESIAN_POINT('',(3.,-30.,-70.));
#17955=CARTESIAN_POINT('',(3.,-10.0000001490116,-57.3205076455293));
#17956=CARTESIAN_POINT('',(3.,-10.0000001490116,-65.25));
#17957=CARTESIAN_POINT('',(3.,10.0000000860319,-57.3205076818907));
#17958=CARTESIAN_POINT('Origin',(3.,0.,-40.));
#17959=CARTESIAN_POINT('',(3.,10.0000001490116,-70.0000010430813));
#17960=CARTESIAN_POINT('',(3.,10.0000001490116,-40.0000005960464));
#17961=CARTESIAN_POINT('',(3.,30.,-70.));
#17962=CARTESIAN_POINT('',(3.,-30.,-70.));
#17963=CARTESIAN_POINT('',(3.00000004470348,30.,10.0000000745058));
#17964=CARTESIAN_POINT('',(3.00000004470348,30.,5.00000007450581));
#17965=CARTESIAN_POINT('',(3.00000004470348,20.,10.0000000745058));
#17966=CARTESIAN_POINT('Origin',(0.,20.,10.0000000745058));
#17967=CARTESIAN_POINT('',(-22.,30.,10.0000000745058));
#17968=CARTESIAN_POINT('Origin',(-3.00000002980232,20.,-12.0000001788139));
#17969=CARTESIAN_POINT('',(-3.00000002980232,30.,-12.0000001788139));
#17970=CARTESIAN_POINT('',(-3.00000002980232,30.,-5.));
#17971=CARTESIAN_POINT('',(-3.00000002980232,17.,-12.0000001788139));
#17972=CARTESIAN_POINT('',(-3.00000002980232,-5.,-12.0000001490116));
#17973=CARTESIAN_POINT('',(-3.00000002980232,17.,0.));
#17974=CARTESIAN_POINT('Origin',(0.500000007450581,17.,-3.50000005215406));
#17975=CARTESIAN_POINT('',(-1.00000001490116,17.,-12.0000001490116));
#17976=CARTESIAN_POINT('Origin',(0.,-30.,-12.0000001490116));
#17977=CARTESIAN_POINT('',(-7.,30.,-12.));
#17978=CARTESIAN_POINT('',(0.,30.,-12.0000001490116));
#17979=CARTESIAN_POINT('',(-7.,-30.,-12.));
#17980=CARTESIAN_POINT('',(-7.,0.,-12.));
#17981=CARTESIAN_POINT('',(0.,-30.,-12.0000001490116));
#17982=CARTESIAN_POINT('Origin',(-7.,0.,-40.0000005215406));
#17983=CARTESIAN_POINT('',(-7.,30.,-70.));
#17984=CARTESIAN_POINT('',(-7.,30.,-70.));
#17985=CARTESIAN_POINT('',(-7.,10.0000001490116,-70.0000010430813));
#17986=CARTESIAN_POINT('',(-7.,-30.,-70.));
#17987=CARTESIAN_POINT('',(-7.,10.0000001490116,-65.25));
#17988=CARTESIAN_POINT('',(-7.,10.0000001490116,-65.25));
#17989=CARTESIAN_POINT('',(-7.,25.25,-65.25));
#17990=CARTESIAN_POINT('',(-7.,-25.25,-65.25));
#17991=CARTESIAN_POINT('',(-7.,25.25,-14.75));
#17992=CARTESIAN_POINT('',(-7.,25.25,-65.25));
#17993=CARTESIAN_POINT('',(-7.,-25.25,-14.75));
#17994=CARTESIAN_POINT('',(-7.,25.25,-14.75));
#17995=CARTESIAN_POINT('',(-7.,-25.25,-65.25));
#17996=CARTESIAN_POINT('',(-7.,-25.25,-14.75));
#17997=CARTESIAN_POINT('',(-7.,-10.0000001490116,-65.25));
#17998=CARTESIAN_POINT('',(-7.,-25.25,-65.25));
#17999=CARTESIAN_POINT('',(-7.,-10.0000001490116,-70.0000010430813));
#18000=CARTESIAN_POINT('',(-7.,-10.0000001490116,-65.25));
#18001=CARTESIAN_POINT('',(-7.,-30.,-70.));
#18002=CARTESIAN_POINT('',(-7.,-30.,-70.));
#18003=CARTESIAN_POINT('',(-7.,-30.,-10.));
#18004=CARTESIAN_POINT('Origin',(3.,0.,-40.));
#18005=CARTESIAN_POINT('',(0.,10.0000000860319,-57.3205076818907));
#18006=CARTESIAN_POINT('',(0.,-10.0000001490116,-57.3205076455293));
#18007=CARTESIAN_POINT('Origin',(0.,0.,-40.));
#18008=CARTESIAN_POINT('',(3.,10.0000001490116,-57.3205076455293));
#18009=CARTESIAN_POINT('',(3.,-10.0000001490116,-57.3205076455293));
#18010=CARTESIAN_POINT('Origin',(0.,10.0000001490116,-70.0000010430813));
#18011=CARTESIAN_POINT('',(0.,10.0000001490116,-65.25));
#18012=CARTESIAN_POINT('',(0.,10.0000001490116,-40.0000005960464));
#18013=CARTESIAN_POINT('',(0.,10.0000001490116,-65.25));
#18014=CARTESIAN_POINT('',(0.,10.0000001490116,-70.0000010430813));
#18015=CARTESIAN_POINT('Origin',(0.,0.,-40.0000005215406));
#18016=CARTESIAN_POINT('',(0.,-10.0000001490116,-65.25));
#18017=CARTESIAN_POINT('',(0.,-10.0000001490116,-65.25));
#18018=CARTESIAN_POINT('',(0.,-25.25,-65.25));
#18019=CARTESIAN_POINT('',(0.,-25.25,-65.25));
#18020=CARTESIAN_POINT('',(0.,-25.25,-14.75));
#18021=CARTESIAN_POINT('',(0.,-25.25,-14.75));
#18022=CARTESIAN_POINT('',(0.,25.25,-14.75));
#18023=CARTESIAN_POINT('',(0.,25.25,-14.75));
#18024=CARTESIAN_POINT('',(0.,25.25,-65.25));
#18025=CARTESIAN_POINT('',(0.,25.25,-65.25));
#18026=CARTESIAN_POINT('',(0.,-25.25,-65.25));
#18027=CARTESIAN_POINT('Origin',(0.,-30.,-70.));
#18028=CARTESIAN_POINT('',(0.,-30.,-70.));
#18029=CARTESIAN_POINT('Origin',(0.,30.,-10.));
#18030=CARTESIAN_POINT('',(0.,30.,-70.));
#18031=CARTESIAN_POINT('Origin',(0.,30.,-70.));
#18032=CARTESIAN_POINT('Origin',(0.,-10.0000001490116,-70.));
#18033=CARTESIAN_POINT('',(0.,-10.0000001490116,-70.0000010430813));
#18034=CARTESIAN_POINT('Origin',(0.,-10.0000001490116,-65.25));
#18035=CARTESIAN_POINT('',(0.,-10.0000001490116,-65.25));
#18036=CARTESIAN_POINT('Origin',(0.,-25.25,-65.25));
#18037=CARTESIAN_POINT('',(0.,-25.25,-65.25));
#18038=CARTESIAN_POINT('Origin',(0.,-25.25,-14.75));
#18039=CARTESIAN_POINT('',(0.,-25.25,-14.75));
#18040=CARTESIAN_POINT('Origin',(0.,25.25,-14.75));
#18041=CARTESIAN_POINT('',(0.,25.25,-14.75));
#18042=CARTESIAN_POINT('Origin',(0.,25.25,-65.25));
#18043=CARTESIAN_POINT('',(0.,25.25,-65.25));
#18044=CARTESIAN_POINT('Origin',(0.,10.0000001490116,-65.25));
#18045=CARTESIAN_POINT('',(1.77635683940025E-15,1.97215226305253E-31,0.));
#18046=CARTESIAN_POINT('',(0.,0.,0.));
#18047=CARTESIAN_POINT('Origin',(5.,1.49011616379369E-7,-10.));
#18048=CARTESIAN_POINT('',(5.,29.0000004321337,-6.00000008940697));
#18049=CARTESIAN_POINT('',(5.,27.0000004023314,0.));
#18050=CARTESIAN_POINT('',(5.,28.1500004045665,-3.45000000670552));
#18051=CARTESIAN_POINT('',(5.,21.0000003129244,-6.00000008940697));
#18052=CARTESIAN_POINT('',(5.,10.500000230968,-6.00000008940697));
#18053=CARTESIAN_POINT('',(5.,23.0000003427267,0.));
#18054=CARTESIAN_POINT('',(5.,20.350000333041,-7.95000002905726));
#18055=CARTESIAN_POINT('',(5.,13.,0.));
#18056=CARTESIAN_POINT('',(5.,10.0000002235174,0.));
#18057=CARTESIAN_POINT('',(5.,13.,-13.));
#18058=CARTESIAN_POINT('',(5.,13.,-5.));
#18059=CARTESIAN_POINT('',(5.,-13.,-13.));
#18060=CARTESIAN_POINT('',(5.,6.50000007450581,-13.));
#18061=CARTESIAN_POINT('',(5.,-13.,0.));
#18062=CARTESIAN_POINT('',(5.,-13.,-11.5));
#18063=CARTESIAN_POINT('',(5.,-23.0000003427267,0.));
#18064=CARTESIAN_POINT('',(5.,-6.49999992549419,0.));
#18065=CARTESIAN_POINT('',(5.,-21.0000003129244,-6.00000008940697));
#18066=CARTESIAN_POINT('',(5.,-20.3500003181398,-7.95000007376075));
#18067=CARTESIAN_POINT('',(5.,-29.0000004321337,-6.00000008940697));
#18068=CARTESIAN_POINT('',(5.,-10.5000000819564,-6.00000008940697));
#18069=CARTESIAN_POINT('',(5.,-27.0000004023314,0.));
#18070=CARTESIAN_POINT('',(5.,-28.1500003896654,-3.44999996200204));
#18071=CARTESIAN_POINT('',(5.,-32.0000004470348,0.));
#18072=CARTESIAN_POINT('',(5.,-6.49999992549419,0.));
#18073=CARTESIAN_POINT('',(5.,-32.0000004470348,-10.0000000745058));
#18074=CARTESIAN_POINT('',(5.,-32.0000004470348,-5.));
#18075=CARTESIAN_POINT('',(5.,-20.0000002980232,-10.0000000745058));
#18076=CARTESIAN_POINT('',(5.,-15.0000001490116,-10.0000000745058));
#18077=CARTESIAN_POINT('',(5.,-20.,-20.));
#18078=CARTESIAN_POINT('',(5.,-20.,-5.));
#18079=CARTESIAN_POINT('',(5.,20.,-20.));
#18080=CARTESIAN_POINT('',(5.,-9.99999992549419,-20.));
#18081=CARTESIAN_POINT('',(5.,20.0000002980232,-10.0000000745058));
#18082=CARTESIAN_POINT('',(5.,20.,-15.));
#18083=CARTESIAN_POINT('',(5.,32.0000004470348,-10.0000000745058));
#18084=CARTESIAN_POINT('',(5.,10.0000002235174,-10.0000000745058));
#18085=CARTESIAN_POINT('',(5.,32.0000004470348,0.));
#18086=CARTESIAN_POINT('',(5.,32.0000004470348,-7.5000000372529));
#18087=CARTESIAN_POINT('',(5.,10.0000002235174,0.));
#18088=CARTESIAN_POINT('Origin',(75.,-21.0000003129244,-6.00000008940697));
#18089=CARTESIAN_POINT('',(-65.,-21.0000003129244,-6.00000008940697));
#18090=CARTESIAN_POINT('',(75.,-21.0000003129244,-6.00000008940697));
#18091=CARTESIAN_POINT('',(-65.,-29.0000004321337,-6.00000008940697));
#18092=CARTESIAN_POINT('',(-65.,-10.5000000819564,-6.00000008940697));
#18093=CARTESIAN_POINT('',(75.,-29.0000004321337,-6.00000008940697));
#18094=CARTESIAN_POINT('Origin',(75.,-23.0000003427267,0.));
#18095=CARTESIAN_POINT('',(-65.,-23.0000003427267,0.));
#18096=CARTESIAN_POINT('',(37.5,-23.0000003427267,-2.77555756156289E-16));
#18097=CARTESIAN_POINT('',(-65.,-20.3500003181398,-7.95000007376075));
#18098=CARTESIAN_POINT('Origin',(0.,-13.,0.));
#18099=CARTESIAN_POINT('',(-65.,-13.,0.));
#18100=CARTESIAN_POINT('',(0.,-13.,0.));
#18101=CARTESIAN_POINT('',(-65.,-6.49999992549419,0.));
#18102=CARTESIAN_POINT('Origin',(0.,-13.,-13.));
#18103=CARTESIAN_POINT('',(-65.,-13.,-13.));
#18104=CARTESIAN_POINT('',(0.,-13.,-13.));
#18105=CARTESIAN_POINT('',(-65.,-13.,-11.5));
#18106=CARTESIAN_POINT('Origin',(0.,13.,-13.));
#18107=CARTESIAN_POINT('',(-65.,13.,-13.));
#18108=CARTESIAN_POINT('',(0.,13.,-13.));
#18109=CARTESIAN_POINT('',(-65.,6.50000007450581,-13.));
#18110=CARTESIAN_POINT('Origin',(0.,13.,0.));
#18111=CARTESIAN_POINT('',(-65.,13.,0.));
#18112=CARTESIAN_POINT('',(0.,13.,0.));
#18113=CARTESIAN_POINT('',(-65.,13.,-5.));
#18114=CARTESIAN_POINT('Origin',(0.,20.0000002980232,0.));
#18115=CARTESIAN_POINT('',(-65.,23.0000003427267,0.));
#18116=CARTESIAN_POINT('',(37.5,23.0000003427267,0.));
#18117=CARTESIAN_POINT('',(-65.,10.0000002235174,0.));
#18118=CARTESIAN_POINT('Origin',(75.,23.0000003427267,0.));
#18119=CARTESIAN_POINT('',(-65.,21.0000003129244,-6.00000008940697));
#18120=CARTESIAN_POINT('',(75.,21.0000003129244,-6.00000008940697));
#18121=CARTESIAN_POINT('',(-65.,20.350000333041,-7.95000002905726));
#18122=CARTESIAN_POINT('Origin',(75.,21.0000003129244,-6.00000008940697));
#18123=CARTESIAN_POINT('',(-65.,29.0000004321337,-6.00000008940697));
#18124=CARTESIAN_POINT('',(75.,29.0000004321337,-6.00000008940697));
#18125=CARTESIAN_POINT('',(-65.,10.500000230968,-6.00000008940697));
#18126=CARTESIAN_POINT('Origin',(75.,29.0000004321337,-6.00000008940697));
#18127=CARTESIAN_POINT('',(-65.,27.0000004023314,0.));
#18128=CARTESIAN_POINT('',(37.5,27.0000004023314,0.));
#18129=CARTESIAN_POINT('',(-65.,28.1500004045665,-3.45000000670552));
#18130=CARTESIAN_POINT('Origin',(-65.,1.49011616379369E-7,-10.));
#18131=CARTESIAN_POINT('',(-65.,32.0000004470348,0.));
#18132=CARTESIAN_POINT('',(-65.,10.0000002235174,0.));
#18133=CARTESIAN_POINT('',(-65.,32.0000004470348,-10.0000000745058));
#18134=CARTESIAN_POINT('',(-65.,32.0000004470348,-7.5000000372529));
#18135=CARTESIAN_POINT('',(-65.,20.0000002980232,-10.0000000745058));
#18136=CARTESIAN_POINT('',(-65.,10.0000002235174,-10.0000000745058));
#18137=CARTESIAN_POINT('',(-65.,20.,-20.));
#18138=CARTESIAN_POINT('',(-65.,20.,-15.));
#18139=CARTESIAN_POINT('',(-65.,-20.,-20.));
#18140=CARTESIAN_POINT('',(-65.,-9.99999992549419,-20.));
#18141=CARTESIAN_POINT('',(-65.,-20.0000002980232,-10.0000000745058));
#18142=CARTESIAN_POINT('',(-65.,-20.,-5.));
#18143=CARTESIAN_POINT('',(-65.,-32.0000004470348,-10.0000000745058));
#18144=CARTESIAN_POINT('',(-65.,-15.0000001490116,-10.0000000745058));
#18145=CARTESIAN_POINT('',(-65.,-32.0000004470348,0.));
#18146=CARTESIAN_POINT('',(-65.,-32.0000004470348,-5.));
#18147=CARTESIAN_POINT('',(-65.,-27.0000004023314,0.));
#18148=CARTESIAN_POINT('',(-65.,-6.49999992549419,0.));
#18149=CARTESIAN_POINT('',(-65.,-28.1500003896654,-3.44999996200204));
#18150=CARTESIAN_POINT('Origin',(0.,-13.,0.));
#18151=CARTESIAN_POINT('',(37.5,-27.0000004023314,0.));
#18152=CARTESIAN_POINT('',(0.,-32.0000004470348,0.));
#18153=CARTESIAN_POINT('Origin',(0.,-32.0000004470348,0.));
#18154=CARTESIAN_POINT('',(0.,-32.0000004470348,-10.0000000745058));
#18155=CARTESIAN_POINT('Origin',(0.,-30.0000004470348,-10.0000000745058));
#18156=CARTESIAN_POINT('',(0.,-20.,-10.0000000745058));
#18157=CARTESIAN_POINT('Origin',(0.,-20.,0.));
#18158=CARTESIAN_POINT('',(0.,-20.,-20.));
#18159=CARTESIAN_POINT('Origin',(0.,-20.,-20.));
#18160=CARTESIAN_POINT('',(0.,20.,-20.));
#18161=CARTESIAN_POINT('Origin',(0.,20.,-20.));
#18162=CARTESIAN_POINT('',(0.,20.,-10.0000000745058));
#18163=CARTESIAN_POINT('Origin',(0.,20.0000002980232,-10.0000000745058));
#18164=CARTESIAN_POINT('',(0.,32.0000004470348,-10.0000000745058));
#18165=CARTESIAN_POINT('Origin',(0.,32.0000004470348,-5.00000007450581));
#18166=CARTESIAN_POINT('',(0.,32.0000004470348,0.));
#18167=CARTESIAN_POINT('Origin',(0.,20.0000002980232,0.));
#18168=CARTESIAN_POINT('Origin',(75.,-29.0000004321337,-6.00000008940697));
#18169=CARTESIAN_POINT('Origin',(-35.,-4.99999992549419,20.));
#18170=CARTESIAN_POINT('',(-35.,-4.99999992549419,20.));
#18171=CARTESIAN_POINT('',(-55.,-5.00000007450581,20.0000002980232));
#18172=CARTESIAN_POINT('',(-17.5,-4.99999992549419,20.));
#18173=CARTESIAN_POINT('',(-55.,-5.00000007450581,40.0000004917383));
#18174=CARTESIAN_POINT('',(-35.,-4.99999992549419,20.));
#18175=CARTESIAN_POINT('',(-55.,-5.00000007450581,30.0000004917383));
#18176=CARTESIAN_POINT('Origin',(-35.,5.00000007450581,20.));
#18177=CARTESIAN_POINT('',(-35.,5.00000007450581,20.));
#18178=CARTESIAN_POINT('',(-35.,12.5000000372529,20.));
#18179=CARTESIAN_POINT('',(-55.,5.00000007450581,40.0000004917383));
#18180=CARTESIAN_POINT('',(-35.,5.00000007450581,20.));
#18181=CARTESIAN_POINT('',(-55.,-5.5,40.0000004917383));
#18182=CARTESIAN_POINT('Origin',(5.,28.4776328218298,-5.6443742857656));
#18183=CARTESIAN_POINT('',(5.,28.4776328218298,-5.6443742857656));
#18184=CARTESIAN_POINT('',(5.,26.5999994054437,0.));
#18185=CARTESIAN_POINT('',(5.,24.7161207711993,5.663148103264));
#18186=CARTESIAN_POINT('',(-65.,28.4776328218298,-5.6443742857656));
#18187=CARTESIAN_POINT('',(5.,28.4776328218298,-5.6443742857656));
#18188=CARTESIAN_POINT('',(-65.,26.5999994054437,0.));
#18189=CARTESIAN_POINT('',(-65.,24.7161207711993,5.663148103264));
#18190=CARTESIAN_POINT('',(5.,26.5999994054437,0.));
#18191=CARTESIAN_POINT('Origin',(5.,21.5225190052079,-5.64391451726147));
#18192=CARTESIAN_POINT('',(5.,21.5225190052079,-5.64391451726147));
#18193=CARTESIAN_POINT('',(5.,10.7607425528597,-5.64320310893778));
#18194=CARTESIAN_POINT('',(-65.,21.5225190052079,-5.64391451726147));
#18195=CARTESIAN_POINT('',(5.,21.5225190052079,-5.64391451726147));
#18196=CARTESIAN_POINT('',(-65.,10.7607425528597,-5.64320310893778));
#18197=CARTESIAN_POINT('Origin',(5.,23.3999994769692,0.));
#18198=CARTESIAN_POINT('',(5.,23.3999994769692,0.));
#18199=CARTESIAN_POINT('',(5.,23.7318370267875,0.99754047669796));
#18200=CARTESIAN_POINT('',(-65.,23.3999994769692,0.));
#18201=CARTESIAN_POINT('',(5.,23.3999994769692,0.));
#18202=CARTESIAN_POINT('',(-65.,23.7318370267875,0.99754047669796));
#18203=CARTESIAN_POINT('Origin',(5.,-21.5225190052079,-5.64391451726147));
#18204=CARTESIAN_POINT('',(5.,-21.5225190052079,-5.64391451726147));
#18205=CARTESIAN_POINT('',(5.,-23.3999994769692,0.));
#18206=CARTESIAN_POINT('',(5.,-22.7930967760602,-1.82441682656351));
#18207=CARTESIAN_POINT('',(-65.,-21.5225190052079,-5.64391451726147));
#18208=CARTESIAN_POINT('',(5.,-21.5225190052079,-5.64391451726147));
#18209=CARTESIAN_POINT('',(-65.,-23.3999994769692,0.));
#18210=CARTESIAN_POINT('',(-65.,-22.7930967760602,-1.82441682656351));
#18211=CARTESIAN_POINT('',(5.,-23.3999994769692,0.));
#18212=CARTESIAN_POINT('Origin',(5.,-28.4776328218298,-5.6443742857656));
#18213=CARTESIAN_POINT('',(5.,-28.4776328218298,-5.6443742857656));
#18214=CARTESIAN_POINT('',(5.,-14.238299312159,-5.64343299318));
#18215=CARTESIAN_POINT('',(-65.,-28.4776328218298,-5.6443742857656));
#18216=CARTESIAN_POINT('',(5.,-28.4776328218298,-5.6443742857656));
#18217=CARTESIAN_POINT('',(-65.,-14.238299312159,-5.64343299318));
#18218=CARTESIAN_POINT('Origin',(5.,-26.5999994054437,0.));
#18219=CARTESIAN_POINT('',(5.,-26.5999994054437,0.));
#18220=CARTESIAN_POINT('',(5.,-23.7773040481595,8.48533529077753));
#18221=CARTESIAN_POINT('',(-65.,-26.5999994054437,0.));
#18222=CARTESIAN_POINT('',(5.,-26.5999994054437,0.));
#18223=CARTESIAN_POINT('',(-65.,-23.7773040481595,8.48533529077753));
#18224=CARTESIAN_POINT('Origin',(-65.,1.49011616379369E-7,10.));
#18225=CARTESIAN_POINT('',(-65.,30.0000004470348,0.));
#18226=CARTESIAN_POINT('',(-65.,6.50000007450581,0.));
#18227=CARTESIAN_POINT('',(-65.,13.,0.));
#18228=CARTESIAN_POINT('',(-65.,11.6000006254762,0.));
#18229=CARTESIAN_POINT('',(-65.,13.,13.));
#18230=CARTESIAN_POINT('',(-65.,13.,11.5));
#18231=CARTESIAN_POINT('',(-65.,-13.,13.));
#18232=CARTESIAN_POINT('',(-65.,-6.49999992549419,13.));
#18233=CARTESIAN_POINT('',(-65.,-13.,0.));
#18234=CARTESIAN_POINT('',(-65.,-13.,5.));
#18235=CARTESIAN_POINT('',(-65.,-11.6999996639788,0.));
#18236=CARTESIAN_POINT('',(-65.,-30.0000004470348,0.));
#18237=CARTESIAN_POINT('',(-65.,-13.3999996259809,0.));
#18238=CARTESIAN_POINT('',(-65.,-30.0000004470348,5.00000007450581));
#18239=CARTESIAN_POINT('',(-65.,-30.0000004470348,7.5000000372529));
#18240=CARTESIAN_POINT('',(-65.,-20.0000002980232,5.00000007450581));
#18241=CARTESIAN_POINT('',(-65.,-10.0000000745058,5.00000007450581));
#18242=CARTESIAN_POINT('',(-65.,-20.,20.));
#18243=CARTESIAN_POINT('',(-65.,-20.,15.));
#18244=CARTESIAN_POINT('',(-65.,-5.00000007450581,20.0000002980232));
#18245=CARTESIAN_POINT('',(-65.,10.0000000745058,20.));
#18246=CARTESIAN_POINT('',(-65.,-5.00000007450581,40.0000004917383));
#18247=CARTESIAN_POINT('',(-65.,-5.00000007450581,20.0000002458692));
#18248=CARTESIAN_POINT('',(-65.,-11.,40.0000004917383));
#18249=CARTESIAN_POINT('',(-65.,-5.49999992549419,40.0000004917383));
#18250=CARTESIAN_POINT('',(-65.,-11.,46.0000004917383));
#18251=CARTESIAN_POINT('',(-65.,-11.,30.0000004917383));
#18252=CARTESIAN_POINT('',(-65.,11.,46.0000004917383));
#18253=CARTESIAN_POINT('',(-65.,-11.,46.0000004917383));
#18254=CARTESIAN_POINT('',(-65.,11.,40.0000004917383));
#18255=CARTESIAN_POINT('',(-65.,11.,36.0000004917383));
#18256=CARTESIAN_POINT('',(-65.,5.00000007450581,40.0000004917383));
#18257=CARTESIAN_POINT('',(-65.,-5.49999992549419,40.0000004917383));
#18258=CARTESIAN_POINT('',(-65.,5.00000007450581,20.0000002980232));
#18259=CARTESIAN_POINT('',(-65.,5.00000007450581,30.0000004470348));
#18260=CARTESIAN_POINT('',(-65.,20.,20.));
#18261=CARTESIAN_POINT('',(-65.,10.0000000745058,20.));
#18262=CARTESIAN_POINT('',(-65.,20.0000002980232,5.00000007450581));
#18263=CARTESIAN_POINT('',(-65.,20.,5.));
#18264=CARTESIAN_POINT('',(-65.,30.0000004470348,5.00000007450581));
#18265=CARTESIAN_POINT('',(-65.,15.0000002980232,5.00000007450581));
#18266=CARTESIAN_POINT('',(-65.,30.0000004470348,5.));
#18267=CARTESIAN_POINT('Origin',(0.,-11.,40.0000004917383));
#18268=CARTESIAN_POINT('',(-32.5,5.00000007450581,40.0000004917383));
#18269=CARTESIAN_POINT('',(5.,11.,40.0000004917383));
#18270=CARTESIAN_POINT('',(0.,11.,40.0000004917383));
#18271=CARTESIAN_POINT('',(5.,5.00000007450581,40.0000004917383));
#18272=CARTESIAN_POINT('',(5.,-5.49999992549419,40.0000004917383));
#18273=CARTESIAN_POINT('',(-5.,5.00000007450581,40.0000004917383));
#18274=CARTESIAN_POINT('',(0.,5.00000007450581,40.0000004917383));
#18275=CARTESIAN_POINT('',(-5.,-5.00000007450581,40.0000004917383));
#18276=CARTESIAN_POINT('',(-5.,11.,40.0000004917383));
#18277=CARTESIAN_POINT('',(5.,-5.00000007450581,40.0000004917383));
#18278=CARTESIAN_POINT('',(0.,-5.00000007450581,40.0000004917383));
#18279=CARTESIAN_POINT('',(5.,-11.,40.0000004917383));
#18280=CARTESIAN_POINT('',(5.,-5.49999992549419,40.0000004917383));
#18281=CARTESIAN_POINT('',(0.,-11.,40.0000004917383));
#18282=CARTESIAN_POINT('',(-32.5,-5.00000007450581,40.0000004917383));
#18283=CARTESIAN_POINT('Origin',(5.,1.49011616379369E-7,10.));
#18284=CARTESIAN_POINT('',(5.,30.0000004470348,0.));
#18285=CARTESIAN_POINT('',(5.,13.2999997772276,0.));
#18286=CARTESIAN_POINT('',(5.,30.0000004470348,5.00000007450581));
#18287=CARTESIAN_POINT('',(5.,30.0000004470348,5.));
#18288=CARTESIAN_POINT('',(5.,20.0000002980232,5.00000007450581));
#18289=CARTESIAN_POINT('',(5.,15.0000002980232,5.00000007450581));
#18290=CARTESIAN_POINT('',(5.,20.,20.));
#18291=CARTESIAN_POINT('',(5.,20.,5.));
#18292=CARTESIAN_POINT('',(5.,5.00000007450581,20.0000002980232));
#18293=CARTESIAN_POINT('',(5.,10.0000000745058,20.));
#18294=CARTESIAN_POINT('',(5.,5.00000007450581,30.0000004470348));
#18295=CARTESIAN_POINT('',(5.,11.,46.0000004917383));
#18296=CARTESIAN_POINT('',(5.,11.,36.0000004917383));
#18297=CARTESIAN_POINT('',(5.,-11.,46.0000004917383));
#18298=CARTESIAN_POINT('',(5.,-11.,46.0000004917383));
#18299=CARTESIAN_POINT('',(5.,-11.,36.0000004917383));
#18300=CARTESIAN_POINT('',(5.,-5.00000007450581,20.0000002980232));
#18301=CARTESIAN_POINT('',(5.,-5.00000007450581,20.0000002458692));
#18302=CARTESIAN_POINT('',(5.,-20.,20.));
#18303=CARTESIAN_POINT('',(5.,10.0000000745058,20.));
#18304=CARTESIAN_POINT('',(5.,-20.0000002980232,5.00000007450581));
#18305=CARTESIAN_POINT('',(5.,-20.,15.));
#18306=CARTESIAN_POINT('',(5.,-30.0000004470348,5.00000007450581));
#18307=CARTESIAN_POINT('',(5.,-10.0000000745058,5.00000007450581));
#18308=CARTESIAN_POINT('',(5.,-30.0000004470348,0.));
#18309=CARTESIAN_POINT('',(5.,-30.0000004470348,7.5000000372529));
#18310=CARTESIAN_POINT('',(5.,-9.99999992549419,0.));
#18311=CARTESIAN_POINT('',(5.,-13.,0.));
#18312=CARTESIAN_POINT('',(5.,-11.6999996639788,0.));
#18313=CARTESIAN_POINT('',(5.,-13.,13.));
#18314=CARTESIAN_POINT('',(5.,-13.,5.));
#18315=CARTESIAN_POINT('',(5.,13.,13.));
#18316=CARTESIAN_POINT('',(5.,-6.49999992549419,13.));
#18317=CARTESIAN_POINT('',(5.,13.,0.));
#18318=CARTESIAN_POINT('',(5.,13.,11.5));
#18319=CARTESIAN_POINT('',(5.,11.6000006254762,0.));
#18320=CARTESIAN_POINT('Origin',(0.,11.,30.0000004917383));
#18321=CARTESIAN_POINT('',(0.,11.,46.0000004917383));
#18322=CARTESIAN_POINT('Origin',(0.,11.,46.0000004917383));
#18323=CARTESIAN_POINT('',(0.,-11.,46.0000004917383));
#18324=CARTESIAN_POINT('Origin',(-65.,5.00000007450581,20.0000002980232));
#18325=CARTESIAN_POINT('',(-32.5,5.00000007450581,20.));
#18326=CARTESIAN_POINT('Origin',(-65.,-5.00000007450581,30.0000004470348));
#18327=CARTESIAN_POINT('',(-32.5,-5.00000007450581,20.));
#18328=CARTESIAN_POINT('Origin',(0.,-11.,36.0000004917383));
#18329=CARTESIAN_POINT('Origin',(-5.,0.,25.0000003948808));
#18330=CARTESIAN_POINT('',(-5.,5.00000007450581,20.0000002980232));
#18331=CARTESIAN_POINT('',(-5.,5.00000007450581,30.0000004917383));
#18332=CARTESIAN_POINT('',(-5.,-5.00000007450581,20.0000002980232));
#18333=CARTESIAN_POINT('',(-5.,10.,20.));
#18334=CARTESIAN_POINT('',(-5.,-5.00000007450581,20.0000002980232));
#18335=CARTESIAN_POINT('Origin',(0.,5.00000007450581,20.0000002980232));
#18336=CARTESIAN_POINT('',(0.,5.00000007450581,20.));
#18337=CARTESIAN_POINT('Origin',(0.,-5.00000007450581,30.0000004470348));
#18338=CARTESIAN_POINT('',(0.,-5.00000007450581,20.));
#18339=CARTESIAN_POINT('Origin',(0.,-20.,0.));
#18340=CARTESIAN_POINT('',(0.,-13.,0.));
#18341=CARTESIAN_POINT('Origin',(0.,-20.,0.));
#18342=CARTESIAN_POINT('',(0.,-30.0000004470348,0.));
#18343=CARTESIAN_POINT('Origin',(0.,-30.0000004470348,5.00000007450581));
#18344=CARTESIAN_POINT('',(0.,-30.0000004470348,5.00000007450581));
#18345=CARTESIAN_POINT('Origin',(0.,-20.0000002980232,5.00000007450581));
#18346=CARTESIAN_POINT('',(0.,-20.,5.00000007450581));
#18347=CARTESIAN_POINT('Origin',(0.,-20.,20.));
#18348=CARTESIAN_POINT('',(0.,-20.,20.));
#18349=CARTESIAN_POINT('Origin',(0.,20.,20.));
#18350=CARTESIAN_POINT('',(0.,20.,20.));
#18351=CARTESIAN_POINT('Origin',(0.,20.,0.));
#18352=CARTESIAN_POINT('',(0.,20.,5.00000007450581));
#18353=CARTESIAN_POINT('Origin',(0.,30.0000004470348,5.00000007450581));
#18354=CARTESIAN_POINT('',(0.,30.0000004470348,5.00000007450581));
#18355=CARTESIAN_POINT('Origin',(0.,30.0000004470348,0.));
#18356=CARTESIAN_POINT('',(0.,30.0000004470348,0.));
#18357=CARTESIAN_POINT('Origin',(0.,13.,0.));
#18358=CARTESIAN_POINT('Origin',(0.,-13.,0.));
#18359=CARTESIAN_POINT('',(0.,-13.,13.));
#18360=CARTESIAN_POINT('Origin',(0.,-13.,13.));
#18361=CARTESIAN_POINT('',(0.,13.,13.));
#18362=CARTESIAN_POINT('Origin',(0.,13.,13.));
#18363=CARTESIAN_POINT('',(0.,13.,0.));
#18364=CARTESIAN_POINT('Origin',(0.,13.,0.));
#18365=CARTESIAN_POINT('',(0.,0.,0.));
#18366=CARTESIAN_POINT('Origin',(0.,10.0000001490116,34.4));
#18367=CARTESIAN_POINT('',(-69.4610492468653,20.0000002980232,34.4));
#18368=CARTESIAN_POINT('',(69.4610492468653,20.0000002980232,34.4));
#18369=CARTESIAN_POINT('',(0.,20.0000002980232,34.4));
#18370=CARTESIAN_POINT('',(68.0504082212243,0.,34.4));
#18371=CARTESIAN_POINT('',(68.9382136018004,12.5872617862074,34.4));
#18372=CARTESIAN_POINT('',(-68.0504082212243,0.,34.4));
#18373=CARTESIAN_POINT('',(0.,0.,34.4));
#18374=CARTESIAN_POINT('',(-68.2328930889798,2.58726163719576,34.4));
#18375=CARTESIAN_POINT('Origin',(69.4610492468653,20.0000002980232,0.));
#18376=CARTESIAN_POINT('',(69.4610492468653,20.0000002980232,-7.));
#18377=CARTESIAN_POINT('',(69.4610492468653,20.0000002980232,0.));
#18378=CARTESIAN_POINT('',(68.0504082212243,0.,-7.));
#18379=CARTESIAN_POINT('',(68.9382136018004,12.5872617862074,-7.));
#18380=CARTESIAN_POINT('',(68.0504082212243,-2.22044604925031E-15,0.));
#18381=CARTESIAN_POINT('Origin',(0.,10.0000001490116,-7.));
#18382=CARTESIAN_POINT('',(-69.4610492468654,20.0000002980232,-7.));
#18383=CARTESIAN_POINT('',(-68.0504082212243,0.,-7.));
#18384=CARTESIAN_POINT('',(-68.2328930889799,2.58726163719576,-7.));
#18385=CARTESIAN_POINT('',(-104.115,0.,-7.));
#18386=CARTESIAN_POINT('',(-99.115,0.,-7.));
#18387=CARTESIAN_POINT('',(-105.525641025641,20.0000002980232,-7.));
#18388=CARTESIAN_POINT('',(-104.115,0.,-7.));
#18389=CARTESIAN_POINT('',(100.525641025641,20.0000002980232,-7.));
#18390=CARTESIAN_POINT('Origin',(0.,10.0000001490116,-7.));
#18391=CARTESIAN_POINT('',(105.525641025641,20.0000002980232,-7.));
#18392=CARTESIAN_POINT('',(100.525641025641,20.0000002980232,-7.));
#18393=CARTESIAN_POINT('',(104.115,0.,-7.));
#18394=CARTESIAN_POINT('',(104.115,0.,-7.));
#18395=CARTESIAN_POINT('',(-99.115,0.,-7.));
#18396=CARTESIAN_POINT('Origin',(-105.525641025641,20.0000002980232,0.));
#18397=CARTESIAN_POINT('',(-69.4610492468653,20.0000002980232,0.));
#18398=CARTESIAN_POINT('',(-105.525641025641,20.0000002980232,40.4));
#18399=CARTESIAN_POINT('',(-105.525641025641,20.0000002980232,0.));
#18400=CARTESIAN_POINT('',(-100.525641025641,20.0000002980232,40.4));
#18401=CARTESIAN_POINT('',(-100.525641025641,20.0000002980232,40.4));
#18402=CARTESIAN_POINT('',(-100.525641025641,20.0000002980232,0.));
#18403=CARTESIAN_POINT('',(-100.525641025641,20.0000002980232,0.));
#18404=CARTESIAN_POINT('',(-74.4610492468653,20.0000002980232,0.));
#18405=CARTESIAN_POINT('',(100.525641025641,20.0000002980232,0.));
#18406=CARTESIAN_POINT('',(-74.4610492468653,20.0000002980232,40.4));
#18407=CARTESIAN_POINT('',(-74.4610492468653,20.0000002980232,0.));
#18408=CARTESIAN_POINT('',(74.4610492468653,20.0000002980232,40.4));
#18409=CARTESIAN_POINT('',(0.,20.0000002980232,40.4));
#18410=CARTESIAN_POINT('',(74.4610492468653,20.0000002980232,0.));
#18411=CARTESIAN_POINT('',(74.4610492468653,20.0000002980232,0.));
#18412=CARTESIAN_POINT('',(100.525641025641,20.0000002980232,0.));
#18413=CARTESIAN_POINT('',(100.525641025641,20.0000002980232,0.));
#18414=CARTESIAN_POINT('',(100.525641025641,20.0000002980232,40.4));
#18415=CARTESIAN_POINT('',(100.525641025641,20.0000002980232,0.));
#18416=CARTESIAN_POINT('',(105.525641025641,20.0000002980232,40.4));
#18417=CARTESIAN_POINT('',(100.525641025641,20.0000002980232,40.4));
#18418=CARTESIAN_POINT('',(105.525641025641,20.0000002980232,0.));
#18419=CARTESIAN_POINT('Origin',(-68.0504082212243,0.,0.));
#18420=CARTESIAN_POINT('',(-68.0504082212243,0.,0.));
#18421=CARTESIAN_POINT('Origin',(73.0504082212243,2.22044604925031E-15,
0.));
#18422=CARTESIAN_POINT('',(73.0504082212243,0.,0.));
#18423=CARTESIAN_POINT('',(73.2205177282799,2.41180437118067,0.));
#18424=CARTESIAN_POINT('',(73.0504082212243,0.,40.4));
#18425=CARTESIAN_POINT('',(73.8847522239488,11.8292889543329,40.4));
#18426=CARTESIAN_POINT('',(73.0504082212243,0.,0.));
#18427=CARTESIAN_POINT('Origin',(71.2557287340448,10.0000001490116,40.4));
#18428=CARTESIAN_POINT('',(-73.0504082212243,0.,40.4));
#18429=CARTESIAN_POINT('',(-73.8847522239488,11.8292889543329,40.4));
#18430=CARTESIAN_POINT('',(-73.0504082212243,0.,40.4));
#18431=CARTESIAN_POINT('Origin',(0.,10.0000001490116,0.));
#18432=CARTESIAN_POINT('',(99.115,0.,0.));
#18433=CARTESIAN_POINT('',(-99.115,0.,0.));
#18434=CARTESIAN_POINT('',(99.9259182749241,11.4971601175316,0.));
#18435=CARTESIAN_POINT('Origin',(-99.115,0.,0.));
#18436=CARTESIAN_POINT('',(-99.115,0.,0.));
#18437=CARTESIAN_POINT('',(-99.2205977621036,1.49715996852001,0.));
#18438=CARTESIAN_POINT('',(-99.115,0.,40.4));
#18439=CARTESIAN_POINT('',(-99.115,0.,40.4));
#18440=CARTESIAN_POINT('',(-99.115,0.,0.));
#18441=CARTESIAN_POINT('Origin',(-102.320320512821,10.0000001490116,40.4));
#18442=CARTESIAN_POINT('',(-104.115,0.,40.4));
#18443=CARTESIAN_POINT('',(-104.115,0.,40.4));
#18444=CARTESIAN_POINT('',(-99.115,0.,40.4));
#18445=CARTESIAN_POINT('Origin',(0.,10.0000001490116,0.));
#18446=CARTESIAN_POINT('',(-73.0504082212243,0.,0.));
#18447=CARTESIAN_POINT('',(-99.115,0.,0.));
#18448=CARTESIAN_POINT('',(-73.9258382411004,12.4118045201923,0.));
#18449=CARTESIAN_POINT('Origin',(-74.4610492468653,20.0000002980232,0.));
#18450=CARTESIAN_POINT('',(-73.0504082212243,0.,0.));
#18451=CARTESIAN_POINT('Origin',(100.525641025641,20.0000002980232,0.));
#18452=CARTESIAN_POINT('',(99.115,0.,40.4));
#18453=CARTESIAN_POINT('',(99.115,0.,0.));
#18454=CARTESIAN_POINT('',(99.115,0.,40.4));
#18455=CARTESIAN_POINT('Origin',(102.320320512821,10.0000001490116,40.4));
#18456=CARTESIAN_POINT('',(104.115,0.,40.4));
#18457=CARTESIAN_POINT('',(99.115,0.,40.4));
#18458=CARTESIAN_POINT('',(104.115,0.,40.4));
#18459=CARTESIAN_POINT('Origin',(-104.115,0.,0.));
#18460=CARTESIAN_POINT('',(-104.115,0.,0.));
#18461=CARTESIAN_POINT('Origin',(104.115,0.,0.));
#18462=CARTESIAN_POINT('',(104.115,0.,0.));
#18463=CARTESIAN_POINT('Origin',(105.525641025641,20.0000002980232,0.));
#18464=CARTESIAN_POINT('',(0.,0.,0.));
#18465=CARTESIAN_POINT('Origin',(0.,10.0000001490116,0.));
#18466=CARTESIAN_POINT('',(-90.5000013485551,20.0000002980232,0.));
#18467=CARTESIAN_POINT('',(-89.0890013275295,0.,0.));
#18468=CARTESIAN_POINT('',(-89.2193908899758,1.84818656904661,0.));
#18469=CARTESIAN_POINT('',(0.,20.,0.));
#18470=CARTESIAN_POINT('',(-45.2500006578122,20.0000001490116,0.));
#18471=CARTESIAN_POINT('',(90.5000013485551,20.0000002980232,0.));
#18472=CARTESIAN_POINT('',(-1.64653709942082E-8,20.,0.));
#18473=CARTESIAN_POINT('',(89.0890013275295,0.,0.));
#18474=CARTESIAN_POINT('',(89.9248909004886,11.8481867180582,0.));
#18475=CARTESIAN_POINT('',(44.5445006637648,0.,0.));
#18476=CARTESIAN_POINT('Origin',(0.,20.,0.));
#18477=CARTESIAN_POINT('',(0.,20.,5.));
#18478=CARTESIAN_POINT('',(0.,20.,0.));
#18479=CARTESIAN_POINT('',(85.5000013485551,20.0000002815579,5.));
#18480=CARTESIAN_POINT('',(0.,20.,5.));
#18481=CARTESIAN_POINT('',(85.5000013485551,20.0000002815579,40.4));
#18482=CARTESIAN_POINT('',(85.5000013485551,20.0000002815579,0.));
#18483=CARTESIAN_POINT('',(90.5000013485551,20.0000002980232,40.4));
#18484=CARTESIAN_POINT('',(0.,20.,40.4));
#18485=CARTESIAN_POINT('',(90.5000013485551,20.0000002980232,35.4));
#18486=CARTESIAN_POINT('',(90.5000013485551,20.0000002980232,35.4));
#18487=CARTESIAN_POINT('',(90.5000013485551,20.0000002980232,0.));
#18488=CARTESIAN_POINT('Origin',(-90.5000013485551,20.0000002980232,0.));
#18489=CARTESIAN_POINT('',(-90.5000013485551,20.0000002980232,35.4));
#18490=CARTESIAN_POINT('',(-90.5000013485551,20.0000002980232,0.));
#18491=CARTESIAN_POINT('',(-90.5000013485551,20.0000002980232,40.4));
#18492=CARTESIAN_POINT('',(-90.5000013485551,20.0000002980232,35.4));
#18493=CARTESIAN_POINT('',(-85.5000013485551,20.0000002815579,40.4));
#18494=CARTESIAN_POINT('',(-90.5000013485551,20.0000002980232,40.4));
#18495=CARTESIAN_POINT('',(-85.5000013485551,20.0000002815579,5.));
#18496=CARTESIAN_POINT('',(-85.5000013485551,20.0000002815579,0.));
#18497=CARTESIAN_POINT('',(-90.5000013485551,20.0000002980232,5.));
#18498=CARTESIAN_POINT('Origin',(-89.0890013275295,0.,0.));
#18499=CARTESIAN_POINT('',(-89.0890013275295,0.,35.4));
#18500=CARTESIAN_POINT('',(-89.0890013275295,0.,0.));
#18501=CARTESIAN_POINT('',(-90.5000013485551,20.0000002980232,35.4));
#18502=CARTESIAN_POINT('Origin',(0.,10.0000001490116,5.));
#18503=CARTESIAN_POINT('',(-84.0890013275295,0.,5.));
#18504=CARTESIAN_POINT('',(-84.2317725190571,2.02368804266462,5.));
#18505=CARTESIAN_POINT('',(84.0890013275295,0.,5.));
#18506=CARTESIAN_POINT('',(-89.0890013275295,0.,5.));
#18507=CARTESIAN_POINT('',(84.9372725295699,12.0236881834435,5.));
#18508=CARTESIAN_POINT('Origin',(85.5000013485551,20.0000002815579,0.));
#18509=CARTESIAN_POINT('',(84.0890013275295,0.,40.4));
#18510=CARTESIAN_POINT('',(84.0890013275295,0.,0.));
#18511=CARTESIAN_POINT('',(84.0890013275295,0.,40.4));
#18512=CARTESIAN_POINT('Origin',(120.000001788139,0.,0.));
#18513=CARTESIAN_POINT('',(120.000001788139,20.0000002980232,0.));
#18514=CARTESIAN_POINT('',(120.000001788139,0.,0.));
#18515=CARTESIAN_POINT('',(120.000001788139,20.0000002980232,0.));
#18516=CARTESIAN_POINT('',(120.000001788139,20.0000002980232,40.4));
#18517=CARTESIAN_POINT('',(120.000001788139,20.0000002980232,0.));
#18518=CARTESIAN_POINT('',(120.000001788139,0.,40.4));
#18519=CARTESIAN_POINT('',(120.000001788139,20.0000002980232,40.4));
#18520=CARTESIAN_POINT('',(120.000001788139,0.,0.));
#18521=CARTESIAN_POINT('Origin',(116.5646259668,20.0000002980232,0.));
#18522=CARTESIAN_POINT('',(115.153625945774,0.,0.));
#18523=CARTESIAN_POINT('',(116.5646259668,20.0000002980232,0.));
#18524=CARTESIAN_POINT('',(115.730036950046,8.17024811158472,0.));
#18525=CARTESIAN_POINT('',(115.153625945774,0.,35.4));
#18526=CARTESIAN_POINT('',(115.153625945774,0.,0.));
#18527=CARTESIAN_POINT('',(116.5646259668,20.0000002980232,35.4));
#18528=CARTESIAN_POINT('',(115.730036950046,8.17024811158472,35.4));
#18529=CARTESIAN_POINT('',(116.5646259668,20.0000002980232,0.));
#18530=CARTESIAN_POINT('Origin',(117.576813866957,10.0000001490116,0.));
#18531=CARTESIAN_POINT('',(120.000001788139,20.0000002980232,0.));
#18532=CARTESIAN_POINT('',(120.000001788139,0.,0.));
#18533=CARTESIAN_POINT('Origin',(-102.826813647165,10.0000001490116,40.4));
#18534=CARTESIAN_POINT('',(-120.000001788139,0.,40.4));
#18535=CARTESIAN_POINT('',(-84.0890013275295,0.,40.4));
#18536=CARTESIAN_POINT('',(-120.000001788139,0.,40.4));
#18537=CARTESIAN_POINT('',(-84.0890013275295,0.,40.4));
#18538=CARTESIAN_POINT('',(-120.000001788139,20.0000002980232,40.4));
#18539=CARTESIAN_POINT('',(-116.5646259668,20.0000002980232,40.4));
#18540=CARTESIAN_POINT('',(-120.000001788139,20.0000002980232,40.4));
#18541=CARTESIAN_POINT('Origin',(-102.826813647165,10.0000001490116,35.4));
#18542=CARTESIAN_POINT('',(-115.153625945774,0.,35.4));
#18543=CARTESIAN_POINT('',(-116.5646259668,20.0000002980232,35.4));
#18544=CARTESIAN_POINT('',(-115.730036950046,8.17024811158472,35.4));
#18545=CARTESIAN_POINT('',(-116.5646259668,20.0000002980232,35.4));
#18546=CARTESIAN_POINT('',(-115.153625945774,0.,35.4));
#18547=CARTESIAN_POINT('Origin',(-120.000001788139,20.0000002980232,0.));
#18548=CARTESIAN_POINT('',(-120.000001788139,20.0000002980232,0.));
#18549=CARTESIAN_POINT('',(-120.000001788139,0.,0.));
#18550=CARTESIAN_POINT('',(-120.000001788139,20.0000002980232,0.));
#18551=CARTESIAN_POINT('',(-120.000001788139,0.,0.));
#18552=CARTESIAN_POINT('',(-120.000001788139,20.0000002980232,0.));
#18553=CARTESIAN_POINT('Origin',(-116.5646259668,20.0000002980232,0.));
#18554=CARTESIAN_POINT('',(-116.5646259668,20.0000002980232,0.));
#18555=CARTESIAN_POINT('',(-120.000001788139,20.0000002980232,0.));
#18556=CARTESIAN_POINT('',(-116.5646259668,20.0000002980232,0.));
#18557=CARTESIAN_POINT('Origin',(-115.153625945774,0.,0.));
#18558=CARTESIAN_POINT('',(-115.153625945774,0.,0.));
#18559=CARTESIAN_POINT('',(-115.730036950046,8.17024811158472,0.));
#18560=CARTESIAN_POINT('',(-115.153625945774,0.,0.));
#18561=CARTESIAN_POINT('Origin',(-117.576813866957,10.0000001490116,0.));
#18562=CARTESIAN_POINT('',(-120.000001788139,0.,0.));
#18563=CARTESIAN_POINT('Origin',(116.5646259668,20.0000002980232,35.4));
#18564=CARTESIAN_POINT('',(116.5646259668,20.0000002980232,35.4));
#18565=CARTESIAN_POINT('',(120.000001788139,20.0000002980232,40.4));
#18566=CARTESIAN_POINT('Origin',(102.826813647165,10.0000001490116,40.4));
#18567=CARTESIAN_POINT('',(0.,0.,40.4));
#18568=CARTESIAN_POINT('Origin',(102.826813647165,10.0000001490116,35.4));
#18569=CARTESIAN_POINT('',(89.0890013275295,0.,35.4));
#18570=CARTESIAN_POINT('',(115.153625945774,0.,35.4));
#18571=CARTESIAN_POINT('',(90.5000013485551,20.0000002980232,35.4));
#18572=CARTESIAN_POINT('Origin',(-84.0890013275295,0.,0.));
#18573=CARTESIAN_POINT('',(-84.0890013275295,0.,0.));
#18574=CARTESIAN_POINT('Origin',(89.0890013275295,0.,0.));
#18575=CARTESIAN_POINT('',(89.0890013275295,0.,0.));
#18576=CARTESIAN_POINT('Origin',(90.5000013485551,20.0000002980232,0.));
#18577=CARTESIAN_POINT('',(0.,0.,0.));
#18578=CARTESIAN_POINT('Origin',(0.,-27.5,0.));
#18579=CARTESIAN_POINT('',(-70.0000010430813,-27.5,-40.0000005960464));
#18580=CARTESIAN_POINT('',(-125.,-27.5,-40.0000005960464));
#18581=CARTESIAN_POINT('',(-45.0000006705523,-27.5,-40.0000005960464));
#18582=CARTESIAN_POINT('',(-125.,-27.5,-45.));
#18583=CARTESIAN_POINT('',(-125.,-27.5,-15.));
#18584=CARTESIAN_POINT('',(25.,-27.5,-45.));
#18585=CARTESIAN_POINT('',(25.,-27.5,-45.));
#18586=CARTESIAN_POINT('',(25.,-27.5000002980232,-8.00000007450581));
#18587=CARTESIAN_POINT('',(25.,-27.5,-10.0000000372529));
#18588=CARTESIAN_POINT('',(-45.,-27.5000002980232,-8.00000007450581));
#18589=CARTESIAN_POINT('',(0.,-27.5,-8.00000007450581));
#18590=CARTESIAN_POINT('',(-45.,-27.5,-13.));
#18591=CARTESIAN_POINT('',(-45.,-27.5,-5.));
#18592=CARTESIAN_POINT('',(-125.,-27.5,-13.));
#18593=CARTESIAN_POINT('',(-45.,-27.5,-13.));
#18594=CARTESIAN_POINT('',(-125.,-27.5,-20.0000002980232));
#18595=CARTESIAN_POINT('',(-125.,-27.5,-15.));
#18596=CARTESIAN_POINT('',(-70.0000010430813,-27.5,-20.0000002980232));
#18597=CARTESIAN_POINT('',(-45.0000006705523,-27.5,-20.0000002980232));
#18598=CARTESIAN_POINT('',(-70.0000010430813,-27.5,-10.0000001490116));
#18599=CARTESIAN_POINT('Origin',(-125.,2.32842056746563E-8,-14.));
#18600=CARTESIAN_POINT('',(-125.,-26.5,-20.0000002980232));
#18601=CARTESIAN_POINT('',(-125.,-13.7499999883579,-20.0000002980232));
#18602=CARTESIAN_POINT('',(-125.,27.5000000465684,-13.));
#18603=CARTESIAN_POINT('',(-125.,27.5000000465684,-13.));
#18604=CARTESIAN_POINT('',(-125.,27.5,-45.));
#18605=CARTESIAN_POINT('',(-125.,27.5000000465684,-15.));
#18606=CARTESIAN_POINT('',(-125.,26.5,-45.));
#18607=CARTESIAN_POINT('',(-125.,-27.5,-45.));
#18608=CARTESIAN_POINT('',(-125.,26.5,-15.));
#18609=CARTESIAN_POINT('',(-125.,26.5,-14.5));
#18610=CARTESIAN_POINT('',(-125.,-26.5,-15.));
#18611=CARTESIAN_POINT('',(-125.,-13.2499999883579,-15.));
#18612=CARTESIAN_POINT('',(-125.,-26.5,-29.5));
#18613=CARTESIAN_POINT('Origin',(-70.0000010430813,-29.5,-20.0000002980232));
#18614=CARTESIAN_POINT('',(-70.0000010430813,-26.5,-40.0000005960464));
#18615=CARTESIAN_POINT('',(-70.0000010430813,-26.5,-20.0000002980232));
#18616=CARTESIAN_POINT('',(-70.0000010430813,-26.5,-17.5000001490116));
#18617=CARTESIAN_POINT('',(-70.0000010430813,-29.5,-40.0000005960464));
#18618=CARTESIAN_POINT('',(-70.0000010430813,-29.5,-20.0000002980232));
#18619=CARTESIAN_POINT('Origin',(-90.0000013411045,-29.5,-20.0000002980232));
#18620=CARTESIAN_POINT('',(-106.750000670552,-26.5,-20.0000002980232));
#18621=CARTESIAN_POINT('Origin',(-70.0000010430813,-29.5,-40.0000005960464));
#18622=CARTESIAN_POINT('',(-125.,-26.5,-40.0000005960464));
#18623=CARTESIAN_POINT('',(-106.750000670552,-26.5,-40.0000005960464));
#18624=CARTESIAN_POINT('',(-125.,-13.2499999883579,-40.0000005960464));
#18625=CARTESIAN_POINT('Origin',(-125.,2.32842056746563E-8,-14.));
#18626=CARTESIAN_POINT('',(-125.,-26.5,-45.));
#18627=CARTESIAN_POINT('',(-125.,-26.5,-29.5));
#18628=CARTESIAN_POINT('',(-125.,-27.5,-45.));
#18629=CARTESIAN_POINT('Origin',(23.5,-26.5,-15.));
#18630=CARTESIAN_POINT('',(23.5,26.5,-15.));
#18631=CARTESIAN_POINT('',(23.5,-26.5,-15.));
#18632=CARTESIAN_POINT('',(23.5,-23.25,-15.));
#18633=CARTESIAN_POINT('',(23.5,26.5,-45.));
#18634=CARTESIAN_POINT('',(23.5,26.5,-15.));
#18635=CARTESIAN_POINT('',(23.5,-26.5,-45.));
#18636=CARTESIAN_POINT('',(23.5,26.5,-45.));
#18637=CARTESIAN_POINT('',(23.5,-26.5,-15.));
#18638=CARTESIAN_POINT('Origin',(-123.5,-26.5,-15.));
#18639=CARTESIAN_POINT('',(-61.75,-26.5,-15.));
#18640=CARTESIAN_POINT('',(-86.75,-26.5,-45.));
#18641=CARTESIAN_POINT('Origin',(23.5,26.5,-15.));
#18642=CARTESIAN_POINT('',(11.75,26.5,-15.));
#18643=CARTESIAN_POINT('',(-123.5,26.5,-45.));
#18644=CARTESIAN_POINT('Origin',(-50.,-4.44089209850063E-15,-45.));
#18645=CARTESIAN_POINT('',(25.,27.5,-45.));
#18646=CARTESIAN_POINT('',(-125.,27.5,-45.));
#18647=CARTESIAN_POINT('',(25.,27.5,-45.));
#18648=CARTESIAN_POINT('Origin',(-45.,1.49011616379369E-7,-10.));
#18649=CARTESIAN_POINT('',(-45.,-13.,-13.));
#18650=CARTESIAN_POINT('',(-45.,-13.7499999254942,-13.));
#18651=CARTESIAN_POINT('',(-45.,-32.0000004470348,-8.00000007450581));
#18652=CARTESIAN_POINT('',(-45.,-15.0000001490116,-8.00000007450581));
#18653=CARTESIAN_POINT('',(-45.,-32.0000004470348,0.));
#18654=CARTESIAN_POINT('',(-45.,-32.0000004470348,-5.));
#18655=CARTESIAN_POINT('',(-45.,-27.1999993920326,0.));
#18656=CARTESIAN_POINT('',(-45.,-6.49999992549419,0.));
#18657=CARTESIAN_POINT('',(-45.,-29.2666660125057,-6.1999998614192));
#18658=CARTESIAN_POINT('',(-45.,-28.3733327252169,-3.51999999955296));
#18659=CARTESIAN_POINT('',(-45.,-20.7333328699072,-6.1999998614192));
#18660=CARTESIAN_POINT('',(-45.,-10.3666663604478,-6.1999998614192));
#18661=CARTESIAN_POINT('',(-45.,-22.7999994903802,0.));
#18662=CARTESIAN_POINT('',(-45.,-20.1599995084107,-7.91999994590873));
#18663=CARTESIAN_POINT('',(-45.,-13.,0.));
#18664=CARTESIAN_POINT('',(-45.,-6.49999992549419,0.));
#18665=CARTESIAN_POINT('',(-45.,-13.,-11.5));
#18666=CARTESIAN_POINT('Origin',(-45.,1.49011616379369E-7,-10.));
#18667=CARTESIAN_POINT('',(-45.,27.5000000465684,-13.));
#18668=CARTESIAN_POINT('',(-45.,13.,-13.));
#18669=CARTESIAN_POINT('',(-45.,-13.7499999254942,-13.));
#18670=CARTESIAN_POINT('',(-45.,13.,0.));
#18671=CARTESIAN_POINT('',(-45.,13.,-5.));
#18672=CARTESIAN_POINT('',(-45.,22.7999994903802,0.));
#18673=CARTESIAN_POINT('',(-45.,10.0000002235174,0.));
#18674=CARTESIAN_POINT('',(-45.,20.7333328699072,-6.1999998614192));
#18675=CARTESIAN_POINT('',(-45.,20.1599995233119,-7.91999990120525));
#18676=CARTESIAN_POINT('',(-45.,29.2666660125057,-6.1999998614192));
#18677=CARTESIAN_POINT('',(-45.,10.3666665094594,-6.1999998614192));
#18678=CARTESIAN_POINT('',(-45.,27.1999993920326,0.));
#18679=CARTESIAN_POINT('',(-45.,28.3733327401181,-3.52000004425645));
#18680=CARTESIAN_POINT('',(-45.,32.0000004470348,0.));
#18681=CARTESIAN_POINT('',(-45.,10.0000002235174,0.));
#18682=CARTESIAN_POINT('',(-45.,32.0000004470348,-8.00000007450581));
#18683=CARTESIAN_POINT('',(-45.,32.0000004470348,-7.5000000372529));
#18684=CARTESIAN_POINT('',(-45.,27.5000002980232,-8.00000007450581));
#18685=CARTESIAN_POINT('',(-45.,10.0000002235174,-8.00000007450581));
#18686=CARTESIAN_POINT('',(-45.,27.5,-15.));
#18687=CARTESIAN_POINT('Origin',(0.,-13.,-13.));
#18688=CARTESIAN_POINT('',(25.,-13.,0.));
#18689=CARTESIAN_POINT('',(5.,-13.,0.));
#18690=CARTESIAN_POINT('',(25.,-13.,-13.));
#18691=CARTESIAN_POINT('',(25.,-13.,-11.5));
#18692=CARTESIAN_POINT('',(5.,-13.,-13.));
#18693=CARTESIAN_POINT('Origin',(0.,-13.,0.));
#18694=CARTESIAN_POINT('',(25.,-22.7999994903803,0.));
#18695=CARTESIAN_POINT('',(5.,-22.7999994903803,0.));
#18696=CARTESIAN_POINT('',(25.,-6.49999992549419,0.));
#18697=CARTESIAN_POINT('Origin',(5.,-22.7999994903802,1.33226762955019E-14));
#18698=CARTESIAN_POINT('',(25.,-20.7333328699072,-6.1999998614192));
#18699=CARTESIAN_POINT('',(5.,-20.7333328699072,-6.1999998614192));
#18700=CARTESIAN_POINT('',(25.,-20.1599995084107,-7.91999994590873));
#18701=CARTESIAN_POINT('Origin',(5.,-20.7333328699072,-6.1999998614192));
#18702=CARTESIAN_POINT('',(25.,-29.2666660125057,-6.1999998614192));
#18703=CARTESIAN_POINT('',(5.,-29.2666660125057,-6.1999998614192));
#18704=CARTESIAN_POINT('',(25.,-10.3666663604478,-6.1999998614192));
#18705=CARTESIAN_POINT('Origin',(5.,-29.2666660125057,-6.1999998614192));
#18706=CARTESIAN_POINT('',(25.,-27.1999993920326,0.));
#18707=CARTESIAN_POINT('',(5.,-27.1999993920326,0.));
#18708=CARTESIAN_POINT('',(25.,-28.3733327252169,-3.51999999955296));
#18709=CARTESIAN_POINT('Origin',(0.,-13.,0.));
#18710=CARTESIAN_POINT('',(25.,-32.0000004470348,0.));
#18711=CARTESIAN_POINT('',(0.,-32.0000004470348,0.));
#18712=CARTESIAN_POINT('',(25.,-6.49999992549419,0.));
#18713=CARTESIAN_POINT('Origin',(0.,-32.0000004470348,0.));
#18714=CARTESIAN_POINT('',(25.,-32.0000004470348,-8.00000007450581));
#18715=CARTESIAN_POINT('',(5.,-32.0000004470348,-8.00000007450581));
#18716=CARTESIAN_POINT('',(25.,-32.0000004470348,-5.));
#18717=CARTESIAN_POINT('Origin',(0.,-30.0000004470348,-8.00000007450581));
#18718=CARTESIAN_POINT('',(25.,-15.0000001490116,-8.00000007450581));
#18719=CARTESIAN_POINT('Origin',(0.,-20.,-15.));
#18720=CARTESIAN_POINT('Origin',(25.,1.49011616379369E-7,-10.));
#18721=CARTESIAN_POINT('',(25.,27.5000002980232,-8.00000007450581));
#18722=CARTESIAN_POINT('',(25.,27.5,-15.));
#18723=CARTESIAN_POINT('',(25.,32.0000004470348,-8.00000007450581));
#18724=CARTESIAN_POINT('',(25.,10.0000002235174,-8.00000007450581));
#18725=CARTESIAN_POINT('',(25.,32.0000004470348,0.));
#18726=CARTESIAN_POINT('',(25.,32.0000004470348,-7.5000000372529));
#18727=CARTESIAN_POINT('',(25.,27.1999993920326,0.));
#18728=CARTESIAN_POINT('',(25.,10.0000002235174,0.));
#18729=CARTESIAN_POINT('',(25.,29.2666660125057,-6.1999998614192));
#18730=CARTESIAN_POINT('',(25.,28.3733327401181,-3.52000004425645));
#18731=CARTESIAN_POINT('',(25.,20.7333328699072,-6.1999998614192));
#18732=CARTESIAN_POINT('',(25.,10.3666665094594,-6.1999998614192));
#18733=CARTESIAN_POINT('',(25.,22.7999994903803,0.));
#18734=CARTESIAN_POINT('',(25.,20.1599995233119,-7.91999990120525));
#18735=CARTESIAN_POINT('',(25.,13.,0.));
#18736=CARTESIAN_POINT('',(25.,10.0000002235174,0.));
#18737=CARTESIAN_POINT('',(25.,13.,-13.));
#18738=CARTESIAN_POINT('',(25.,13.,-5.));
#18739=CARTESIAN_POINT('',(25.,6.50000007450581,-13.));
#18740=CARTESIAN_POINT('Origin',(0.,27.5,-20.));
#18741=CARTESIAN_POINT('',(0.,27.5,-8.00000007450581));
#18742=CARTESIAN_POINT('',(-45.,27.5000000465684,-13.));
#18743=CARTESIAN_POINT('Origin',(0.,20.0000002980232,-8.00000007450581));
#18744=CARTESIAN_POINT('',(5.,32.0000004470348,-8.00000007450581));
#18745=CARTESIAN_POINT('Origin',(5.,29.2666660125057,-6.1999998614192));
#18746=CARTESIAN_POINT('',(5.,29.2666660125057,-6.1999998614192));
#18747=CARTESIAN_POINT('',(5.,27.1999993920326,0.));
#18748=CARTESIAN_POINT('Origin',(5.,20.7333328699072,-6.1999998614192));
#18749=CARTESIAN_POINT('',(5.,20.7333328699072,-6.1999998614192));
#18750=CARTESIAN_POINT('Origin',(5.,22.7999994903802,1.33226762955019E-14));
#18751=CARTESIAN_POINT('',(5.,22.7999994903803,0.));
#18752=CARTESIAN_POINT('Origin',(0.,20.0000002980232,0.));
#18753=CARTESIAN_POINT('',(0.,32.0000004470348,0.));
#18754=CARTESIAN_POINT('Origin',(0.,13.,-13.));
#18755=CARTESIAN_POINT('',(5.,13.,-13.));
#18756=CARTESIAN_POINT('Origin',(0.,13.,0.));
#18757=CARTESIAN_POINT('',(0.,13.,0.));
#18758=CARTESIAN_POINT('Origin',(0.,20.0000002980232,0.));
#18759=CARTESIAN_POINT('Origin',(0.,32.0000004470348,-5.00000007450581));
#18760=CARTESIAN_POINT('Origin',(27.,-29.5,-26.));
#18761=CARTESIAN_POINT('',(-90.0000013411045,-29.5,-39.0000005960464));
#18762=CARTESIAN_POINT('',(-90.0000013411045,-29.5,-14.0000002980232));
#18763=CARTESIAN_POINT('',(-90.0000013411045,-29.5,-32.5000002980232));
#18764=CARTESIAN_POINT('',(-127.,-29.5,-14.));
#18765=CARTESIAN_POINT('',(27.,-29.5,-14.));
#18766=CARTESIAN_POINT('',(-127.,-29.5,-48.));
#18767=CARTESIAN_POINT('',(-127.,-29.5,-26.));
#18768=CARTESIAN_POINT('',(27.,-29.5,-48.));
#18769=CARTESIAN_POINT('',(-127.,-29.5,-48.));
#18770=CARTESIAN_POINT('',(27.,-29.5,-14.));
#18771=CARTESIAN_POINT('',(27.,-29.5,-26.));
#18772=CARTESIAN_POINT('',(-70.0000010430813,-29.5,-14.0000002980232));
#18773=CARTESIAN_POINT('',(27.,-29.5,-14.));
#18774=CARTESIAN_POINT('',(-70.0000010430813,-29.5,-39.0000005960464));
#18775=CARTESIAN_POINT('',(-70.0000010430813,-29.5,-22.5000001490116));
#18776=CARTESIAN_POINT('',(-21.5000005215406,-29.5,-39.0000005960464));
#18777=CARTESIAN_POINT('Origin',(-50.,0.,-14.));
#18778=CARTESIAN_POINT('',(-70.0000010430813,-28.5,-14.0000002980232));
#18779=CARTESIAN_POINT('',(-70.0000010430813,-14.75,-14.));
#18780=CARTESIAN_POINT('',(27.,29.5,-14.));
#18781=CARTESIAN_POINT('',(27.,29.5,-14.));
#18782=CARTESIAN_POINT('',(-127.,29.5,-14.));
#18783=CARTESIAN_POINT('',(-127.,29.5,-14.));
#18784=CARTESIAN_POINT('',(-127.,25.000000372529,-14.0000002980232));
#18785=CARTESIAN_POINT('',(-127.,-29.5,-14.));
#18786=CARTESIAN_POINT('',(-126.,25.000000372529,-14.0000002980232));
#18787=CARTESIAN_POINT('',(-88.,25.000000372529,-14.));
#18788=CARTESIAN_POINT('',(-126.,28.5,-14.));
#18789=CARTESIAN_POINT('',(-126.,-28.5,-14.));
#18790=CARTESIAN_POINT('',(26.,28.5,-14.));
#18791=CARTESIAN_POINT('',(-126.,28.5,-14.));
#18792=CARTESIAN_POINT('',(26.,-28.5,-14.));
#18793=CARTESIAN_POINT('',(26.,28.5,-14.));
#18794=CARTESIAN_POINT('',(26.,-28.5,-14.));
#18795=CARTESIAN_POINT('Origin',(-127.,-29.5,-26.));
#18796=CARTESIAN_POINT('',(-127.,25.000000372529,-29.0000004470348));
#18797=CARTESIAN_POINT('',(-127.,25.000000372529,-27.5000002235174));
#18798=CARTESIAN_POINT('',(-127.,29.5,-48.));
#18799=CARTESIAN_POINT('',(-127.,29.5,-26.));
#18800=CARTESIAN_POINT('',(-127.,29.5,-48.));
#18801=CARTESIAN_POINT('',(-127.,-25.000000372529,-14.0000002980232));
#18802=CARTESIAN_POINT('',(-127.,-29.5,-14.));
#18803=CARTESIAN_POINT('',(-127.,-25.000000372529,-29.0000004470348));
#18804=CARTESIAN_POINT('',(-127.,-25.000000372529,-22.5000001490116));
#18805=CARTESIAN_POINT('',(-127.,-27.2500001862645,-29.0000004470348));
#18806=CARTESIAN_POINT('Origin',(-70.0000010430813,-29.5,-19.0000002980232));
#18807=CARTESIAN_POINT('',(-70.0000010430813,-28.5,-39.0000005960464));
#18808=CARTESIAN_POINT('',(-70.0000010430813,-28.5,-22.5000001490116));
#18809=CARTESIAN_POINT('',(-70.0000010430813,-29.5,-39.0000005960464));
#18810=CARTESIAN_POINT('Origin',(-90.0000013411045,-29.5,-39.0000005960464));
#18811=CARTESIAN_POINT('',(-90.0000013411045,-28.5,-14.0000002980232));
#18812=CARTESIAN_POINT('',(-90.0000013411045,-28.5,-39.0000005960464));
#18813=CARTESIAN_POINT('',(-90.0000013411045,-28.5,-32.5000002980232));
#18814=CARTESIAN_POINT('',(-90.0000013411045,-14.25,-14.));
#18815=CARTESIAN_POINT('',(-90.0000013411045,-29.5,-39.0000005960464));
#18816=CARTESIAN_POINT('Origin',(-70.0000010430813,-29.5,-39.0000005960464));
#18817=CARTESIAN_POINT('',(-98.0000005215406,-28.5,-39.0000005960464));
#18818=CARTESIAN_POINT('Origin',(-127.,-25.000000372529,-19.0000002980232));
#18819=CARTESIAN_POINT('',(-126.,-25.000000372529,-29.0000004470348));
#18820=CARTESIAN_POINT('',(-126.,-25.000000372529,-14.0000002980232));
#18821=CARTESIAN_POINT('',(-126.,-25.000000372529,-22.5000001490116));
#18822=CARTESIAN_POINT('',(-127.,-25.000000372529,-29.0000004470348));
#18823=CARTESIAN_POINT('',(-88.5,-25.000000372529,-14.));
#18824=CARTESIAN_POINT('Origin',(-127.,25.000000372529,-29.0000004470348));
#18825=CARTESIAN_POINT('',(-126.,25.000000372529,-29.0000004470348));
#18826=CARTESIAN_POINT('',(-126.,25.000000372529,-27.5000002235174));
#18827=CARTESIAN_POINT('',(-127.,25.000000372529,-29.0000004470348));
#18828=CARTESIAN_POINT('Origin',(-127.,-25.000000372529,-29.0000004470348));
#18829=CARTESIAN_POINT('',(-126.,1.74999981373549,-29.0000004470348));
#18830=CARTESIAN_POINT('Origin',(-50.,0.,-14.));
#18831=CARTESIAN_POINT('',(-126.,-28.5,-14.));
#18832=CARTESIAN_POINT('',(26.,-28.5,-14.));
#18833=CARTESIAN_POINT('',(-126.,-28.5,-14.));
#18834=CARTESIAN_POINT('Origin',(-50.,0.,-46.));
#18835=CARTESIAN_POINT('',(-126.,-28.5,-46.));
#18836=CARTESIAN_POINT('',(26.,-28.5,-46.));
#18837=CARTESIAN_POINT('',(26.,-28.5,-46.));
#18838=CARTESIAN_POINT('',(26.,28.5,-46.));
#18839=CARTESIAN_POINT('',(26.,28.5,-46.));
#18840=CARTESIAN_POINT('',(-126.,28.5,-46.));
#18841=CARTESIAN_POINT('',(-126.,28.5,-46.));
#18842=CARTESIAN_POINT('',(-126.,-28.5,-46.));
#18843=CARTESIAN_POINT('Origin',(-50.,0.,-48.));
#18844=CARTESIAN_POINT('',(27.,29.5,-48.));
#18845=CARTESIAN_POINT('',(27.,29.5,-48.));
#18846=CARTESIAN_POINT('',(27.,-29.5,-48.));
#18847=CARTESIAN_POINT('Origin',(-126.,-28.5,-26.));
#18848=CARTESIAN_POINT('',(26.,-28.5,-26.));
#18849=CARTESIAN_POINT('',(-126.,-28.5,-26.));
#18850=CARTESIAN_POINT('Origin',(-126.,28.5,-26.));
#18851=CARTESIAN_POINT('',(-126.,28.5,-26.));
#18852=CARTESIAN_POINT('Origin',(26.,28.5,-26.));
#18853=CARTESIAN_POINT('',(26.,28.5,-26.));
#18854=CARTESIAN_POINT('Origin',(26.,-28.5,-26.));
#18855=CARTESIAN_POINT('Origin',(-127.,29.5,-26.));
#18856=CARTESIAN_POINT('',(27.,29.5,-26.));
#18857=CARTESIAN_POINT('Origin',(27.,29.5,-26.));
#18858=CARTESIAN_POINT('',(0.,0.,0.));
#18859=CARTESIAN_POINT('Origin',(130.,88.,0.));
#18860=CARTESIAN_POINT('',(130.,88.,0.));
#18861=CARTESIAN_POINT('',(0.,88.,0.));
#18862=CARTESIAN_POINT('',(130.,88.,0.));
#18863=CARTESIAN_POINT('',(0.,88.,345.));
#18864=CARTESIAN_POINT('',(0.,88.,0.));
#18865=CARTESIAN_POINT('',(130.,88.,345.));
#18866=CARTESIAN_POINT('',(130.,88.,345.));
#18867=CARTESIAN_POINT('',(130.,88.,0.));
#18868=CARTESIAN_POINT('Origin',(130.,0.,0.));
#18869=CARTESIAN_POINT('',(130.,0.,0.));
#18870=CARTESIAN_POINT('',(130.,0.,0.));
#18871=CARTESIAN_POINT('',(130.,0.,345.));
#18872=CARTESIAN_POINT('',(130.,0.,345.));
#18873=CARTESIAN_POINT('',(130.,0.,0.));
#18874=CARTESIAN_POINT('Origin',(0.,0.,0.));
#18875=CARTESIAN_POINT('',(0.,0.,0.));
#18876=CARTESIAN_POINT('',(0.,0.,0.));
#18877=CARTESIAN_POINT('',(0.,0.,345.));
#18878=CARTESIAN_POINT('',(0.,0.,345.));
#18879=CARTESIAN_POINT('',(0.,0.,0.));
#18880=CARTESIAN_POINT('Origin',(0.,88.,0.));
#18881=CARTESIAN_POINT('',(0.,88.,0.));
#18882=CARTESIAN_POINT('',(0.,88.,345.));
#18883=CARTESIAN_POINT('Origin',(65.,44.,345.));
#18884=CARTESIAN_POINT('Origin',(65.,44.,0.));
#18885=CARTESIAN_POINT('',(0.,12.7,142.));
#18886=CARTESIAN_POINT('',(0.,-12.7,142.));
#18887=CARTESIAN_POINT('',(0.,0.,142.));
#18888=CARTESIAN_POINT('',(-1066.39997615516,-47.799999999993,142.));
#18889=CARTESIAN_POINT('',(0.,0.,142.));
#18890=CARTESIAN_POINT('',(0.,0.,142.));
#18891=CARTESIAN_POINT('',(-1066.79997615516,5.40012479177676E-12,147.));
#18892=CARTESIAN_POINT('',(-1066.39997615516,47.7999999999948,142.));
#18893=CARTESIAN_POINT('',(-1066.79997615516,-5.40012479177676E-12,147.));
#18894=CARTESIAN_POINT('',(0.,0.,142.));
#18895=CARTESIAN_POINT('',(0.,0.,142.));
#18896=CARTESIAN_POINT('',(-517.943362794595,-477.242110265702,-423.235994890214));
#18897=CARTESIAN_POINT('',(0.,0.,142.));
#18898=CARTESIAN_POINT('',(-517.943362794578,477.242110265702,-423.235994890211));
#18899=CARTESIAN_POINT('',(0.,0.,142.));
#18900=CARTESIAN_POINT('',(-180.404937407708,-800.,362.625182125498));
#18901=CARTESIAN_POINT('',(-22.414,0.,22.));
#18902=CARTESIAN_POINT('',(-2.68099999999997,1.17549435082229E-37,112.));
#18903=CARTESIAN_POINT('',(-508.,0.,86.6));
#18904=CARTESIAN_POINT('',(-533.5,-540.,-123.));
#18905=CARTESIAN_POINT('',(-533.5,540.,-123.));
#18906=CARTESIAN_POINT('',(0.,0.,142.));
#18907=CARTESIAN_POINT('',(0.,0.,142.));
#18908=CARTESIAN_POINT('',(1045.,1.34499999999515,321.309999999977));
#18909=CARTESIAN_POINT('',(2.8421709430404E-13,-12.7,25.4000000000001));
#18910=CARTESIAN_POINT('',(35.3583909330187,-0.377168013987345,-5.81384811494211));
#18911=CARTESIAN_POINT('',(0.,0.,0.));
#18912=CARTESIAN_POINT('',(35.3583909330187,0.377168013987443,-5.81384811494209));
#18913=CARTESIAN_POINT('',(670.,-76.5801320822965,321.410132082297));
#18914=CARTESIAN_POINT('',(670.,85.4759400727325,321.634059927267));
#18915=CARTESIAN_POINT('',(14.6264715989499,3.51075755646774E-14,94.9045083626191));
#18916=CARTESIAN_POINT('',(245.028200148788,3.70234355413516E-14,227.927008362606));
#18917=CARTESIAN_POINT('',(0.,0.,0.));
#18918=CARTESIAN_POINT('',(0.,0.,0.));
#18919=CARTESIAN_POINT('',(2.8421709430404E-13,12.7,25.4000000000001));
#18920=CARTESIAN_POINT('',(-280.92968590218,-7.99686189761395E-15,361.896431864336));
#18921=CARTESIAN_POINT('',(289.299999999999,-80.3999999999847,142.));
#18922=CARTESIAN_POINT('',(204.155323489882,0.718361807117245,234.909551978952));
#18923=CARTESIAN_POINT('',(279.637657172837,0.667212465488803,461.448398707179));
#18924=CARTESIAN_POINT('',(293.196970843873,80.5000000000001,141.985638510575));
#18925=CARTESIAN_POINT('',(-255.176151477552,167.167000000026,242.593262894588));
#18926=UNCERTAINTY_MEASURE_WITH_UNIT(LENGTH_MEASURE(0.01),#19008,
'DISTANCE_ACCURACY_VALUE',
'Maximum model space distance between geometric entities at asserted c
onnectivities');
#18927=UNCERTAINTY_MEASURE_WITH_UNIT(LENGTH_MEASURE(0.01),#19008,
'DISTANCE_ACCURACY_VALUE',
'Maximum model space distance between geometric entities at asserted c
onnectivities');
#18928=UNCERTAINTY_MEASURE_WITH_UNIT(LENGTH_MEASURE(0.01),#19008,
'DISTANCE_ACCURACY_VALUE',
'Maximum model space distance between geometric entities at asserted c
onnectivities');
#18929=UNCERTAINTY_MEASURE_WITH_UNIT(LENGTH_MEASURE(0.01),#19008,
'DISTANCE_ACCURACY_VALUE',
'Maximum model space distance between geometric entities at asserted c
onnectivities');
#18930=UNCERTAINTY_MEASURE_WITH_UNIT(LENGTH_MEASURE(0.01),#19008,
'DISTANCE_ACCURACY_VALUE',
'Maximum model space distance between geometric entities at asserted c
onnectivities');
#18931=UNCERTAINTY_MEASURE_WITH_UNIT(LENGTH_MEASURE(0.01),#19008,
'DISTANCE_ACCURACY_VALUE',
'Maximum model space distance between geometric entities at asserted c
onnectivities');
#18932=UNCERTAINTY_MEASURE_WITH_UNIT(LENGTH_MEASURE(0.01),#19008,
'DISTANCE_ACCURACY_VALUE',
'Maximum model space distance between geometric entities at asserted c
onnectivities');
#18933=UNCERTAINTY_MEASURE_WITH_UNIT(LENGTH_MEASURE(0.01),#19008,
'DISTANCE_ACCURACY_VALUE',
'Maximum model space distance between geometric entities at asserted c
onnectivities');
#18934=UNCERTAINTY_MEASURE_WITH_UNIT(LENGTH_MEASURE(0.01),#19008,
'DISTANCE_ACCURACY_VALUE',
'Maximum model space distance between geometric entities at asserted c
onnectivities');
#18935=UNCERTAINTY_MEASURE_WITH_UNIT(LENGTH_MEASURE(0.01),#19008,
'DISTANCE_ACCURACY_VALUE',
'Maximum model space distance between geometric entities at asserted c
onnectivities');
#18936=UNCERTAINTY_MEASURE_WITH_UNIT(LENGTH_MEASURE(0.01),#19008,
'DISTANCE_ACCURACY_VALUE',
'Maximum model space distance between geometric entities at asserted c
onnectivities');
#18937=UNCERTAINTY_MEASURE_WITH_UNIT(LENGTH_MEASURE(0.01),#19008,
'DISTANCE_ACCURACY_VALUE',
'Maximum model space distance between geometric entities at asserted c
onnectivities');
#18938=UNCERTAINTY_MEASURE_WITH_UNIT(LENGTH_MEASURE(0.01),#19008,
'DISTANCE_ACCURACY_VALUE',
'Maximum model space distance between geometric entities at asserted c
onnectivities');
#18939=UNCERTAINTY_MEASURE_WITH_UNIT(LENGTH_MEASURE(0.01),#19008,
'DISTANCE_ACCURACY_VALUE',
'Maximum model space distance between geometric entities at asserted c
onnectivities');
#18940=UNCERTAINTY_MEASURE_WITH_UNIT(LENGTH_MEASURE(0.01),#19008,
'DISTANCE_ACCURACY_VALUE',
'Maximum model space distance between geometric entities at asserted c
onnectivities');
#18941=UNCERTAINTY_MEASURE_WITH_UNIT(LENGTH_MEASURE(0.01),#19008,
'DISTANCE_ACCURACY_VALUE',
'Maximum model space distance between geometric entities at asserted c
onnectivities');
#18942=UNCERTAINTY_MEASURE_WITH_UNIT(LENGTH_MEASURE(0.01),#19008,
'DISTANCE_ACCURACY_VALUE',
'Maximum model space distance between geometric entities at asserted c
onnectivities');
#18943=UNCERTAINTY_MEASURE_WITH_UNIT(LENGTH_MEASURE(0.01),#19008,
'DISTANCE_ACCURACY_VALUE',
'Maximum model space distance between geometric entities at asserted c
onnectivities');
#18944=UNCERTAINTY_MEASURE_WITH_UNIT(LENGTH_MEASURE(0.01),#19008,
'DISTANCE_ACCURACY_VALUE',
'Maximum model space distance between geometric entities at asserted c
onnectivities');
#18945=UNCERTAINTY_MEASURE_WITH_UNIT(LENGTH_MEASURE(0.01),#19008,
'DISTANCE_ACCURACY_VALUE',
'Maximum model space distance between geometric entities at asserted c
onnectivities');
#18946=UNCERTAINTY_MEASURE_WITH_UNIT(LENGTH_MEASURE(0.01),#19008,
'DISTANCE_ACCURACY_VALUE',
'Maximum model space distance between geometric entities at asserted c
onnectivities');
#18947=UNCERTAINTY_MEASURE_WITH_UNIT(LENGTH_MEASURE(0.01),#19008,
'DISTANCE_ACCURACY_VALUE',
'Maximum model space distance between geometric entities at asserted c
onnectivities');
#18948=UNCERTAINTY_MEASURE_WITH_UNIT(LENGTH_MEASURE(0.01),#19008,
'DISTANCE_ACCURACY_VALUE',
'Maximum model space distance between geometric entities at asserted c
onnectivities');
#18949=UNCERTAINTY_MEASURE_WITH_UNIT(LENGTH_MEASURE(0.01),#19008,
'DISTANCE_ACCURACY_VALUE',
'Maximum model space distance between geometric entities at asserted c
onnectivities');
#18950=UNCERTAINTY_MEASURE_WITH_UNIT(LENGTH_MEASURE(0.01),#19008,
'DISTANCE_ACCURACY_VALUE',
'Maximum model space distance between geometric entities at asserted c
onnectivities');
#18951=UNCERTAINTY_MEASURE_WITH_UNIT(LENGTH_MEASURE(0.01),#19008,
'DISTANCE_ACCURACY_VALUE',
'Maximum model space distance between geometric entities at asserted c
onnectivities');
#18952=UNCERTAINTY_MEASURE_WITH_UNIT(LENGTH_MEASURE(0.01),#19008,
'DISTANCE_ACCURACY_VALUE',
'Maximum model space distance between geometric entities at asserted c
onnectivities');
#18953=UNCERTAINTY_MEASURE_WITH_UNIT(LENGTH_MEASURE(0.01),#19008,
'DISTANCE_ACCURACY_VALUE',
'Maximum model space distance between geometric entities at asserted c
onnectivities');
#18954=UNCERTAINTY_MEASURE_WITH_UNIT(LENGTH_MEASURE(0.01),#19008,
'DISTANCE_ACCURACY_VALUE',
'Maximum model space distance between geometric entities at asserted c
onnectivities');
#18955=UNCERTAINTY_MEASURE_WITH_UNIT(LENGTH_MEASURE(0.01),#19008,
'DISTANCE_ACCURACY_VALUE',
'Maximum model space distance between geometric entities at asserted c
onnectivities');
#18956=UNCERTAINTY_MEASURE_WITH_UNIT(LENGTH_MEASURE(0.01),#19008,
'DISTANCE_ACCURACY_VALUE',
'Maximum model space distance between geometric entities at asserted c
onnectivities');
#18957=UNCERTAINTY_MEASURE_WITH_UNIT(LENGTH_MEASURE(0.01),#19008,
'DISTANCE_ACCURACY_VALUE',
'Maximum model space distance between geometric entities at asserted c
onnectivities');
#18958=UNCERTAINTY_MEASURE_WITH_UNIT(LENGTH_MEASURE(0.01),#19008,
'DISTANCE_ACCURACY_VALUE',
'Maximum model space distance between geometric entities at asserted c
onnectivities');
#18959=UNCERTAINTY_MEASURE_WITH_UNIT(LENGTH_MEASURE(0.01),#19008,
'DISTANCE_ACCURACY_VALUE',
'Maximum model space distance between geometric entities at asserted c
onnectivities');
#18960=UNCERTAINTY_MEASURE_WITH_UNIT(LENGTH_MEASURE(0.01),#19008,
'DISTANCE_ACCURACY_VALUE',
'Maximum model space distance between geometric entities at asserted c
onnectivities');
#18961=UNCERTAINTY_MEASURE_WITH_UNIT(LENGTH_MEASURE(0.01),#19008,
'DISTANCE_ACCURACY_VALUE',
'Maximum model space distance between geometric entities at asserted c
onnectivities');
#18962=UNCERTAINTY_MEASURE_WITH_UNIT(LENGTH_MEASURE(0.01),#19008,
'DISTANCE_ACCURACY_VALUE',
'Maximum model space distance between geometric entities at asserted c
onnectivities');
#18963=UNCERTAINTY_MEASURE_WITH_UNIT(LENGTH_MEASURE(0.01),#19008,
'DISTANCE_ACCURACY_VALUE',
'Maximum model space distance between geometric entities at asserted c
onnectivities');
#18964=UNCERTAINTY_MEASURE_WITH_UNIT(LENGTH_MEASURE(0.01),#19008,
'DISTANCE_ACCURACY_VALUE',
'Maximum model space distance between geometric entities at asserted c
onnectivities');
#18965=UNCERTAINTY_MEASURE_WITH_UNIT(LENGTH_MEASURE(0.01),#19008,
'DISTANCE_ACCURACY_VALUE',
'Maximum model space distance between geometric entities at asserted c
onnectivities');
#18966=UNCERTAINTY_MEASURE_WITH_UNIT(LENGTH_MEASURE(0.01),#19008,
'DISTANCE_ACCURACY_VALUE',
'Maximum model space distance between geometric entities at asserted c
onnectivities');
#18967=(
GEOMETRIC_REPRESENTATION_CONTEXT(3)
GLOBAL_UNCERTAINTY_ASSIGNED_CONTEXT((#18926))
GLOBAL_UNIT_ASSIGNED_CONTEXT((#19008,#19010,#19011))
REPRESENTATION_CONTEXT('','3D')
);
#18968=(
GEOMETRIC_REPRESENTATION_CONTEXT(3)
GLOBAL_UNCERTAINTY_ASSIGNED_CONTEXT((#18927))
GLOBAL_UNIT_ASSIGNED_CONTEXT((#19008,#19010,#19011))
REPRESENTATION_CONTEXT('','3D')
);
#18969=(
GEOMETRIC_REPRESENTATION_CONTEXT(3)
GLOBAL_UNCERTAINTY_ASSIGNED_CONTEXT((#18928))
GLOBAL_UNIT_ASSIGNED_CONTEXT((#19008,#19010,#19011))
REPRESENTATION_CONTEXT('','3D')
);
#18970=(
GEOMETRIC_REPRESENTATION_CONTEXT(3)
GLOBAL_UNCERTAINTY_ASSIGNED_CONTEXT((#18929))
GLOBAL_UNIT_ASSIGNED_CONTEXT((#19008,#19010,#19011))
REPRESENTATION_CONTEXT('','3D')
);
#18971=(
GEOMETRIC_REPRESENTATION_CONTEXT(3)
GLOBAL_UNCERTAINTY_ASSIGNED_CONTEXT((#18930))
GLOBAL_UNIT_ASSIGNED_CONTEXT((#19008,#19010,#19011))
REPRESENTATION_CONTEXT('','3D')
);
#18972=(
GEOMETRIC_REPRESENTATION_CONTEXT(3)
GLOBAL_UNCERTAINTY_ASSIGNED_CONTEXT((#18931))
GLOBAL_UNIT_ASSIGNED_CONTEXT((#19008,#19010,#19011))
REPRESENTATION_CONTEXT('','3D')
);
#18973=(
GEOMETRIC_REPRESENTATION_CONTEXT(3)
GLOBAL_UNCERTAINTY_ASSIGNED_CONTEXT((#18932))
GLOBAL_UNIT_ASSIGNED_CONTEXT((#19008,#19010,#19011))
REPRESENTATION_CONTEXT('','3D')
);
#18974=(
GEOMETRIC_REPRESENTATION_CONTEXT(3)
GLOBAL_UNCERTAINTY_ASSIGNED_CONTEXT((#18933))
GLOBAL_UNIT_ASSIGNED_CONTEXT((#19008,#19010,#19011))
REPRESENTATION_CONTEXT('','3D')
);
#18975=(
GEOMETRIC_REPRESENTATION_CONTEXT(3)
GLOBAL_UNCERTAINTY_ASSIGNED_CONTEXT((#18934))
GLOBAL_UNIT_ASSIGNED_CONTEXT((#19008,#19010,#19011))
REPRESENTATION_CONTEXT('','3D')
);
#18976=(
GEOMETRIC_REPRESENTATION_CONTEXT(3)
GLOBAL_UNCERTAINTY_ASSIGNED_CONTEXT((#18935))
GLOBAL_UNIT_ASSIGNED_CONTEXT((#19008,#19010,#19011))
REPRESENTATION_CONTEXT('','3D')
);
#18977=(
GEOMETRIC_REPRESENTATION_CONTEXT(3)
GLOBAL_UNCERTAINTY_ASSIGNED_CONTEXT((#18936))
GLOBAL_UNIT_ASSIGNED_CONTEXT((#19008,#19010,#19011))
REPRESENTATION_CONTEXT('','3D')
);
#18978=(
GEOMETRIC_REPRESENTATION_CONTEXT(3)
GLOBAL_UNCERTAINTY_ASSIGNED_CONTEXT((#18937))
GLOBAL_UNIT_ASSIGNED_CONTEXT((#19008,#19010,#19011))
REPRESENTATION_CONTEXT('','3D')
);
#18979=(
GEOMETRIC_REPRESENTATION_CONTEXT(3)
GLOBAL_UNCERTAINTY_ASSIGNED_CONTEXT((#18938))
GLOBAL_UNIT_ASSIGNED_CONTEXT((#19008,#19010,#19011))
REPRESENTATION_CONTEXT('','3D')
);
#18980=(
GEOMETRIC_REPRESENTATION_CONTEXT(3)
GLOBAL_UNCERTAINTY_ASSIGNED_CONTEXT((#18939))
GLOBAL_UNIT_ASSIGNED_CONTEXT((#19008,#19010,#19011))
REPRESENTATION_CONTEXT('','3D')
);
#18981=(
GEOMETRIC_REPRESENTATION_CONTEXT(3)
GLOBAL_UNCERTAINTY_ASSIGNED_CONTEXT((#18940))
GLOBAL_UNIT_ASSIGNED_CONTEXT((#19008,#19010,#19011))
REPRESENTATION_CONTEXT('','3D')
);
#18982=(
GEOMETRIC_REPRESENTATION_CONTEXT(3)
GLOBAL_UNCERTAINTY_ASSIGNED_CONTEXT((#18941))
GLOBAL_UNIT_ASSIGNED_CONTEXT((#19008,#19010,#19011))
REPRESENTATION_CONTEXT('','3D')
);
#18983=(
GEOMETRIC_REPRESENTATION_CONTEXT(3)
GLOBAL_UNCERTAINTY_ASSIGNED_CONTEXT((#18942))
GLOBAL_UNIT_ASSIGNED_CONTEXT((#19008,#19010,#19011))
REPRESENTATION_CONTEXT('','3D')
);
#18984=(
GEOMETRIC_REPRESENTATION_CONTEXT(3)
GLOBAL_UNCERTAINTY_ASSIGNED_CONTEXT((#18943))
GLOBAL_UNIT_ASSIGNED_CONTEXT((#19008,#19010,#19011))
REPRESENTATION_CONTEXT('','3D')
);
#18985=(
GEOMETRIC_REPRESENTATION_CONTEXT(3)
GLOBAL_UNCERTAINTY_ASSIGNED_CONTEXT((#18944))
GLOBAL_UNIT_ASSIGNED_CONTEXT((#19008,#19010,#19011))
REPRESENTATION_CONTEXT('','3D')
);
#18986=(
GEOMETRIC_REPRESENTATION_CONTEXT(3)
GLOBAL_UNCERTAINTY_ASSIGNED_CONTEXT((#18945))
GLOBAL_UNIT_ASSIGNED_CONTEXT((#19008,#19010,#19011))
REPRESENTATION_CONTEXT('','3D')
);
#18987=(
GEOMETRIC_REPRESENTATION_CONTEXT(3)
GLOBAL_UNCERTAINTY_ASSIGNED_CONTEXT((#18946))
GLOBAL_UNIT_ASSIGNED_CONTEXT((#19008,#19010,#19011))
REPRESENTATION_CONTEXT('','3D')
);
#18988=(
GEOMETRIC_REPRESENTATION_CONTEXT(3)
GLOBAL_UNCERTAINTY_ASSIGNED_CONTEXT((#18947))
GLOBAL_UNIT_ASSIGNED_CONTEXT((#19008,#19010,#19011))
REPRESENTATION_CONTEXT('','3D')
);
#18989=(
GEOMETRIC_REPRESENTATION_CONTEXT(3)
GLOBAL_UNCERTAINTY_ASSIGNED_CONTEXT((#18948))
GLOBAL_UNIT_ASSIGNED_CONTEXT((#19008,#19010,#19011))
REPRESENTATION_CONTEXT('','3D')
);
#18990=(
GEOMETRIC_REPRESENTATION_CONTEXT(3)
GLOBAL_UNCERTAINTY_ASSIGNED_CONTEXT((#18949))
GLOBAL_UNIT_ASSIGNED_CONTEXT((#19008,#19010,#19011))
REPRESENTATION_CONTEXT('','3D')
);
#18991=(
GEOMETRIC_REPRESENTATION_CONTEXT(3)
GLOBAL_UNCERTAINTY_ASSIGNED_CONTEXT((#18950))
GLOBAL_UNIT_ASSIGNED_CONTEXT((#19008,#19010,#19011))
REPRESENTATION_CONTEXT('','3D')
);
#18992=(
GEOMETRIC_REPRESENTATION_CONTEXT(3)
GLOBAL_UNCERTAINTY_ASSIGNED_CONTEXT((#18951))
GLOBAL_UNIT_ASSIGNED_CONTEXT((#19008,#19010,#19011))
REPRESENTATION_CONTEXT('','3D')
);
#18993=(
GEOMETRIC_REPRESENTATION_CONTEXT(3)
GLOBAL_UNCERTAINTY_ASSIGNED_CONTEXT((#18952))
GLOBAL_UNIT_ASSIGNED_CONTEXT((#19008,#19010,#19011))
REPRESENTATION_CONTEXT('','3D')
);
#18994=(
GEOMETRIC_REPRESENTATION_CONTEXT(3)
GLOBAL_UNCERTAINTY_ASSIGNED_CONTEXT((#18953))
GLOBAL_UNIT_ASSIGNED_CONTEXT((#19008,#19010,#19011))
REPRESENTATION_CONTEXT('','3D')
);
#18995=(
GEOMETRIC_REPRESENTATION_CONTEXT(3)
GLOBAL_UNCERTAINTY_ASSIGNED_CONTEXT((#18954))
GLOBAL_UNIT_ASSIGNED_CONTEXT((#19008,#19010,#19011))
REPRESENTATION_CONTEXT('','3D')
);
#18996=(
GEOMETRIC_REPRESENTATION_CONTEXT(3)
GLOBAL_UNCERTAINTY_ASSIGNED_CONTEXT((#18955))
GLOBAL_UNIT_ASSIGNED_CONTEXT((#19008,#19010,#19011))
REPRESENTATION_CONTEXT('','3D')
);
#18997=(
GEOMETRIC_REPRESENTATION_CONTEXT(3)
GLOBAL_UNCERTAINTY_ASSIGNED_CONTEXT((#18956))
GLOBAL_UNIT_ASSIGNED_CONTEXT((#19008,#19010,#19011))
REPRESENTATION_CONTEXT('','3D')
);
#18998=(
GEOMETRIC_REPRESENTATION_CONTEXT(3)
GLOBAL_UNCERTAINTY_ASSIGNED_CONTEXT((#18957))
GLOBAL_UNIT_ASSIGNED_CONTEXT((#19008,#19010,#19011))
REPRESENTATION_CONTEXT('','3D')
);
#18999=(
GEOMETRIC_REPRESENTATION_CONTEXT(3)
GLOBAL_UNCERTAINTY_ASSIGNED_CONTEXT((#18958))
GLOBAL_UNIT_ASSIGNED_CONTEXT((#19008,#19010,#19011))
REPRESENTATION_CONTEXT('','3D')
);
#19000=(
GEOMETRIC_REPRESENTATION_CONTEXT(3)
GLOBAL_UNCERTAINTY_ASSIGNED_CONTEXT((#18959))
GLOBAL_UNIT_ASSIGNED_CONTEXT((#19008,#19010,#19011))
REPRESENTATION_CONTEXT('','3D')
);
#19001=(
GEOMETRIC_REPRESENTATION_CONTEXT(3)
GLOBAL_UNCERTAINTY_ASSIGNED_CONTEXT((#18960))
GLOBAL_UNIT_ASSIGNED_CONTEXT((#19008,#19010,#19011))
REPRESENTATION_CONTEXT('','3D')
);
#19002=(
GEOMETRIC_REPRESENTATION_CONTEXT(3)
GLOBAL_UNCERTAINTY_ASSIGNED_CONTEXT((#18961))
GLOBAL_UNIT_ASSIGNED_CONTEXT((#19008,#19010,#19011))
REPRESENTATION_CONTEXT('','3D')
);
#19003=(
GEOMETRIC_REPRESENTATION_CONTEXT(3)
GLOBAL_UNCERTAINTY_ASSIGNED_CONTEXT((#18962))
GLOBAL_UNIT_ASSIGNED_CONTEXT((#19008,#19010,#19011))
REPRESENTATION_CONTEXT('','3D')
);
#19004=(
GEOMETRIC_REPRESENTATION_CONTEXT(3)
GLOBAL_UNCERTAINTY_ASSIGNED_CONTEXT((#18963))
GLOBAL_UNIT_ASSIGNED_CONTEXT((#19008,#19010,#19011))
REPRESENTATION_CONTEXT('','3D')
);
#19005=(
GEOMETRIC_REPRESENTATION_CONTEXT(3)
GLOBAL_UNCERTAINTY_ASSIGNED_CONTEXT((#18964))
GLOBAL_UNIT_ASSIGNED_CONTEXT((#19008,#19010,#19011))
REPRESENTATION_CONTEXT('','3D')
);
#19006=(
GEOMETRIC_REPRESENTATION_CONTEXT(3)
GLOBAL_UNCERTAINTY_ASSIGNED_CONTEXT((#18965))
GLOBAL_UNIT_ASSIGNED_CONTEXT((#19008,#19010,#19011))
REPRESENTATION_CONTEXT('','3D')
);
#19007=(
GEOMETRIC_REPRESENTATION_CONTEXT(3)
GLOBAL_UNCERTAINTY_ASSIGNED_CONTEXT((#18966))
GLOBAL_UNIT_ASSIGNED_CONTEXT((#19008,#19010,#19011))
REPRESENTATION_CONTEXT('','3D')
);
#19008=(
LENGTH_UNIT()
NAMED_UNIT(*)
SI_UNIT(.MILLI.,.METRE.)
);
#19009=(
LENGTH_UNIT()
NAMED_UNIT(*)
SI_UNIT($,.METRE.)
);
#19010=(
NAMED_UNIT(*)
PLANE_ANGLE_UNIT()
SI_UNIT($,.RADIAN.)
);
#19011=(
NAMED_UNIT(*)
SI_UNIT($,.STERADIAN.)
SOLID_ANGLE_UNIT()
);
#19012=SHAPE_DEFINITION_REPRESENTATION(#19052,#19134);
#19013=SHAPE_DEFINITION_REPRESENTATION(#19053,#19135);
#19014=SHAPE_DEFINITION_REPRESENTATION(#19054,#19136);
#19015=SHAPE_DEFINITION_REPRESENTATION(#19055,#19137);
#19016=SHAPE_DEFINITION_REPRESENTATION(#19056,#19138);
#19017=SHAPE_DEFINITION_REPRESENTATION(#19057,#19139);
#19018=SHAPE_DEFINITION_REPRESENTATION(#19058,#19140);
#19019=SHAPE_DEFINITION_REPRESENTATION(#19059,#19141);
#19020=SHAPE_DEFINITION_REPRESENTATION(#19060,#19142);
#19021=SHAPE_DEFINITION_REPRESENTATION(#19061,#19143);
#19022=SHAPE_DEFINITION_REPRESENTATION(#19062,#19144);
#19023=SHAPE_DEFINITION_REPRESENTATION(#19063,#19145);
#19024=SHAPE_DEFINITION_REPRESENTATION(#19064,#19146);
#19025=SHAPE_DEFINITION_REPRESENTATION(#19065,#19147);
#19026=SHAPE_DEFINITION_REPRESENTATION(#19066,#19148);
#19027=SHAPE_DEFINITION_REPRESENTATION(#19067,#19149);
#19028=SHAPE_DEFINITION_REPRESENTATION(#19068,#19150);
#19029=SHAPE_DEFINITION_REPRESENTATION(#19069,#19151);
#19030=SHAPE_DEFINITION_REPRESENTATION(#19070,#19152);
#19031=SHAPE_DEFINITION_REPRESENTATION(#19071,#19153);
#19032=SHAPE_DEFINITION_REPRESENTATION(#19072,#19154);
#19033=SHAPE_DEFINITION_REPRESENTATION(#19073,#19155);
#19034=SHAPE_DEFINITION_REPRESENTATION(#19074,#19156);
#19035=SHAPE_DEFINITION_REPRESENTATION(#19075,#19157);
#19036=SHAPE_DEFINITION_REPRESENTATION(#19076,#19158);
#19037=SHAPE_DEFINITION_REPRESENTATION(#19077,#19159);
#19038=SHAPE_DEFINITION_REPRESENTATION(#19078,#19160);
#19039=SHAPE_DEFINITION_REPRESENTATION(#19079,#19161);
#19040=SHAPE_DEFINITION_REPRESENTATION(#19080,#19162);
#19041=SHAPE_DEFINITION_REPRESENTATION(#19081,#19163);
#19042=SHAPE_DEFINITION_REPRESENTATION(#19082,#19164);
#19043=SHAPE_DEFINITION_REPRESENTATION(#19083,#19165);
#19044=SHAPE_DEFINITION_REPRESENTATION(#19084,#19166);
#19045=SHAPE_DEFINITION_REPRESENTATION(#19085,#19167);
#19046=SHAPE_DEFINITION_REPRESENTATION(#19086,#19168);
#19047=SHAPE_DEFINITION_REPRESENTATION(#19088,#19169);
#19048=SHAPE_DEFINITION_REPRESENTATION(#19089,#19170);
#19049=SHAPE_DEFINITION_REPRESENTATION(#19090,#19171);
#19050=SHAPE_DEFINITION_REPRESENTATION(#19091,#19172);
#19051=SHAPE_DEFINITION_REPRESENTATION(#19092,#19173);
#19052=PRODUCT_DEFINITION_SHAPE('',$,#19175);
#19053=PRODUCT_DEFINITION_SHAPE('',$,#19176);
#19054=PRODUCT_DEFINITION_SHAPE('',$,#19177);
#19055=PRODUCT_DEFINITION_SHAPE('',$,#19178);
#19056=PRODUCT_DEFINITION_SHAPE('',$,#19179);
#19057=PRODUCT_DEFINITION_SHAPE('',$,#19180);
#19058=PRODUCT_DEFINITION_SHAPE('',$,#19181);
#19059=PRODUCT_DEFINITION_SHAPE('',$,#19182);
#19060=PRODUCT_DEFINITION_SHAPE('',$,#19183);
#19061=PRODUCT_DEFINITION_SHAPE('',$,#19184);
#19062=PRODUCT_DEFINITION_SHAPE('',$,#19185);
#19063=PRODUCT_DEFINITION_SHAPE('',$,#19186);
#19064=PRODUCT_DEFINITION_SHAPE('',$,#19187);
#19065=PRODUCT_DEFINITION_SHAPE('',$,#19188);
#19066=PRODUCT_DEFINITION_SHAPE('',$,#19189);
#19067=PRODUCT_DEFINITION_SHAPE('',$,#19190);
#19068=PRODUCT_DEFINITION_SHAPE('',$,#19191);
#19069=PRODUCT_DEFINITION_SHAPE('',$,#19192);
#19070=PRODUCT_DEFINITION_SHAPE('',$,#19193);
#19071=PRODUCT_DEFINITION_SHAPE('',$,#19194);
#19072=PRODUCT_DEFINITION_SHAPE('',$,#19195);
#19073=PRODUCT_DEFINITION_SHAPE('',$,#19196);
#19074=PRODUCT_DEFINITION_SHAPE('',$,#19197);
#19075=PRODUCT_DEFINITION_SHAPE('',$,#19198);
#19076=PRODUCT_DEFINITION_SHAPE('',$,#19199);
#19077=PRODUCT_DEFINITION_SHAPE('',$,#19200);
#19078=PRODUCT_DEFINITION_SHAPE('',$,#19201);
#19079=PRODUCT_DEFINITION_SHAPE('',$,#19202);
#19080=PRODUCT_DEFINITION_SHAPE('',$,#19203);
#19081=PRODUCT_DEFINITION_SHAPE('',$,#19204);
#19082=PRODUCT_DEFINITION_SHAPE('',$,#19205);
#19083=PRODUCT_DEFINITION_SHAPE('',$,#19206);
#19084=PRODUCT_DEFINITION_SHAPE('',$,#19207);
#19085=PRODUCT_DEFINITION_SHAPE('',$,#19208);
#19086=PRODUCT_DEFINITION_SHAPE('',$,#19209);
#19087=PRODUCT_DEFINITION_SHAPE($,$,#137);
#19088=PRODUCT_DEFINITION_SHAPE('',$,#19210);
#19089=PRODUCT_DEFINITION_SHAPE('',$,#19211);
#19090=PRODUCT_DEFINITION_SHAPE('',$,#19212);
#19091=PRODUCT_DEFINITION_SHAPE('',$,#19213);
#19092=PRODUCT_DEFINITION_SHAPE('',$,#19214);
#19093=PRODUCT_DEFINITION_SHAPE($,$,#138);
#19094=PRODUCT_DEFINITION_SHAPE($,$,#139);
#19095=PRODUCT_DEFINITION_SHAPE($,$,#140);
#19096=PRODUCT_DEFINITION_SHAPE($,$,#141);
#19097=PRODUCT_DEFINITION_SHAPE($,$,#142);
#19098=PRODUCT_DEFINITION_SHAPE($,$,#143);
#19099=PRODUCT_DEFINITION_SHAPE($,$,#144);
#19100=PRODUCT_DEFINITION_SHAPE($,$,#145);
#19101=PRODUCT_DEFINITION_SHAPE($,$,#146);
#19102=PRODUCT_DEFINITION_SHAPE($,$,#147);
#19103=PRODUCT_DEFINITION_SHAPE($,$,#148);
#19104=PRODUCT_DEFINITION_SHAPE($,$,#149);
#19105=PRODUCT_DEFINITION_SHAPE($,$,#150);
#19106=PRODUCT_DEFINITION_SHAPE($,$,#151);
#19107=PRODUCT_DEFINITION_SHAPE($,$,#152);
#19108=PRODUCT_DEFINITION_SHAPE($,$,#153);
#19109=PRODUCT_DEFINITION_SHAPE($,$,#154);
#19110=PRODUCT_DEFINITION_SHAPE($,$,#155);
#19111=PRODUCT_DEFINITION_SHAPE($,$,#156);
#19112=PRODUCT_DEFINITION_SHAPE($,$,#157);
#19113=PRODUCT_DEFINITION_SHAPE($,$,#158);
#19114=PRODUCT_DEFINITION_SHAPE($,$,#159);
#19115=PRODUCT_DEFINITION_SHAPE($,$,#160);
#19116=PRODUCT_DEFINITION_SHAPE($,$,#161);
#19117=PRODUCT_DEFINITION_SHAPE($,$,#162);
#19118=PRODUCT_DEFINITION_SHAPE($,$,#163);
#19119=PRODUCT_DEFINITION_SHAPE($,$,#164);
#19120=PRODUCT_DEFINITION_SHAPE($,$,#165);
#19121=PRODUCT_DEFINITION_SHAPE($,$,#166);
#19122=PRODUCT_DEFINITION_SHAPE($,$,#167);
#19123=PRODUCT_DEFINITION_SHAPE($,$,#168);
#19124=PRODUCT_DEFINITION_SHAPE($,$,#169);
#19125=PRODUCT_DEFINITION_SHAPE($,$,#170);
#19126=PRODUCT_DEFINITION_SHAPE($,$,#171);
#19127=PRODUCT_DEFINITION_SHAPE($,$,#172);
#19128=PRODUCT_DEFINITION_SHAPE($,$,#173);
#19129=PRODUCT_DEFINITION_SHAPE($,$,#174);
#19130=PRODUCT_DEFINITION_SHAPE($,$,#175);
#19131=PRODUCT_DEFINITION_SHAPE($,$,#176);
#19132=PRODUCT_DEFINITION_SHAPE($,$,#177);
#19133=PRODUCT_DEFINITION_SHAPE($,$,#178);
#19134=SHAPE_REPRESENTATION('',(#11658,#12538,#12539,#12540,#12541,#12542,
#12543,#12544,#12545,#12546,#12547,#12548,#12549,#12550,#12551,#12552,#12553,
#12554,#12555,#12556,#12557,#12558,#12559,#12560,#12561,#12562,#12563,#12564,
#12565,#12566,#12567,#12568,#12569,#12570,#12571,#12572,#12573,#12574,#12575,
#12576,#12577,#12578),#18967);
#19135=SHAPE_REPRESENTATION('',(#11659),#18968);
#19136=SHAPE_REPRESENTATION('',(#11670),#18969);
#19137=SHAPE_REPRESENTATION('',(#11681),#18970);
#19138=SHAPE_REPRESENTATION('',(#11698),#18971);
#19139=SHAPE_REPRESENTATION('',(#11732),#18972);
#19140=SHAPE_REPRESENTATION('',(#11743),#18973);
#19141=SHAPE_REPRESENTATION('',(#11760),#18974);
#19142=SHAPE_REPRESENTATION('',(#11773),#18975);
#19143=SHAPE_REPRESENTATION('',(#11807),#18976);
#19144=SHAPE_REPRESENTATION('',(#11820),#18977);
#19145=SHAPE_REPRESENTATION('',(#11842),#18978);
#19146=SHAPE_REPRESENTATION('',(#11865),#18979);
#19147=SHAPE_REPRESENTATION('',(#11888),#18980);
#19148=SHAPE_REPRESENTATION('',(#11910),#18981);
#19149=SHAPE_REPRESENTATION('',(#11931),#18982);
#19150=SHAPE_REPRESENTATION('',(#11942),#18983);
#19151=SHAPE_REPRESENTATION('',(#11953),#18984);
#19152=SHAPE_REPRESENTATION('',(#11964),#18985);
#19153=SHAPE_REPRESENTATION('',(#11974),#18986);
#19154=SHAPE_REPRESENTATION('',(#11984),#18987);
#19155=SHAPE_REPRESENTATION('',(#11985),#18988);
#19156=SHAPE_REPRESENTATION('',(#11986),#18989);
#19157=SHAPE_REPRESENTATION('',(#12191),#18990);
#19158=SHAPE_REPRESENTATION('',(#12202),#18991);
#19159=SHAPE_REPRESENTATION('',(#12213),#18992);
#19160=SHAPE_REPRESENTATION('',(#12224),#18993);
#19161=SHAPE_REPRESENTATION('',(#12235),#18994);
#19162=SHAPE_REPRESENTATION('',(#12286),#18995);
#19163=SHAPE_REPRESENTATION('',(#12313),#18996);
#19164=SHAPE_REPRESENTATION('',(#12323),#18997);
#19165=SHAPE_REPRESENTATION('',(#12334),#18998);
#19166=SHAPE_REPRESENTATION('',(#12345),#18999);
#19167=SHAPE_REPRESENTATION('',(#12356,#12382),#19000);
#19168=SHAPE_REPRESENTATION('',(#12357),#19001);
#19169=SHAPE_REPRESENTATION('',(#12383),#19002);
#19170=SHAPE_REPRESENTATION('',(#12439),#19003);
#19171=SHAPE_REPRESENTATION('',(#12458),#19004);
#19172=SHAPE_REPRESENTATION('',(#12480),#19005);
#19173=SHAPE_REPRESENTATION('',(#12531),#19006);
#19174=PRODUCT_DEFINITION_CONTEXT('part definition',#19296,'design');
#19175=PRODUCT_DEFINITION('2026-03-22-14-36-06-650','Chassis',#19215,#19174);
#19176=PRODUCT_DEFINITION('2026-03-22-14-46-52-144','Right Span Bar',#19216,
#19174);
#19177=PRODUCT_DEFINITION('2026-03-22-14-47-10-594','Left Span Bar',#19217,
#19174);
#19178=PRODUCT_DEFINITION('2026-03-22-14-51-52-424','Left Brace',#19218,
#19174);
#19179=PRODUCT_DEFINITION('2026-03-22-14-56-32-336','Right Spindle (1)',
#19219,#19174);
#19180=PRODUCT_DEFINITION('2026-03-22-14-39-43-044','Front Bar',#19220,
#19174);
#19181=PRODUCT_DEFINITION('2026-03-22-14-51-52-424_1','Right Brace',#19221,
#19174);
#19182=PRODUCT_DEFINITION('2026-03-22-17-36-14-799','Right Screw (1)',#19222,
#19174);
#19183=PRODUCT_DEFINITION('2026-03-22-14-56-32-336_1','Left Spindle',#19223,
#19174);
#19184=PRODUCT_DEFINITION('2026-03-22-17-36-14-799_1','Left Screw',#19224,
#19174);
#19185=PRODUCT_DEFINITION('2026-03-22-23-06-43-668','Left Tie Rod',#19225,
#19174);
#19186=PRODUCT_DEFINITION('2026-03-22-23-03-01-377',
'Left Tie Rod Begin',#19226,#19174);
#19187=PRODUCT_DEFINITION('2026-03-22-23-03-01-377_1',
'Right Tie Rod Begin',#19227,#19174);
#19188=PRODUCT_DEFINITION('2026-03-22-23-06-43-668_1','Right Tie Rod',#19228,
#19174);
#19189=PRODUCT_DEFINITION('2026-03-23-23-23-42-278','Steering Rod',#19229,
#19174);
#19190=PRODUCT_DEFINITION('2026-03-23-23-41-43-647','Component19',#19230,
#19174);
#19191=PRODUCT_DEFINITION('2026-03-24-19-19-06-351','Component22',#19231,
#19174);
#19192=PRODUCT_DEFINITION('2026-03-24-23-04-43-644','Component26',#19232,
#19174);
#19193=PRODUCT_DEFINITION('2026-03-24-23-09-05-354','Component27',#19233,
#19174);
#19194=PRODUCT_DEFINITION('2026-03-24-23-09-05-354_1',
'Component27(Mirror)',#19234,#19174);
#19195=PRODUCT_DEFINITION('2026-03-25-22-18-10-112','Component32',#19235,
#19174);
#19196=PRODUCT_DEFINITION('2026-03-25-22-18-10-112_1',
'Component32(Mirror)',#19236,#19174);
#19197=PRODUCT_DEFINITION('2026-03-25-20-35-57-960','Component31',#19237,
#19174);
#19198=PRODUCT_DEFINITION('2026-03-26-18-46-11-298','Component35',#19238,
#19174);
#19199=PRODUCT_DEFINITION('2026-03-27-22-29-39-474','Component37',#19239,
#19174);
#19200=PRODUCT_DEFINITION('2026-03-27-22-41-34-584','Component38',#19240,
#19174);
#19201=PRODUCT_DEFINITION('2026-03-27-22-29-39-474_1',
'Component37(Mirror)',#19241,#19174);
#19202=PRODUCT_DEFINITION('2026-03-28-13-33-57-292',
'Left torque flat mount brake v2',#19242,#19174);
#19203=PRODUCT_DEFINITION('2026-03-28-13-33-57-292_1',
'Right torque flat mount v2',#19243,#19174);
#19204=PRODUCT_DEFINITION('2026-03-30-22-05-13-281','Component40',#19244,
#19174);
#19205=PRODUCT_DEFINITION('2026-03-31-18-37-43-779','Component42',#19245,
#19174);
#19206=PRODUCT_DEFINITION('2026-03-31-18-45-40-499','Component43',#19246,
#19174);
#19207=PRODUCT_DEFINITION('2026-03-26-18-46-11-298_1',
'Component35(Mirror) (1)',#19247,#19174);
#19208=PRODUCT_DEFINITION('2026-04-26-12-49-23-876','dashboard',#19248,
#19174);
#19209=PRODUCT_DEFINITION('2026-04-26-13-01-33-773','Component1',#19249,
#19174);
#19210=PRODUCT_DEFINITION('2026-04-26-13-14-07-412','brake holder',#19250,
#19174);
#19211=PRODUCT_DEFINITION('2026-04-26-18-59-03-149',
'Lower Battery Holder',#19251,#19174);
#19212=PRODUCT_DEFINITION('2026-04-26-19-53-48-453',
'Middle Battery Holder',#19252,#19174);
#19213=PRODUCT_DEFINITION('2026-04-26-13-14-07-412_1','Controller Case',
#19253,#19174);
#19214=PRODUCT_DEFINITION('2026-04-27-22-03-24-919','battery model',#19254,
#19174);
#19215=PRODUCT_DEFINITION_FORMATION('',$,#19298);
#19216=PRODUCT_DEFINITION_FORMATION('',$,#19299);
#19217=PRODUCT_DEFINITION_FORMATION('',$,#19300);
#19218=PRODUCT_DEFINITION_FORMATION('',$,#19301);
#19219=PRODUCT_DEFINITION_FORMATION('',$,#19302);
#19220=PRODUCT_DEFINITION_FORMATION('',$,#19303);
#19221=PRODUCT_DEFINITION_FORMATION('',$,#19304);
#19222=PRODUCT_DEFINITION_FORMATION('',$,#19305);
#19223=PRODUCT_DEFINITION_FORMATION('',$,#19306);
#19224=PRODUCT_DEFINITION_FORMATION('',$,#19307);
#19225=PRODUCT_DEFINITION_FORMATION('',$,#19308);
#19226=PRODUCT_DEFINITION_FORMATION('',$,#19309);
#19227=PRODUCT_DEFINITION_FORMATION('',$,#19310);
#19228=PRODUCT_DEFINITION_FORMATION('',$,#19311);
#19229=PRODUCT_DEFINITION_FORMATION('',$,#19312);
#19230=PRODUCT_DEFINITION_FORMATION('',$,#19313);
#19231=PRODUCT_DEFINITION_FORMATION('',$,#19314);
#19232=PRODUCT_DEFINITION_FORMATION('',$,#19315);
#19233=PRODUCT_DEFINITION_FORMATION('',$,#19316);
#19234=PRODUCT_DEFINITION_FORMATION('',$,#19317);
#19235=PRODUCT_DEFINITION_FORMATION('',$,#19318);
#19236=PRODUCT_DEFINITION_FORMATION('',$,#19319);
#19237=PRODUCT_DEFINITION_FORMATION('',$,#19320);
#19238=PRODUCT_DEFINITION_FORMATION('',$,#19321);
#19239=PRODUCT_DEFINITION_FORMATION('',$,#19322);
#19240=PRODUCT_DEFINITION_FORMATION('',$,#19323);
#19241=PRODUCT_DEFINITION_FORMATION('',$,#19324);
#19242=PRODUCT_DEFINITION_FORMATION('',$,#19325);
#19243=PRODUCT_DEFINITION_FORMATION('',$,#19326);
#19244=PRODUCT_DEFINITION_FORMATION('',$,#19327);
#19245=PRODUCT_DEFINITION_FORMATION('',$,#19328);
#19246=PRODUCT_DEFINITION_FORMATION('',$,#19329);
#19247=PRODUCT_DEFINITION_FORMATION('',$,#19330);
#19248=PRODUCT_DEFINITION_FORMATION('',$,#19331);
#19249=PRODUCT_DEFINITION_FORMATION('',$,#19332);
#19250=PRODUCT_DEFINITION_FORMATION('',$,#19333);
#19251=PRODUCT_DEFINITION_FORMATION('',$,#19334);
#19252=PRODUCT_DEFINITION_FORMATION('',$,#19335);
#19253=PRODUCT_DEFINITION_FORMATION('',$,#19336);
#19254=PRODUCT_DEFINITION_FORMATION('',$,#19337);
#19255=PRODUCT_RELATED_PRODUCT_CATEGORY('Chassis','Chassis',(#19298));
#19256=PRODUCT_RELATED_PRODUCT_CATEGORY('Right Span Bar',
'Right Span Bar',(#19299));
#19257=PRODUCT_RELATED_PRODUCT_CATEGORY('Left Span Bar','Left Span Bar',
(#19300));
#19258=PRODUCT_RELATED_PRODUCT_CATEGORY('Left Brace','Left Brace',(#19301));
#19259=PRODUCT_RELATED_PRODUCT_CATEGORY('Right Spindle (1)',
'Right Spindle (1)',(#19302));
#19260=PRODUCT_RELATED_PRODUCT_CATEGORY('Front Bar','Front Bar',(#19303));
#19261=PRODUCT_RELATED_PRODUCT_CATEGORY('Right Brace','Right Brace',(#19304));
#19262=PRODUCT_RELATED_PRODUCT_CATEGORY('Right Screw (1)',
'Right Screw (1)',(#19305));
#19263=PRODUCT_RELATED_PRODUCT_CATEGORY('Left Spindle','Left Spindle',(#19306));
#19264=PRODUCT_RELATED_PRODUCT_CATEGORY('Left Screw','Left Screw',(#19307));
#19265=PRODUCT_RELATED_PRODUCT_CATEGORY('Left Tie Rod','Left Tie Rod',(#19308));
#19266=PRODUCT_RELATED_PRODUCT_CATEGORY('Left Tie Rod Begin',
'Left Tie Rod Begin',(#19309));
#19267=PRODUCT_RELATED_PRODUCT_CATEGORY('Right Tie Rod Begin',
'Right Tie Rod Begin',(#19310));
#19268=PRODUCT_RELATED_PRODUCT_CATEGORY('Right Tie Rod','Right Tie Rod',
(#19311));
#19269=PRODUCT_RELATED_PRODUCT_CATEGORY('Steering Rod','Steering Rod',(#19312));
#19270=PRODUCT_RELATED_PRODUCT_CATEGORY('Component19','Component19',(#19313));
#19271=PRODUCT_RELATED_PRODUCT_CATEGORY('Component22','Component22',(#19314));
#19272=PRODUCT_RELATED_PRODUCT_CATEGORY('Component26','Component26',(#19315));
#19273=PRODUCT_RELATED_PRODUCT_CATEGORY('Component27','Component27',(#19316));
#19274=PRODUCT_RELATED_PRODUCT_CATEGORY('Component27(Mirror)',
'Component27(Mirror)',(#19317));
#19275=PRODUCT_RELATED_PRODUCT_CATEGORY('Component32','Component32',(#19318));
#19276=PRODUCT_RELATED_PRODUCT_CATEGORY('Component32(Mirror)',
'Component32(Mirror)',(#19319));
#19277=PRODUCT_RELATED_PRODUCT_CATEGORY('Component31','Component31',(#19320));
#19278=PRODUCT_RELATED_PRODUCT_CATEGORY('Component35','Component35',(#19321));
#19279=PRODUCT_RELATED_PRODUCT_CATEGORY('Component37','Component37',(#19322));
#19280=PRODUCT_RELATED_PRODUCT_CATEGORY('Component38','Component38',(#19323));
#19281=PRODUCT_RELATED_PRODUCT_CATEGORY('Component37(Mirror)',
'Component37(Mirror)',(#19324));
#19282=PRODUCT_RELATED_PRODUCT_CATEGORY(
'Left torque flat mount brake v2','Left torque flat mount brake v2',(#19325));
#19283=PRODUCT_RELATED_PRODUCT_CATEGORY('Right torque flat mount v2',
'Right torque flat mount v2',(#19326));
#19284=PRODUCT_RELATED_PRODUCT_CATEGORY('Component40','Component40',(#19327));
#19285=PRODUCT_RELATED_PRODUCT_CATEGORY('Component42','Component42',(#19328));
#19286=PRODUCT_RELATED_PRODUCT_CATEGORY('Component43','Component43',(#19329));
#19287=PRODUCT_RELATED_PRODUCT_CATEGORY('Component35(Mirror) (1)',
'Component35(Mirror) (1)',(#19330));
#19288=PRODUCT_RELATED_PRODUCT_CATEGORY('dashboard','dashboard',(#19331));
#19289=PRODUCT_RELATED_PRODUCT_CATEGORY('Component1','Component1',(#19332));
#19290=PRODUCT_RELATED_PRODUCT_CATEGORY('brake holder','brake holder',(#19333));
#19291=PRODUCT_RELATED_PRODUCT_CATEGORY('Lower Battery Holder',
'Lower Battery Holder',(#19334));
#19292=PRODUCT_RELATED_PRODUCT_CATEGORY('Middle Battery Holder',
'Middle Battery Holder',(#19335));
#19293=PRODUCT_RELATED_PRODUCT_CATEGORY('Controller Case',
'Controller Case',(#19336));
#19294=PRODUCT_RELATED_PRODUCT_CATEGORY('battery model','battery model',
(#19337));
#19295=APPLICATION_PROTOCOL_DEFINITION('international standard',
'automotive_design',2009,#19296);
#19296=APPLICATION_CONTEXT(
'Core Data for Automotive Mechanical Design Process');
#19297=PRODUCT_CONTEXT('part definition',#19296,'mechanical');
#19298=PRODUCT('2026-03-22-14-36-06-650','Chassis',$,(#19297));
#19299=PRODUCT('2026-03-22-14-46-52-144','Right Span Bar',$,(#19297));
#19300=PRODUCT('2026-03-22-14-47-10-594','Left Span Bar',$,(#19297));
#19301=PRODUCT('2026-03-22-14-51-52-424','Left Brace',$,(#19297));
#19302=PRODUCT('2026-03-22-14-56-32-336','Right Spindle (1)',$,(#19297));
#19303=PRODUCT('2026-03-22-14-39-43-044','Front Bar',$,(#19297));
#19304=PRODUCT('2026-03-22-14-51-52-424_1','Right Brace',$,(#19297));
#19305=PRODUCT('2026-03-22-17-36-14-799','Right Screw (1)',$,(#19297));
#19306=PRODUCT('2026-03-22-14-56-32-336_1','Left Spindle',$,(#19297));
#19307=PRODUCT('2026-03-22-17-36-14-799_1','Left Screw',$,(#19297));
#19308=PRODUCT('2026-03-22-23-06-43-668','Left Tie Rod',$,(#19297));
#19309=PRODUCT('2026-03-22-23-03-01-377','Left Tie Rod Begin',$,(#19297));
#19310=PRODUCT('2026-03-22-23-03-01-377_1','Right Tie Rod Begin',$,(#19297));
#19311=PRODUCT('2026-03-22-23-06-43-668_1','Right Tie Rod',$,(#19297));
#19312=PRODUCT('2026-03-23-23-23-42-278','Steering Rod',$,(#19297));
#19313=PRODUCT('2026-03-23-23-41-43-647','Component19',$,(#19297));
#19314=PRODUCT('2026-03-24-19-19-06-351','Component22',$,(#19297));
#19315=PRODUCT('2026-03-24-23-04-43-644','Component26',$,(#19297));
#19316=PRODUCT('2026-03-24-23-09-05-354','Component27',$,(#19297));
#19317=PRODUCT('2026-03-24-23-09-05-354_1','Component27(Mirror)',$,(#19297));
#19318=PRODUCT('2026-03-25-22-18-10-112','Component32',$,(#19297));
#19319=PRODUCT('2026-03-25-22-18-10-112_1','Component32(Mirror)',$,(#19297));
#19320=PRODUCT('2026-03-25-20-35-57-960','Component31',$,(#19297));
#19321=PRODUCT('2026-03-26-18-46-11-298','Component35',$,(#19297));
#19322=PRODUCT('2026-03-27-22-29-39-474','Component37',$,(#19297));
#19323=PRODUCT('2026-03-27-22-41-34-584','Component38',$,(#19297));
#19324=PRODUCT('2026-03-27-22-29-39-474_1','Component37(Mirror)',$,(#19297));
#19325=PRODUCT('2026-03-28-13-33-57-292',
'Left torque flat mount brake v2',$,(#19297));
#19326=PRODUCT('2026-03-28-13-33-57-292_1','Right torque flat mount v2',
$,(#19297));
#19327=PRODUCT('2026-03-30-22-05-13-281','Component40',$,(#19297));
#19328=PRODUCT('2026-03-31-18-37-43-779','Component42',$,(#19297));
#19329=PRODUCT('2026-03-31-18-45-40-499','Component43',$,(#19297));
#19330=PRODUCT('2026-03-26-18-46-11-298_1','Component35(Mirror) (1)',$,
(#19297));
#19331=PRODUCT('2026-04-26-12-49-23-876','dashboard',$,(#19297));
#19332=PRODUCT('2026-04-26-13-01-33-773','Component1',$,(#19297));
#19333=PRODUCT('2026-04-26-13-14-07-412','brake holder',$,(#19297));
#19334=PRODUCT('2026-04-26-18-59-03-149','Lower Battery Holder',$,(#19297));
#19335=PRODUCT('2026-04-26-19-53-48-453','Middle Battery Holder',$,(#19297));
#19336=PRODUCT('2026-04-26-13-14-07-412_1','Controller Case',$,(#19297));
#19337=PRODUCT('2026-04-27-22-03-24-919','battery model',$,(#19297));
#19338=PRESENTATION_STYLE_ASSIGNMENT((#19339));
#19339=SURFACE_STYLE_USAGE(.BOTH.,#19340);
#19340=SURFACE_SIDE_STYLE('',(#19341));
#19341=SURFACE_STYLE_FILL_AREA(#19342);
#19342=FILL_AREA_STYLE('Steel - Satin',(#19343));
#19343=FILL_AREA_STYLE_COLOUR('Steel - Satin',#19344);
#19344=COLOUR_RGB('Steel - Satin',0.627450980392157,0.627450980392157,0.627450980392157);
ENDSEC;
END-ISO-10303-21;
